job_title,city,salary_text,salary_min,salary_max,education,experience_text,exp_min,exp_max,company,industry,company_size,funding_stage,employment_type,skills,keyword,city_raw,source,scrape_date
AI工程师,杭州,14-18k,14000.0,18000.0,硕士,经验不限,0,20,台泥(杭州)环保科技有限公司,环保,100-499人,,,,AI工程师,,liepin,2026-07-22
全栈AI开发工程师(A211812),乌鲁木齐,12-20k,12000.0,20000.0,硕士,5-10年,5,10,昆仑数智,计算机软件,2000-5000人,,,,AI工程师,,liepin,2026-07-22
AI算法工程师(J15180),上海,20-30k,20000.0,30000.0,本科,5-10年,5,10,上汽大通汽车有限公司,整车制造,10000人以上,,,,AI工程师,,liepin,2026-07-22
应用人工智能工程师（Applied AI Engineer）,上海,40-70k,40000.0,70000.0,本科,经验不限,0,20,某知名公司,IT服务,100-499人,,,,AI工程师,,liepin,2026-07-22
Generative AI Engineer / 生成式AI工程师,上海,30-60k,30000.0,60000.0,本科,5-10年,5,10,某国内制药上市公司,生物技术,10000人以上,已上市,,,AI工程师,,liepin,2026-07-22
家居硬件 + AI工程师（Home Hardware + AI Engineer）,上海,28-35k·13薪,28000.0,35000.0,本科,3-5年,3,5,某深圳互联网公司,互联网,100-499人,,,,AI工程师,,liepin,2026-07-22
应用人工智能工程师（Applied AI Engineer）,上海,40-70k,40000.0,70000.0,硕士,2年以上,2,99,前玮科技(上海)有限公司,IT服务,100-499人,,,,AI工程师,,liepin,2026-07-22
资深 AI 工程师（Senior AI Engineer）,上海,60-80k,60000.0,80000.0,本科,10年以上,10,99,某专业技术服务公司,专业技术服务,100-499人,融资未公开,,,AI工程师,,liepin,2026-07-22
AI工程师 / Founding AI Engineer｜香港对冲基金｜可提供工作签证,香港,200-250k,200000.0,250000.0,不限,10年以上,10,99,某基金/证券/期货公司,基金/证券/期货,1-49人,,,,AI工程师,,liepin,2026-07-22
AI高级开发工程师,青岛,16-25k·14薪,16000.0,25000.0,硕士,2年以上,2,99,清原农冠,农/林/牧/渔,2000-5000人,,,,AI工程师,,liepin,2026-07-22
全栈 Forward Deployed AI Engineer 前置部署AI工程师,北京,35-55k·14薪,35000.0,55000.0,本科,5-10年,5,10,某北京科技推广服务公司,科技推广服务,50-99人,A轮,,,AI工程师,,liepin,2026-07-22
AI Software Engineer AI软件工程师 ID212826,北京,25-40k,25000.0,40000.0,本科,5-10年,5,10,梅赛德斯-奔驰,整车制造,10000人以上,,,,AI工程师,,liepin,2026-07-22
AI 软件工程师 Software Engineer AI,上海,20-40k·13薪,20000.0,40000.0,本科,3-5年,3,5,莱茵技术,检测/认证,2000-5000人,,,,AI工程师,,liepin,2026-07-22
AI应用工程师/Applied AI Engineer,上海,25-50k,25000.0,50000.0,本科,5年以上,5,99,某知名公司,IT服务,100-499人,,,,AI工程师,,liepin,2026-07-22
高级数字IC设计工程师（AI芯片）(J10512),深圳,35-65k·15薪,35000.0,65000.0,硕士,5-10年,5,10,清微智能,电子/半导体/集成电路,500-999人,C轮,,,AI工程师,,liepin,2026-07-22
应用AI人工智能工程师,北京,100-150k,100000.0,150000.0,本科,5-10年,5,10,某北京咨询服务公司,人力资源服务,100-499人,,,,AI工程师,,liepin,2026-07-22
资深 AI 应用工程师 Staff AI Engineer,深圳,30-60k,30000.0,60000.0,本科,5-10年,5,10,Clare.AI Limited,计算机软件,100-499人,,,,AI工程师,,liepin,2026-07-22
AI 算法高级工程师 Senior AI Engineer  -- （AI 多智能体开发),杭州,25-35k,25000.0,35000.0,硕士,3年以上,3,99,杭州万悉科技有限公司,人工智能,1-49人,,,,AI工程师,,liepin,2026-07-22
AI芯片编译器开发工程师(J10600),深圳,35-65k·15薪,35000.0,65000.0,本科,3年以上,3,99,清微智能,电子/半导体/集成电路,500-999人,C轮,,,AI工程师,,liepin,2026-07-22
AI全栈开发工程师,上海,50-80k,50000.0,80000.0,本科,5-8年,5,8,上海科技大学,培训服务,吴女士·招聘负责人,,,,AI工程师,,liepin,2026-07-22
AI应用工程师/Applied AI Engineer,北京,20-40k,20000.0,40000.0,本科,3年以上,3,99,某知名公司,IT服务,100-499人,,,,AI工程师,,liepin,2026-07-22
AI人工智能工程师,青岛,30-50k,30000.0,50000.0,本科,3年以上,3,99,青岛华晟,电气机械/器材,张女士·人事行政主管,,,,AI工程师,,liepin,2026-07-22
ai人工智能工程师,台州,10-15k,10000.0,15000.0,本科,3-5年,3,5,浙江德斯泰新材料股份有限公司,金属制品,500-999人,B轮,,,AI工程师,,liepin,2026-07-22
AI应用开发工程师（Applied AI Engineer）,上海,25-50k,25000.0,50000.0,本科,经验不限,0,20,某上海IT服务公司,IT服务,100-499人,,,,AI工程师,,liepin,2026-07-22
AI人工智能工程师,天津,15-25k,15000.0,25000.0,大专,2年以上,2,99,南油服务,石化,10000人以上,,,,AI工程师,,liepin,2026-07-22
AI人工智能工程师（初级）,深圳,薪资面议,,,本科,2年以下,,,深圳指数科技,人工智能,50-99人,A轮,,,AI工程师,,liepin,2026-07-22
Ai人工智能工程师,海口,12-18k,12000.0,18000.0,本科,1-3年,1,3,聪动力集团,人工智能,500-999人,不需要融资,,,AI工程师,,liepin,2026-07-22
AI人工智能工程师,深圳,10-20k·13薪,10000.0,20000.0,本科,1-3年,1,3,奥流(深圳)科技有限公司,计算机软件,1-49人,,,,AI工程师,,liepin,2026-07-22
人工智能AI工程师,长沙,10-20k,10000.0,20000.0,本科,1-3年,1,3,长沙迪普智能科技有限公司,计算机软件,廖女士·人事,,,,AI工程师,,liepin,2026-07-22
AI人工智能工程师,成都,薪资面议,,,本科,1-3年,1,3,北京大学成都前沿交叉生物技术研究院,生物技术,100-499人,,,,AI工程师,,liepin,2026-07-22
AI人工智能工程师,长沙,10-15k·13薪,10000.0,15000.0,本科,1-3年,1,3,奥流(深圳)科技有限公司,计算机软件,1-49人,,,,AI工程师,,liepin,2026-07-22
机器人AI人工智能工程师,福州,10-20k,10000.0,20000.0,本科,经验不限,0,20,福建中科睿泰机器人有限公司,互联网,1-49人,战略融资,,,AI工程师,,liepin,2026-07-22
高级AI Agent算法工程师 Senior AI Engineer (AI 多智能体开发｜有机会享有150万房补),杭州,25-40k,25000.0,40000.0,硕士,3年以上,3,99,杭州万悉科技有限公司,人工智能,1-49人,,,,AI工程师,,liepin,2026-07-22
高级AI Agent算法工程师 Senior AI Engineer (AI 多智能体开发),杭州,25-55k,25000.0,55000.0,硕士,3年以上,3,99,杭州万悉科技有限公司,人工智能,1-49人,,,,AI工程师,,liepin,2026-07-22
AI Platform Engineer AI平台工程师 ID212827,北京,25-40k,25000.0,40000.0,本科,5-10年,5,10,梅赛德斯-奔驰,整车制造,10000人以上,,,,AI工程师,,liepin,2026-07-22
AI应用工程师/AI Application Engineer (MJ000461),上海,薪资面议,,,本科,3-5年,3,5,加特兰微电子科技,电子/半导体/集成电路,陆女士·人事专员,,,,AI工程师,,liepin,2026-07-22
AI工具工程师（AI Tooling Engineer）,上海,25-35k·13薪,25000.0,35000.0,本科,3-5年,3,5,新播思技术(北京)有限公司,通信设备,50-99人,,,,AI工程师,,liepin,2026-07-22
AI 研究工程师（AI Research Engineer）,北京,30-60k·13薪,30000.0,60000.0,硕士,1-3年,1,3,拓德(武汉)软件有限公司,计算机软件,5000-10000人,,,搜索,AI工程师,,liepin,2026-07-22
AI人工智能算法工程师,上海,24-50k·15薪,24000.0,50000.0,本科,2年以上,2,99,玄宇医疗,医疗器械,100-499人,A轮,,,AI工程师,,liepin,2026-07-22
AI-TCAD工程师 I AI-TCAD Engineer(J17442),合肥,15-40k·15薪,15000.0,40000.0,硕士,1-3年,1,3,长鑫存储技术有限公司,电子/半导体/集成电路,2000-5000人,,,,AI工程师,,liepin,2026-07-22
芯片AI算法工程师-Chip AI Algorithm Engineer(J19467),北京,35-65k·14薪,35000.0,65000.0,硕士,3-5年,3,5,长鑫存储技术有限公司,电子/半导体/集成电路,2000-5000人,,,,AI工程师,,liepin,2026-07-22
芯片AI算法工程师-Chip AI Algorithm Engineer(J19467),上海,35-65k·14薪,35000.0,65000.0,硕士,3-5年,3,5,长鑫存储技术有限公司,电子/半导体/集成电路,2000-5000人,,,,AI工程师,,liepin,2026-07-22
芯片AI算法工程师-Chip AI Algorithm Engineer(J19467),合肥,35-65k·14薪,35000.0,65000.0,硕士,3-5年,3,5,长鑫存储技术有限公司,电子/半导体/集成电路,2000-5000人,,,,AI工程师,,liepin,2026-07-22
AI Infrastructure Engineer (AI架构工程师）,香港,薪资面议,,,本科,3-5年,3,5,中国移动国际有限公司,通信设备,1000-2000人,,,,AI工程师,,liepin,2026-07-22
AI数据工程师 (AI Data Engineer),上海,20-40k,20000.0,40000.0,本科,经验不限,0,20,映恩生物科技(上海)有限公司,制药,孙女士·人力资源总监,,,,AI工程师,,liepin,2026-07-22
AI算法工程师（质量）|AI AIgorithm Engineer(J18486),合肥,25-35k,25000.0,35000.0,硕士,5年以上,5,99,长鑫存储技术有限公司,电子/半导体/集成电路,2000-5000人,,,,AI工程师,,liepin,2026-07-22
AI Infrastructure Engineer | AI基础设施工程师,香港,50-70k·14薪,50000.0,70000.0,博士,1年以上,1,99,某国内知名公司,新能源,10000人以上,已上市,,,AI工程师,,liepin,2026-07-22
AI Edge Engineer – Building Intelligence Lab AI边缘工程师 – 建筑智能实验室,上海,12-20k,12000.0,20000.0,本科,3-5年,3,5,特思智能楼宇科技(上海)有限公司,电子/半导体/集成电路,50-99人,,,,AI工程师,,liepin,2026-07-22
AI应用开发工程师（AI Application Engineer）(XJ000376),佛山,12-20k,12000.0,20000.0,本科,2-4年,2,4,汉腾生物,医药外包,100-499人,,,,AI工程师,,liepin,2026-07-22
AI人工智能算法工程师,上海,30-35k,30000.0,35000.0,硕士,3-5年,3,5,上海帕米尔信息科技有限公司,咨询服务,100-499人,,,,AI工程师,,liepin,2026-07-22
AI人工智能算法工程师,北京,25-50k,25000.0,50000.0,博士,经验不限,0,20,中国兵器工业集团有限公司,咨询服务,100-499人,,,,AI工程师,,liepin,2026-07-22
AI人工智能算法工程师,上海,13-20k,13000.0,20000.0,本科,5-10年,5,10,某IT服务公司,IT服务,100-499人,融资未公开,,,AI工程师,,liepin,2026-07-22
AI人工智能算法工程师,上海,20-40k·15薪,20000.0,40000.0,硕士,经验不限,0,20,上海天启云图科技有限责任公司,电子/半导体/集成电路,赵女士·人力资源专员,,,,AI工程师,,liepin,2026-07-22
AI人工智能算法工程师,南京,薪资面议,,,硕士,3-5年,3,5,特丰药业,制药,500-999人,,,,AI工程师,,liepin,2026-07-22
银泰商业-AI应用系统工程师（AI Native Engineer）(J11236),杭州,20-40k·16薪,20000.0,40000.0,本科,2年以下,,,银泰商业集团有限公司,房地产开发经营,5000-10000人,不需要融资,,,AI工程师,,liepin,2026-07-22
AI人工智能算法工程师,北京,20-35k,20000.0,35000.0,硕士,3年以上,3,99,北京未动昆智科技有限公司,计算机软件,1-49人,,,,AI工程师,,liepin,2026-07-22
AI人工智能算法工程师,郑州,10-20k,10000.0,20000.0,硕士,3-5年,3,5,安图生物,制药,5000-10000人,,,,AI工程师,,liepin,2026-07-22
AI人工智能应用工程师,成都,25-26k·13薪,25000.0,26000.0,硕士,3年以上,3,99,越逸浩(深圳)机械设备有限公司,机械/设备,50-99人,,,,AI工程师,,liepin,2026-07-22
AI人工智能算法工程师,成都,15-19k,15000.0,19000.0,本科,10年以上,10,99,四川晟耀新能源科技有限公司,批发/零售,1-49人,,,,AI工程师,,liepin,2026-07-22
AI人工智能应用工程师,深圳,25-26k·13薪,25000.0,26000.0,硕士,3年以上,3,99,陕西蒂梦戴如网络科技有限公司,互联网,100-499人,,,,AI工程师,,liepin,2026-07-22
AI人工智能应用工程师,南京,25-26k·13薪,25000.0,26000.0,不限,经验不限,0,20,海南佳秋好居房产咨询有限公司,贸易/进出口,1-49人,,,,AI工程师,,liepin,2026-07-22
AI人工智能算法工程师,武汉,25-40k,25000.0,40000.0,硕士,1年以上,1,99,湖北泰尼格瑞体育科技有限公司,专业技术服务,1-49人,,,,AI工程师,,liepin,2026-07-22
AI人工智能应用工程师,南京,25-26k·13薪,25000.0,26000.0,硕士,3年以上,3,99,云南匝楞厅酒店管理有限公司,餐饮业,50-99人,,,,AI工程师,,liepin,2026-07-22
AI人工智能应用工程师,徐州,25-26k·13薪,25000.0,26000.0,本科,2年以上,2,99,海南伽欣睿贸易有限公司,批发/零售,50-99人,,,,AI工程师,,liepin,2026-07-22
AI人工智能应用工程师,长春,25-26k·13薪,25000.0,26000.0,硕士,3年以上,3,99,海南伽欣睿贸易有限公司,批发/零售,50-99人,,,,AI工程师,,liepin,2026-07-22
AI人工智能应用工程师,安庆,25-26k·13薪,25000.0,26000.0,不限,经验不限,0,20,厦门琴宝诺酒店管理有限公司,酒店/民宿,50-99人,,,,AI工程师,,liepin,2026-07-22
AI人工智能算法工程师,上海,35-65k,35000.0,65000.0,本科,3-5年,3,5,某知名公司,人力资源服务,,,,,AI工程师,,liepin,2026-07-22
AI人工智能算法工程师,北京,15-20k,15000.0,20000.0,本科,1年以下,,,北京鹰眸科技有限公司,互联网,1-49人,,,,AI工程师,,liepin,2026-07-22
AI人工智能算法工程师,南昌,12-20k,12000.0,20000.0,本科,3-5年,3,5,北京鹰眸科技有限公司,互联网,1-49人,,,,AI工程师,,liepin,2026-07-22
AI人工智能算法工程师,南京,40-70k,40000.0,70000.0,博士,3-5年,3,5,互联网,1-49人,,,,,AI工程师,,liepin,2026-07-22
AI人工智能算法工程师,南宁,15-30k·14薪,15000.0,30000.0,硕士,经验不限,0,20,玉柴股份,机械/设备,5000-10000人,,,,AI工程师,,liepin,2026-07-22
AI人工智能算法工程师,成都,15-20k,15000.0,20000.0,本科,5-10年,5,10,北京鹰眸科技有限公司,互联网,1-49人,,,,AI工程师,,liepin,2026-07-22
AI人工智能算法工程师,杭州,30-40k,30000.0,40000.0,硕士,1-3年,1,3,杭州链能数智科技有限公司,互联网,50-99人,,,,AI工程师,,liepin,2026-07-22
AI人工智能算法工程师,北京,15-20k·13薪,15000.0,20000.0,硕士,3-5年,3,5,特丰药业,制药,500-999人,,,,AI工程师,,liepin,2026-07-22
AI人工智能算法工程师,北京,25-40k,25000.0,40000.0,本科,5-10年,5,10,中铁高新工业股份有限公司,货运/物流/仓储,5000-10000人,,,,AI工程师,,liepin,2026-07-22
AI人工智能算法工程师,广州,15-20k,15000.0,20000.0,本科,3-5年,3,5,北京鹰眸科技有限公司,互联网,1-49人,,,,AI工程师,,liepin,2026-07-22
AI人工智能算法工程师,上海,20-30k,20000.0,30000.0,本科,3-5年,3,5,北京鹰眸科技有限公司,互联网,1-49人,,,,AI工程师,,liepin,2026-07-22
AI人工智能算法工程师,济南,12-24k,12000.0,24000.0,本科,3-5年,3,5,山东华科信息技术有限公司,电力/热力/燃气/水务,100-499人,A轮,,,AI工程师,,liepin,2026-07-22
AI人工智能算法工程师,上海,20-40k,20000.0,40000.0,本科,1-3年,1,3,北京壹拍拍卖有限公司,批发/零售,1-49人,,,,AI工程师,,liepin,2026-07-22
AI人工智能算法工程师,南京,10-20k·13薪,10000.0,20000.0,硕士,1-3年,1,3,江苏鸿程数据智能研究院有限公司,学术/科研,吴女士·人事专员,战略融资,,,AI工程师,,liepin,2026-07-22
AI人工智能算法工程师,台州,8-20k,8000.0,20000.0,本科,3年以上,3,99,台州甲骨科技有限公司,计算机软件,1-49人,,,,AI工程师,,liepin,2026-07-22
AI人工智能算法工程师(助理双休),深圳,6-10k·13薪,6000.0,10000.0,大专,经验不限,0,20,深圳世纪百盛信息技术有限公司,广播/影视/录音,50-99人,,,,AI工程师,,liepin,2026-07-22
AI人工智能算法工程师,深圳,25-55k,25000.0,55000.0,硕士,经验不限,0,20,BYD,新能源汽车,10000人以上,已上市,,,AI工程师,,liepin,2026-07-22
AI人工智能算法工程师,深圳,6-7k,6000.0,7000.0,本科,3-5年,3,5,深圳靠谱商务服务有限责任公司,咨询服务,1-49人,,,,AI工程师,,liepin,2026-07-22
ai人工智能算法工程师,成都,15-25k,15000.0,25000.0,本科,1-3年,1,3,成都鸿程云科技有限公司,IT服务,1-49人,,,,AI工程师,,liepin,2026-07-22
AI人工智能算法工程师,银川,9-15k,9000.0,15000.0,硕士,经验不限,0,20,共享智能铸造产业创新中心有限公司,培训服务,张女士·人力资源主管,天使轮,,,AI工程师,,liepin,2026-07-22
AI人工智能算法工程师,上海,10-30k·15薪,10000.0,30000.0,本科,1-3年,1,3,华为,通信设备,10000人以上,,,,AI工程师,,liepin,2026-07-22
AI人工智能算法工程师,杭州,10-30k·15薪,10000.0,30000.0,本科,1-3年,1,3,华为,通信设备,10000人以上,,,,AI工程师,,liepin,2026-07-22
AI人工智能算法工程师,上海,30-60k,30000.0,60000.0,硕士,1-3年,1,3,紫中普世(上海)科技有限公司,互联网,滕先生·人事,,,,AI工程师,,liepin,2026-07-22
ai人工智能算法工程师,南京,20-45k·13薪,20000.0,45000.0,硕士,3-5年,3,5,诚迈科技,计算机软件,2000-5000人,,,,AI工程师,,liepin,2026-07-22
AI人工智能算法工程师,杭州,30-40k,30000.0,40000.0,本科,1年以上,1,99,杭州格原信息技术有限公司,计算机软件,徐女士·人事行政专员,融资未公开,,,AI工程师,,liepin,2026-07-22
AI人工智能算法工程师,北京,15-20k,15000.0,20000.0,硕士,1-3年,1,3,铭台(北京)科技有限公司,电子商务,50-99人,战略融资,,,AI工程师,,liepin,2026-07-22
AI人工智能算法工程师,贵阳,9-13k,9000.0,13000.0,本科,1-3年,1,3,贵州云际数维科技有限公司,IT服务,50-99人,,,,AI工程师,,liepin,2026-07-22
AI人工智能算法工程师,上海,60-90k,60000.0,90000.0,硕士,5-10年,5,10,幻霄科技(上海)有限公司,专业技术服务,韩女士·人事行政经理,,,,AI工程师,,liepin,2026-07-22
ai人工智能算法工程师,长沙,12-20k,12000.0,20000.0,本科,1-3年,1,3,汇龙智能,整车制造,李先生·人事主管,A轮,,,AI工程师,,liepin,2026-07-22
应用人工智能工程师（企业人工智能应用）,香港,22-30k,22000.0,30000.0,硕士,经验不限,0,20,凯达环球建筑设计咨询(北京)有限公司,专业技术服务,100-499人,融资未公开,,,AI工程师,,liepin,2026-07-22
AI Agent开发工程师-AI Agent Development Engineer(J20151),合肥,15-25k·15薪,15000.0,25000.0,本科,3-5年,3,5,长鑫存储技术有限公司,电子/半导体/集成电路,2000-5000人,,,,AI工程师,,liepin,2026-07-22
AI 芯片设备软件工程师 / AI Device Software Engineer,上海,20-50k·13薪,20000.0,50000.0,本科,3-5年,3,5,微珩科技,电子/半导体/集成电路,赵女士·人事,A轮,,,AI工程师,,liepin,2026-07-22
AI工程师,上海,15-25k·16薪,15000.0,25000.0,本科,3-5年,3,5,环旭电子,电子/半导体/集成电路,5000-10000人,已上市,,,AI工程师,,liepin,2026-07-22
人工智能工程师,杭州,12-20k,12000.0,20000.0,本科,1-3年,1,3,杭州弈无忧科技有限公司,人工智能,50-99人,,,,AI工程师,,liepin,2026-07-22
Senior AI Engineer，外企医药巨头wlb,上海,40-60k,40000.0,60000.0,不限,3-5年,3,5,全球头部医疗企业,医疗器械,2000-5000人,融资未公开,,,AI工程师,,liepin,2026-07-22
资深 AI 工程师（（AI Agent / MCP / RAG））,杭州,35-65k,35000.0,65000.0,本科,6年以上,6,99,某上海大型互联网公司,互联网,10000人以上,,,RAG,AI工程师,,liepin,2026-07-22
Agentic AI Engineer,上海,30-60k·16薪,30000.0,60000.0,本科,3-5年,3,5,某上海制药上市公司,制药,5000-10000人,已上市,,,AI工程师,,liepin,2026-07-22
AI Engineer,北京,18-30k,18000.0,30000.0,不限,经验不限,0,20,某上海专业技术服务公司,专业技术服务,50-99人,融资未公开,,,AI工程师,,liepin,2026-07-22
AI 全栈工程师｜AI Full Stack Engineer,上海,90-120k·16薪,90000.0,120000.0,不限,5年以上,5,99,某国内知名上市公司,新能源,10000人以上,已上市,,,AI工程师,,liepin,2026-07-22
AI 全栈工程师｜AI Full Stack Engineer,北京,90-120k·15薪,90000.0,120000.0,本科,5年以上,5,99,某国内知名上市公司,新能源,10000人以上,已上市,,,AI工程师,,liepin,2026-07-22
高级边缘AI工程师（偏架构）,广州,30-50k,30000.0,50000.0,本科,3-5年,3,5,某广州大型电气机械/器材公司,电气机械/器材,500-999人,融资未公开,,,AI工程师,,liepin,2026-07-22
AI 全栈工程师｜AI Full Stack Engineer,深圳,90-120k·16薪,90000.0,120000.0,本科,5年以上,5,99,某国内知名上市公司,新能源,10000人以上,已上市,,,AI工程师,,liepin,2026-07-22
AI算子优化工程师 (AI Operator Optimization Engineer),上海,18-35k·16薪,18000.0,35000.0,本科,1年以上,1,99,脑智算芯,电子/半导体/集成电路,1-49人,融资未公开,,,AI工程师,,liepin,2026-07-22
AI 全栈工程师｜AI Full Stack Engineer,杭州,90-120k·16薪,90000.0,120000.0,硕士,5年以上,5,99,某国内知名上市公司,新能源,10000人以上,已上市,,,AI工程师,,liepin,2026-07-22
AI工程师,深圳,12-20k,12000.0,20000.0,本科,2年以上,2,99,华大集团,生物技术,10000人以上,,,,AI工程师,,liepin,2026-07-22
AI Engineer (Biometrics and Data Science),上海,40-60k·14薪,40000.0,60000.0,硕士,3-5年,3,5,某上海大型制药公司,制药,10000人以上,融资未公开,,,AI工程师,,liepin,2026-07-22
Sr. AI engineer（应用预研方向）- 工业AI,深圳,20-35k,20000.0,35000.0,本科,经验不限,0,20,某深圳大型电子/半导体/集成电路公司,电子/半导体/集成电路,2000-5000人,融资未公开,,,AI工程师,,liepin,2026-07-22
资深AI工程师（生物医药）,上海,20-40k·14薪,20000.0,40000.0,硕士,3年以上,3,99,上海橙帆医药有限公司,制药,50-99人,A轮,,,AI工程师,,liepin,2026-07-22
Applied AI Engineer,北京,30-50k,30000.0,50000.0,本科,经验不限,0,20,某知名公司,人力资源服务,100-499人,,,,AI工程师,,liepin,2026-07-22
AI Agent测试工程师（AI Agent Test Engineer）德国,北京,20-21k,20000.0,21000.0,本科,1年以上,1,99,上海赛弘众智信息咨询有限公司,互联网,1-49人,不需要融资,,,AI工程师,,liepin,2026-07-22
机器人AI工程师 【外企】,深圳,25-45k·13薪,25000.0,45000.0,本科,5-10年,5,10,爱室丽家居(上海)有限公司深圳分公司,电子商务,10000人以上,,,,AI工程师,,liepin,2026-07-22
AI Engineer,深圳,35-55k·13薪,35000.0,55000.0,本科,5-10年,5,10,某知名公司,互联网,100-499人,融资未公开,,,AI工程师,,liepin,2026-07-22
AI Engineer（外企福利待遇，英文好）,天津,17-25k·13薪,17000.0,25000.0,本科,5年以上,5,99,凯捷咨询(中国)有限公司,IT服务,5000-10000人,,,,AI工程师,,liepin,2026-07-22
生成式 AI 工程师,上海,薪资面议,,,本科,2年以上,2,99,普华永道信息技术,IT服务,10000人以上,,,,AI工程师,,liepin,2026-07-22
AI工程师,上海,20-24k·14薪,20000.0,24000.0,本科,5-10年,5,10,高知特信息技术(上海),IT服务,1000-2000人,,,,AI工程师,,liepin,2026-07-22
Senior AI Engineer,上海,18-26k,18000.0,26000.0,本科,1-3年,1,3,微创软件,计算机软件,10000人以上,,,,AI工程师,,liepin,2026-07-22
高级AI工程师,深圳,20-25k,20000.0,25000.0,本科,3-5年,3,5,深圳前海天海寰宇艺术科研有限公司,计算机软件,1-49人,,,,AI工程师,,liepin,2026-07-22
AI高级工程师（知识图谱与智能体方向）,上海,15-35k,15000.0,35000.0,本科,3年以上,3,99,深圳易立德,互联网,5000-10000人,,,,AI工程师,,liepin,2026-07-22
视觉AI工程師（工业AI/QC方向）,东莞,8-15k,8000.0,15000.0,本科,3年以上,3,99,东莞兴昂鞋业有限公司,服装/纺织/皮革,10000人以上,融资未公开,,,AI工程师,,liepin,2026-07-22
AI工程师,上海,25-50k,25000.0,50000.0,本科,5-10年,5,10,某上海制药上市公司,制药,5000-10000人,已上市,,,AI工程师,,liepin,2026-07-22
应用人工智能工程师,上海,40-70k·13薪,40000.0,70000.0,不限,1-3年,1,3,某上海IT服务公司,IT服务,100-499人,,,,AI工程师,,liepin,2026-07-22
AI工程师（数字化）,天津,13-15k·18薪,13000.0,15000.0,本科,1-3年,1,3,某天津大型机械/设备公司,机械/设备,2000-5000人,融资未公开,,,AI工程师,,liepin,2026-07-22
AI Engineer (Biometrics and Data Science),上海,35-65k·13薪,35000.0,65000.0,本科,3-5年,3,5,某上海大型制药公司,制药,10000人以上,融资未公开,,,AI工程师,,liepin,2026-07-22
AI工程师,佛山,35-50k·14薪,35000.0,50000.0,本科,5-10年,5,10,广东**电器股份有限公司,家具/家电,10000人以上,已上市,,,AI工程师,,liepin,2026-07-22
Applied AI Engineer,北京,40-70k·15薪,40000.0,70000.0,本科,5-10年,5,10,某上海IT服务公司,IT服务,100-499人,,,,AI工程师,,liepin,2026-07-22
AI Engineer（remote 全国各地）,上海,40-70k,40000.0,70000.0,不限,3-5年,3,5,某知名公司,智能硬件/消费电子,500-999人,不需要融资,,,AI工程师,,liepin,2026-07-22
Agentic AI Engineer (MJ009034),上海,30-60k,30000.0,60000.0,本科,3-5年,3,5,药明生物,制药,10000人以上,,,,AI工程师,,liepin,2026-07-22
[高潜计划] AI工程师（大模型/智能体方向-北京、广州）,广州,薪资面议,,,硕士,1-3年,1,3,彩讯科技股份有限公司,计算机软件,2000-5000人,,,,AI工程师,,liepin,2026-07-22
Senior AI Engineer / AI Engineer,广州,25-50k,25000.0,50000.0,本科,3-7年,3,7,东亚环球商业服务(广东)有限公司,其他商务服务业,500-999人,,,,AI工程师,,liepin,2026-07-22
AI产品工程师,北京,20-25k,20000.0,25000.0,本科,2年以上,2,99,壹捌零,广告/公关/会展,100-499人,,,,AI工程师,,liepin,2026-07-22
AI工程师,杭州,9-15k,9000.0,15000.0,本科,1-3年,1,3,万向钱潮,汽车零部件及配件,蒲女士·人力资源招聘岗,,,,AI工程师,,liepin,2026-07-22
AI Engineer - AVM Developer,合肥,30-45k,30000.0,45000.0,本科,5年以上,5,99,某合肥汽车公司,汽车,,,,,AI工程师,,liepin,2026-07-22
AI工程师（人工智能辅助设计方向）,北京,35-45k,35000.0,45000.0,本科,3年以上,3,99,北京通航飞机有限责任公司,轨道交通/船舶设备,1-49人,天使轮,,,AI工程师,,liepin,2026-07-22
高级人工智能工程师,天津,15-20k·13薪,15000.0,20000.0,不限,5-10年,5,10,某大型IT服务公司,IT服务,5000-10000人,,,,AI工程师,,liepin,2026-07-22
[高潜计划] AI工程师（大模型/智能体方向-北京、广州）,北京,薪资面议,,,硕士,1-3年,1,3,彩讯科技股份有限公司,计算机软件,2000-5000人,,,,AI工程师,,liepin,2026-07-22
AI工程师（网络安全）cd,成都,20-35k·13薪,20000.0,35000.0,大专,3-10年,3,10,某成都网络/信息安全公司,网络/信息安全,50-99人,A轮,,,AI工程师,,liepin,2026-07-22
Senior AI Engineer (MJ018807),北京,30-35k·14薪,30000.0,35000.0,本科,5-10年,5,10,施耐德电气,电气机械/器材,10000人以上,,,,AI工程师,,liepin,2026-07-22
Ai工程师（外企）,深圳,30-50k·13薪,30000.0,50000.0,硕士,3-5年,3,5,某保险公司,保险,100-499人,不需要融资,,,AI工程师,,liepin,2026-07-22
AI工程师,台州,20-30k,20000.0,30000.0,本科,5-10年,5,10,新界泵业,机械/设备,2000-5000人,,,,AI工程师,,liepin,2026-07-22
AI工程师,宜春,10-16k·13薪,10000.0,16000.0,本科,3-5年,3,5,龙蟠时代,新能源,500-999人,,,,AI工程师,,liepin,2026-07-22
Applied AI Engineer（Remote）,上海,30-60k·15薪,30000.0,60000.0,本科,3-5年,3,5,某上海知名公司,电气机械/器材,1000-2000人,已上市,,,AI工程师,,liepin,2026-07-22
Sr. AI Engineer,珠海,30-40k,30000.0,40000.0,本科,5年以上,5,99,某知名人力资源服务公司,人力资源服务,1-49人,,,,AI工程师,,liepin,2026-07-22
CBS-QRM-风险管理AI Engineer -北京 / 上海 / 广州 / 深圳,广州,15-20k,15000.0,20000.0,本科,2年以上,2,99,安永EY,专业技术服务,1000-2000人,,,,AI工程师,,liepin,2026-07-22
AI 解决方案工程师 / 资深 AI 解决方案工程师（AI 产品化与工程化落地方向）,上海,30-40k·15薪,30000.0,40000.0,本科,3-5年,3,5,上海复宏汉霖生物技术股份有限公司,制药,2000-5000人,,,,AI工程师,,liepin,2026-07-22
CBS-QRM-风险管理AI Engineer -北京 / 上海 / 广州 / 深圳,深圳,15-20k,15000.0,20000.0,本科,2年以上,2,99,安永EY,专业技术服务,1000-2000人,,,,AI工程师,,liepin,2026-07-22
AI 软件工程师（停车数字化方向）,深圳,20-30k,20000.0,30000.0,本科,2-5年,2,5,中证汇成(深圳)私募股权投资基金管理有限公司,基金/证券/期货,方女士·人事行政,,,,AI工程师,,liepin,2026-07-22
AI工程师（AI赋能研发）,上海,40-65k,40000.0,65000.0,本科,5-10年,5,10,某上海大型化工公司,化工,5000-10000人,融资未公开,,,AI工程师,,liepin,2026-07-22
Applied AI Engineer,上海,30-60k,30000.0,60000.0,本科,3-5年,3,5,某上海IT服务公司,IT服务,100-499人,,,,AI工程师,,liepin,2026-07-22
远程-Applied AI Engineer（Agent、RAG、Tool Calling、Workflow）,杭州,30-60k,30000.0,60000.0,本科,3-5年,3,5,某杭州互联网公司,互联网,50-99人,A轮,,RAG,AI工程师,,liepin,2026-07-22
自动化（智能AI工艺工程师）,宁波,20-30k,20000.0,30000.0,大专,5年以上,5,99,某宁波电气机械/器材公司,电气机械/器材,100-499人,融资未公开,,,AI工程师,,liepin,2026-07-22
技术工程师-C#/.net/前端/后端/AI工程师,宁德,15-30k·17薪,15000.0,30000.0,本科,3-5年,3,5,宁德时代,新能源,10000人以上,,,,AI工程师,,liepin,2026-07-22
AI工程师Leader,深圳,25-35k,25000.0,35000.0,本科,5年以上,5,99,华钦科技,计算机软件,2000-5000人,,,,AI工程师,,liepin,2026-07-22
Senior Agentic AI Engineer,天津,20-25k,20000.0,25000.0,本科,3-5年,3,5,Nagarro,计算机软件,10000人以上,,,,AI工程师,,liepin,2026-07-22
应用 AI 工程师（外企AI平台，远程）,杭州,40-70k·13薪,40000.0,70000.0,本科,5-10年,5,10,某上海IT服务公司,IT服务,100-499人,,,,AI工程师,,liepin,2026-07-22
Senior AI Engineer-生命科学仪器 (MJ000793),上海,薪资面议,,,本科,5-10年,5,10,丹纳赫,医疗器械,5000-10000人,,,,AI工程师,,liepin,2026-07-22
生成式AI高级工程师,上海,薪资面议,,,本科,3年以上,3,99,普华永道信息技术,IT服务,10000人以上,,,,AI工程师,,liepin,2026-07-22
高级AI工程师,深圳,20-28k,20000.0,28000.0,本科,5年以上,5,99,华钦科技,计算机软件,2000-5000人,,,,AI工程师,,liepin,2026-07-22
AI 工程师,广州,18-23k,18000.0,23000.0,本科,5年以上,5,99,华钦科技,计算机软件,2000-5000人,,,,AI工程师,,liepin,2026-07-22
Agentic AI Engineer,上海,15-30k·14薪,15000.0,30000.0,本科,经验不限,0,20,某上海制药上市公司,制药,5000-10000人,已上市,,,AI工程师,,liepin,2026-07-22
高级 AI 工程师/AI测试工程师,北京,25-30k·13薪,25000.0,30000.0,大专,5-10年,5,10,某知名公司,食品/饮料/酒水,500-999人,融资未公开,,,AI工程师,,liepin,2026-07-22
AI工程师,上海,15-25k·14薪,15000.0,25000.0,硕士,1-3年,1,3,恒瑞医药,制药,10000人以上,已上市,,,AI工程师,,liepin,2026-07-22
AI工程师,北京,30-50k,30000.0,50000.0,本科,5年以上,5,99,江苏优阳智能科技有限公司,IT服务,1-49人,,,,AI工程师,,liepin,2026-07-22
Applied AI Engineer,上海,30-60k·14薪,30000.0,60000.0,不限,5-10年,5,10,某IT服务公司,IT服务,100-499人,,,,AI工程师,,liepin,2026-07-22
AI工程师,深圳,10-15k,10000.0,15000.0,本科,2年以上,2,99,法之时钟表(深圳)有限公司,工艺品,100-499人,融资未公开,,,AI工程师,,liepin,2026-07-22
初级AI工程师,深圳,15-20k,15000.0,20000.0,本科,1-3年,1,3,深圳前海天海寰宇艺术科研有限公司,计算机软件,1-49人,,,,AI工程师,,liepin,2026-07-22
AI工程师（香港上班）,香港,30-60k,30000.0,60000.0,硕士,1-3年,1,3,卓云海智,医疗器械,胡女士·人事行政经理,战略融资,,,AI工程师,,liepin,2026-07-22
风险运营AI工程师（反洗钱方向）-成都,成都,25-50k·15薪,25000.0,50000.0,本科,3-5年,3,5,蚂蚁集团,科技金融,5000-10000人,B轮,,,AI工程师,,liepin,2026-07-22
"Regional Data & AI Engineer, Operations, Asia Pacific(007384)",上海,薪资面议,,,本科,5-10年,5,10,巴斯夫(中国),化工,5000-10000人,,,,AI工程师,,liepin,2026-07-22
AI高级工程师,上海,15-30k·15薪,15000.0,30000.0,本科,2年以上,2,99,思源电气,电力/热力/燃气/水务,5000-10000人,已上市,,,AI工程师,,liepin,2026-07-22
总公司-AI工程师（J79217）,北京,15-35k·15薪,15000.0,35000.0,硕士,3-5年,3,5,泰康养老保险股份有限公司,保险,10000人以上,,,,AI工程师,,liepin,2026-07-22
AI 工程师,上海,28-35k,28000.0,35000.0,不限,3-5年,3,5,某上海IT服务上市公司,IT服务,1000-2000人,已上市,,,AI工程师,,liepin,2026-07-22
数据与AI工程师,广州,12-18k·13薪,12000.0,18000.0,本科,3-5年,3,5,卡尔蔡司光学(中国)有限公司,电子/半导体/集成电路,1000-2000人,,,,AI工程师,,liepin,2026-07-22
AI Engineer(Python),上海,14-29k·13薪,14000.0,29000.0,本科,1-3年,1,3,凯捷咨询(中国)有限公司,IT服务,5000-10000人,,,Python,AI工程师,,liepin,2026-07-22
AI工程师,南京,20-40k,20000.0,40000.0,本科,1年以上,1,99,江苏江南生态碳科技(集团)股份有限公司,环保,500-999人,,,,AI工程师,,liepin,2026-07-22
IT服务处 / 经理AI工程师,东莞,薪资面议,,,本科,10年以上,10,99,香港城市大学(东莞),学校教育,100-499人,,,,AI工程师,,liepin,2026-07-22
AI 工程师,苏州,25-40k·15薪,25000.0,40000.0,本科,经验不限,0,20,东成机电,机械/设备,5000-10000人,,,,AI工程师,,liepin,2026-07-22
AI工程师（前端方向）,广州,15-35k,15000.0,35000.0,本科,5年以上,5,99,粤港澳大湾区(广东)国创中心,政府/公共事业,易先生·人力资源经理,,,,AI工程师,,liepin,2026-07-22
AI工程师（五险一金/双休）,深圳,20-35k,20000.0,35000.0,本科,2-10年,2,10,纵腾集团,货运/物流/仓储,5000-10000人,C轮,,,AI工程师,,liepin,2026-07-22
AI Engineer,北京,薪资面议,,,本科,5-10年,5,10,梅赛德斯-奔驰,整车制造,10000人以上,,,,AI工程师,,liepin,2026-07-22
AI工程师,苏州,15-25k·14薪,15000.0,25000.0,本科,1-3年,1,3,阿诗特能源,新能源,100-499人,融资未公开,,,AI工程师,,liepin,2026-07-22
AI工程师,北京,15-30k,15000.0,30000.0,本科,5年以上,5,99,北京大北农数智科技有限公司,IT服务,100-499人,,,,AI工程师,,liepin,2026-07-22
AI工程师,上海,15-25k,15000.0,25000.0,本科,1-3年,1,3,上海谷露软件有限公司,计算机软件,50-99人,A轮,,,AI工程师,,liepin,2026-07-22
数字化制造AI工程师(J18724),上海,15-25k,15000.0,25000.0,本科,1-3年,1,3,上海汽车集团股份有限公司乘用车分公司,整车制造,10000人以上,,,,AI工程师,,liepin,2026-07-22
AI 工程师,上海,25-40k·15薪,25000.0,40000.0,本科,经验不限,0,20,东成机电,机械/设备,5000-10000人,,,,AI工程师,,liepin,2026-07-22
AI Engineer,广州,15-16k,15000.0,16000.0,本科,2年以上,2,99,联合服务(香港)有限公司,计算机软件,100-499人,,,,AI工程师,,liepin,2026-07-22
高级AI工程师,深圳,30-50k·13薪,30000.0,50000.0,本科,经验不限,0,20,某国内大型电子/半导体/集成电路公司,电子/半导体/集成电路,10000人以上,融资未公开,,,AI工程师,,liepin,2026-07-22
AI产品工程师,南京,15-25k,15000.0,25000.0,本科,1-3年,1,3,上海欧数科技有限公司,科技金融,50-99人,融资未公开,,,AI工程师,,liepin,2026-07-22
相机嵌入式-AI工程师,上海,40-70k·15薪,40000.0,70000.0,本科,5-10年,5,10,DJI 大疆,智能硬件/消费电子,10000人以上,,,,AI工程师,,liepin,2026-07-22
人工智能工程师,苏州,35-45k·14薪,35000.0,45000.0,本科,5年以上,5,99,某北京大型专业技术服务公司,专业技术服务,10000人以上,B轮,,,AI工程师,,liepin,2026-07-22
Applied AI Engineer北京上海自选,上海,20-40k·16薪,20000.0,40000.0,不限,经验不限,0,20,某知名公司,金女士·猎头顾问,,,,,AI工程师,,liepin,2026-07-22
AI Engineer,上海,20-40k,20000.0,40000.0,本科,5-10年,5,10,某知名公司,其他商务服务业,50-99人,,,,AI工程师,,liepin,2026-07-22
Applied AI Engineer,上海,40-65k,40000.0,65000.0,本科,10年以上,10,99,某上海IT服务公司,IT服务,100-499人,,,,AI工程师,,liepin,2026-07-22
AI产品工程师,广州,50-80k,50000.0,80000.0,本科,1-3年,1,3,睿秀企业管理,人力资源服务,50-99人,,,,AI工程师,,liepin,2026-07-22
Risk Management - AI Engineer  (MJ003007),上海,15-25k·13薪,15000.0,25000.0,本科,1-3年,1,3,安永EY,专业技术服务,1000-2000人,,,,AI工程师,,liepin,2026-07-22
人工智能学院-专任教师 (MJ000007),武汉,8-15k,8000.0,15000.0,硕士,经验不限,0,20,武昌理工学院,学校教育,1000-2000人,,,,人工智能,,liepin,2026-07-22
机器人学院院长 (MJ000114),武汉,薪资面议,,,博士,经验不限,0,20,薪资面议,经验不限,1000-2000人,,,,人工智能,,liepin,2026-07-22
人工智能育种专家,温州,30-50k,30000.0,50000.0,博士,1-3年,1,3,某国内学术/科研公司,学术/科研,1-49人,,,,人工智能,,liepin,2026-07-22
人工智能架构师,北京,30-60k,30000.0,60000.0,博士,5-10年,5,10,某北京知名计算机软件公司,计算机软件,100-499人,融资未公开,,,人工智能,,liepin,2026-07-22
人工智能负责人,广州,29-35k,29000.0,35000.0,硕士,5年以上,5,99,某广州大型工程施工公司,工程施工,10000人以上,战略融资,,,人工智能,,liepin,2026-07-22
人工智能研究院院长,北京,40-70k,40000.0,70000.0,硕士,10年以上,10,99,某北京知名公司,IT服务,100-499人,融资未公开,,,人工智能,,liepin,2026-07-22
产品架构师（人工智能/大数据方向）,广州,25-35k·15薪,25000.0,35000.0,硕士,5年以上,5,99,某广州大型互联网公司,互联网,1000-2000人,不需要融资,,,人工智能,,liepin,2026-07-22
大数据与人工智能总监,上海,100-130k·15薪,100000.0,130000.0,本科,经验不限,0,20,上海夺畅网络技术有限公司,贸易/进出口,2000-5000人,,,,人工智能,,liepin,2026-07-22
人工智能专家（化工央企）,上海,60-90k,60000.0,90000.0,不限,5-10年,5,10,某上海大型化工公司,化工,1000-2000人,,,,人工智能,,liepin,2026-07-22
首席信息官CTO/CIO（数字与人工智能）,上海,70-100k,70000.0,100000.0,不限,10年以上,10,99,某上海制药公司,制药,100-499人,融资未公开,,,人工智能,,liepin,2026-07-22
人工智能专家,上海,60-90k·20薪,60000.0,90000.0,博士,5-10年,5,10,某上海世界500强上市公司,石化,5000-10000人,已上市,,,人工智能,,liepin,2026-07-22
解决方案专家（人工智能）,北京,100-120k,100000.0,120000.0,硕士,5-10年,5,10,某知名公司,通信设备,5000-10000人,不需要融资,,,人工智能,,liepin,2026-07-22
产品经理-人工智能方向,北京,20-40k·15薪,20000.0,40000.0,本科,3-5年,3,5,某北京大型保险公司,保险,10000人以上,战略融资,,,人工智能,,liepin,2026-07-22
市场经理（人工智能行业）,武汉,10-20k,10000.0,20000.0,本科,5年以上,5,99,湖北大数据集团数据开发有限公司,云计算/大数据,500-999人,,,,人工智能,,liepin,2026-07-22
人工智能事业部部长/副部长,武汉,29-35k,29000.0,35000.0,硕士,3年以上,3,99,某武汉基金/证券/期货公司,基金/证券/期货,100-499人,融资未公开,,,人工智能,,liepin,2026-07-22
机器人研究院执行院长 (MJ000112),武汉,薪资面议,,,硕士,5年以上,5,99,薪资面议,5年以上,1000-2000人,,,,人工智能,,liepin,2026-07-22
具身智能工程副总裁,上海,100-150k·14薪,100000.0,150000.0,本科,8年以上,8,99,Michael Page,人力资源服务,5000-10000人,,,,人工智能,,liepin,2026-07-22
PE/VC投资总监-人工智能/新能源/新消费/半导体/先进制造,广州,40-70k,40000.0,70000.0,硕士,5-10年,5,10,某南京基金/证券/期货公司,基金/证券/期货,1-49人,融资未公开,,,人工智能,,liepin,2026-07-22
机器人与人工智能科研专家,苏州,40-45k·15薪,40000.0,45000.0,博士,5-10年,5,10,某知名公司,科技推广服务,50-99人,,,,人工智能,,liepin,2026-07-22
人工智能应用高级工程师-国企岗位,上海,25-35k,25000.0,35000.0,本科,5-10年,5,10,某上海大型运营商/增值服务公司,通信设备,1000-2000人,战略融资,,,人工智能,,liepin,2026-07-22
AI人工智能投资ED,上海,50-80k·15薪,50000.0,80000.0,硕士,5-10年,5,10,某国内基金/证券/期货公司,基金/证券/期货,1-49人,融资未公开,,,人工智能,,liepin,2026-07-22
人工智能研发经理(建筑质量安全大模型),武汉,40-70k,40000.0,70000.0,博士,经验不限,0,20,某知名公司,工程施工,10000人以上,融资未公开,,,人工智能,,liepin,2026-07-22
总经理（政企信息化、人工智能、信创）,广州,90-120k,90000.0,120000.0,本科,经验不限,0,20,某广州计算机软件公司,计算机软件,50-99人,,,,人工智能,,liepin,2026-07-22
PE/VC投资-人工智能/新能源/新消费/半导体/先进制造,南京,40-65k,40000.0,65000.0,硕士,5-10年,5,10,某南京基金/证券/期货公司,基金/证券/期货,1-49人,融资未公开,,,人工智能,,liepin,2026-07-22
人工智能行业投资研究,上海,20-40k·24薪,20000.0,40000.0,硕士,3年以上,3,99,某银行/基金/券商/PE/租赁等,基金/证券/投资,1-49人,融资未公开,,,人工智能,,liepin,2026-07-22
人工智能投资管理,上海,20-30k,20000.0,30000.0,硕士,3年以上,3,99,某上海基金/证券/期货公司,基金/证券/期货,50-99人,,,,人工智能,,liepin,2026-07-22
解决方案岗-人工智能平台方向-（电网正式 工作稳定 ）,广州,15-25k·15薪,15000.0,25000.0,本科,3-5年,3,5,某广州大型电力/热力/燃气/水务公司,电力/热力/燃气/水务,10000人以上,战略融资,,,人工智能,,liepin,2026-07-22
软件研发（人工智能应用）,南京,15-20k,15000.0,20000.0,本科,3年以上,3,99,国电南瑞南京控制系统有限公司,电力/热力/燃气/水务,1000-2000人,融资未公开,,,人工智能,,liepin,2026-07-22
人工智能方向 总师（副部级央企）,北京,150-180k,150000.0,180000.0,硕士,10年以上,10,99,某北京大型IT服务公司,IT服务,500-999人,融资未公开,,,人工智能,,liepin,2026-07-22
平台运营经理（苏州市人工智能有限公司）,苏州,15-26k,15000.0,26000.0,硕士,5年以上,5,99,苏州数智科技集团有限公司,云计算/大数据,100-499人,融资未公开,,,人工智能,,liepin,2026-07-22
售前解决方案（人工智能、数字经济方向均可）,嘉兴,20-40k,20000.0,40000.0,本科,3-5年,3,5,某国内知名云计算/大数据公司,云计算/大数据,1-49人,,,,人工智能,,liepin,2026-07-22
投资专家（半导体/人工智能方向）,深圳,30-40k·17薪,30000.0,40000.0,硕士,3-5年,3,5,某知名公司,基金/证券/期货,2000-5000人,融资未公开,,,人工智能,,liepin,2026-07-22
人工智能业务板块-解决方案经理（AI方向）(J10109),武汉,10-20k·15薪,10000.0,20000.0,本科,5年以上,5,99,湖北大数据集团数据开发有限公司,云计算/大数据,500-999人,,,,人工智能,,liepin,2026-07-22
大数据、人工智能教研主管,济南,15-25k,15000.0,25000.0,不限,5-10年,5,10,某北京计算机软件上市公司,计算机软件,10000人以上,已上市,,,人工智能,,liepin,2026-07-22
研究员（人工智能）,南京,15-25k,15000.0,25000.0,硕士,经验不限,0,20,剑桥大学南京科技创新中心有限公司,专业技术服务,郑女士·人力资源经理/主管,,,,人工智能,,liepin,2026-07-22
央企正编-人工智能高级方案专家（人才引进）,广州,40-65k·13薪,40000.0,65000.0,硕士,5-10年,5,10,某世界500强通信设备上市公司,运营商/增值服务,10000人以上,已上市,,,人工智能,,liepin,2026-07-22
人工智能-汽车研发,上海,65-95k·15薪,65000.0,95000.0,硕士,5年以上,5,99,北京时代新源汽车技术有限公司,培训服务,50-99人,融资未公开,,,人工智能,,liepin,2026-07-22
解决方案工程师（教育行业 / 人工智能方向）,北京,15-25k,15000.0,25000.0,本科,3-5年,3,5,神州数码(中国)有限公司,计算机软件,5000-10000人,,,,人工智能,,liepin,2026-07-22
投资岗（人工智能方向）,深圳,薪资面议,,,硕士,3年以上,3,99,基金/证券/期货,1-49人,周女士·人力资源岗,,,,人工智能,,liepin,2026-07-22
【双休+年终奖】人工智能展厅讲解员,广州,10-15k·13薪,10000.0,15000.0,本科,1-3年,1,3,润建股份,运营商/增值服务,5000-10000人,,,,人工智能,,liepin,2026-07-22
数据及人工智能高级产品经理,上海,40-50k·14薪,40000.0,50000.0,本科,10年以上,10,99,太古可口可乐(中国)有限公司,批发/零售,路女士·人力资源助理经理,,,,人工智能,,liepin,2026-07-22
人工智能产业链分析师,上海,25-35k·24薪,25000.0,35000.0,硕士,1年以下,,,某深圳大型基金证券公司,基金/证券/期货,10000人以上,战略融资,,,人工智能,,liepin,2026-07-22
投资经理（智能制造/电子信息/新型电力/生物医药/人工智能/半导体/航/新型消费/空航天/未来产业/,南京,30-60k,30000.0,60000.0,硕士,5-10年,5,10,某南京基金/证券/期货公司,基金/证券/期货,50-99人,融资未公开,,,人工智能,,liepin,2026-07-22
金融科技部-大数据/人工智能应用,上海,15-25k,15000.0,25000.0,硕士,5-10年,5,10,某上海基金/证券/期货上市公司,基金/证券/期货,2000-5000人,已上市,,,人工智能,,liepin,2026-07-22
低空人工智能（国企直招）,北京,20-40k,20000.0,40000.0,硕士,3-5年,3,5,某北京大型航空/航天设备公司,航空/航天设备,1000-2000人,战略融资,,,人工智能,,liepin,2026-07-22
人工智能负责人,广州,35-40k,35000.0,40000.0,硕士,5-10年,5,10,某广州大型工程施工公司,工程施工,10000人以上,战略融资,,,人工智能,,liepin,2026-07-22
人工智能海外博士,嘉兴,30-50k,30000.0,50000.0,博士,3-5年,3,5,某国内大型政府/公共事业公司,政府/公共事业,500-999人,融资未公开,,,人工智能,,liepin,2026-07-22
解决方案岗（人工智能平台方向）,广州,25-50k,25000.0,50000.0,本科,2年以上,2,99,某广州学术/科研公司,学术/科研,,,,,人工智能,,liepin,2026-07-22
商务经理（苏州市人工智能有限公司）,苏州,20-40k,20000.0,40000.0,硕士,3年以上,3,99,苏州数智科技集团有限公司,云计算/大数据,100-499人,融资未公开,,,人工智能,,liepin,2026-07-22
人工智能研究院院长,北京,80-100k,80000.0,100000.0,硕士,5年以上,5,99,安东石油技术(集团)有限公司,石化,2000-5000人,,,,人工智能,,liepin,2026-07-22
国内头部平台人工智能AI投资经理,深圳,20-40k·15薪,20000.0,40000.0,硕士,3年以上,3,99,某金融集团及下设平台,基金/证券/投资,100-499人,融资未公开,,,人工智能,,liepin,2026-07-22
人工智能算法工程师,乌鲁木齐,20-35k·14薪,20000.0,35000.0,硕士,5-10年,5,10,某国内大型货运/物流/仓储公司,货运/物流/仓储,500-999人,,,,人工智能,,liepin,2026-07-22
人工智能研发组长（大模型方向）,西安,25-35k,25000.0,35000.0,硕士,5年以上,5,99,赛思科技(西安)有限公司,计算机软件,50-99人,,,,人工智能,,liepin,2026-07-22
人工智能产品经理,北京,30-45k,30000.0,45000.0,本科,3年以上,3,99,某大型知名保险公司,保险,10000人以上,已上市,,,人工智能,,liepin,2026-07-22
大客户经理（政府/To G/机器人/人工智能）,宁波,50-55k·13薪,50000.0,55000.0,本科,3-5年,3,5,某宁波人工智能公司,人工智能,100-499人,A轮,,,人工智能,,liepin,2026-07-22
投资经理(ai 人工智能),北京,20-40k·13薪,20000.0,40000.0,硕士,经验不限,0,20,某北京基金/证券/期货公司,基金/证券/期货,1-49人,不需要融资,,,人工智能,,liepin,2026-07-22
人工智能产业链分析师,深圳,18-28k·24薪,18000.0,28000.0,硕士,经验不限,0,20,某深圳大型基金/证券/期货公司,基金/证券/期货,10000人以上,战略融资,,,人工智能,,liepin,2026-07-22
人工智能投资岗（北上广深）,北京,20-40k·20薪,20000.0,40000.0,硕士,2-10年,2,10,某基金/证券/期货公司,基金/证券/期货,100-499人,融资未公开,,,人工智能,,liepin,2026-07-22
AI技术负责人/应用人工智能方向（高级副总裁）,广州,60-90k,60000.0,90000.0,不限,10年以上,10,99,某广州大型计算机软件公司,计算机软件,500-999人,不需要融资,,,人工智能,,liepin,2026-07-22
投资经理（AI 人工智能赛道）,北京,21-30k,21000.0,30000.0,不限,经验不限,0,20,某北京基金/证券/期货公司,基金/证券/期货,1-49人,不需要融资,,,人工智能,,liepin,2026-07-22
人工智能教研主管,济南,15-25k,15000.0,25000.0,本科,经验不限,0,20,某知名公司,IT服务,1000-2000人,融资未公开,,,人工智能,,liepin,2026-07-22
投资经理（AI 人工智能赛道）,北京,30-50k,30000.0,50000.0,本科,经验不限,0,20,某北京基金/证券/期货公司,基金/证券/期货,1-49人,不需要融资,,,人工智能,,liepin,2026-07-22
人工智能（国央企）,北京,35-45k,35000.0,45000.0,不限,3-5年,3,5,某北京大型专业技术服务公司,专业技术服务,2000-5000人,,,,人工智能,,liepin,2026-07-22
人工智能专家,郑州,30-40k,30000.0,40000.0,硕士,10年以上,10,99,某知名公司,人力资源服务,50-99人,,,,人工智能,,liepin,2026-07-22
事业部部长（人工智能领域）,嘉兴,20-30k·14薪,20000.0,30000.0,本科,经验不限,0,20,某国内云计算/大数据公司,云计算/大数据,1-49人,,,,人工智能,,liepin,2026-07-22
人工智能工程师,北京,20-40k,20000.0,40000.0,硕士,5-8年,5,8,中信数字科技,云计算/大数据,邓女士·人力资源高级经理,融资未公开,,,人工智能,,liepin,2026-07-22
高级投资经理（人工智能方向）,北京,15-20k,15000.0,20000.0,硕士,3-5年,3,5,海科金集团,基金/证券/期货,100-499人,战略融资,,,人工智能,,liepin,2026-07-22
会展项目经理（AI 人工智能展会方向）,太原,10-11k,10000.0,11000.0,大专,1-3年,1,3,经纬达(山西)展览有限公司,广告/公关/会展,50-99人,,,,人工智能,,liepin,2026-07-22
人工智能事业部（部长/副部长）,武汉,40-50k,40000.0,50000.0,本科,10年以上,10,99,某武汉基金/证券/期货公司,基金/证券/期货,100-499人,融资未公开,,,人工智能,,liepin,2026-07-22
人工智能算法工程师,杭州,22-23k,22000.0,23000.0,博士,3-5年,3,5,人力资源服务,融资未公开,1-49人,,,,人工智能,,liepin,2026-07-22
CMO（人工智能领域）,深圳,150-200k,150000.0,200000.0,本科,10年以上,10,99,某知名公司,电子/半导体/集成电路,50-99人,融资未公开,,,人工智能,,liepin,2026-07-22
人工智能研发总监/组长（大模型方向）,北京,30-50k,30000.0,50000.0,硕士,8年以上,8,99,赛思科技(西安)有限公司,计算机软件,50-99人,,,,人工智能,,liepin,2026-07-22
人工智能研发总监,北京,30-50k,30000.0,50000.0,硕士,5年以上,5,99,赛思科技(西安)有限公司,计算机软件,50-99人,,,,人工智能,,liepin,2026-07-22
人工智能负责人,广州,30-40k,30000.0,40000.0,本科,5-10年,5,10,某广州大型工程施工公司,工程施工,10000人以上,战略融资,,,人工智能,,liepin,2026-07-22
人工智能总监,北京,30-45k·13薪,30000.0,45000.0,本科,5-10年,5,10,某知名公司,专业技术服务,50-99人,融资未公开,,,人工智能,,liepin,2026-07-22
投资经理（人工智能，高端制造，医药）,广州,40-50k·24薪,40000.0,50000.0,不限,经验不限,0,20,PE/VC机构,基金,100-499人,战略融资,,,人工智能,,liepin,2026-07-22
副校长（人工智能专业方向）,泉州,60-90k,60000.0,90000.0,硕士,5-10年,5,10,某知名公司,专业技术服务,50-99人,,,,人工智能,,liepin,2026-07-22
博士教师（必须博士，base三亚，可接受应届，计算机人工智能方向）,三亚,20-30k,20000.0,30000.0,博士,经验不限,0,20,某知名公司,互联网,10000人以上,融资未公开,,,人工智能,,liepin,2026-07-22
工业人工智能工程师,上海,7-15k,7000.0,15000.0,本科,经验不限,0,20,犀浦智能,电气机械/器材,50-99人,融资未公开,,,人工智能,,liepin,2026-07-22
数字经济和人工智能研究岗（202603）,北京,10-25k,10000.0,25000.0,硕士,3年以上,3,99,中国工业互联网研究院,互联网,500-999人,,,,人工智能,,liepin,2026-07-22
人工智能展会策划运营经理,深圳,10-12k·13薪,10000.0,12000.0,本科,3年以上,3,99,广东省人工智能产业协会,人工智能,黄女士·人才发展中心,不需要融资,,,人工智能,,liepin,2026-07-22
人工智能工程总监 AI Engineering Director,上海,90-120k·15薪,90000.0,120000.0,本科,10年以上,10,99,某知名公司,人力资源服务,1-49人,融资未公开,,推荐系统,人工智能,,liepin,2026-07-22
CTO（数字化/大数据/人工智能）,佛山,50-60k,50000.0,60000.0,本科,10年以上,10,99,某国内知名计算机软件公司,计算机软件,100-499人,融资未公开,,,人工智能,,liepin,2026-07-22
资本市场VP(汇报董事长)-港股上市人工智能企业,北京,100-200k·15薪,100000.0,200000.0,硕士,10年以上,10,99,Michael Page,人力资源服务,5000-10000人,,,,人工智能,,liepin,2026-07-22
人工智能工厂交付运维工程师,济南,8-15k,8000.0,15000.0,本科,2年以上,2,99,浪潮云服务,IT服务,2000-5000人,,,,人工智能,,liepin,2026-07-22
大模型人工智能专家,北京,30-60k,30000.0,60000.0,本科,5年以上,5,99,远光软件,计算机软件,2000-5000人,,,,人工智能,,liepin,2026-07-22
解决方案岗（人工智能平台方向）大型国企,广州,20-40k,20000.0,40000.0,本科,3-5年,3,5,某广州大型电力/热力/燃气/水务公司,电力/热力/燃气/水务,10000人以上,战略融资,,,人工智能,,liepin,2026-07-22
人工智能产业链分析师,北京,18-28k·24薪,18000.0,28000.0,硕士,经验不限,0,20,某深圳大型基金/证券/期货公司,基金/证券/期货,10000人以上,战略融资,,,人工智能,,liepin,2026-07-22
人工智能研发总监,广州,20-40k,20000.0,40000.0,博士,1-3年,1,3,广电计量检测集团股份有限公司,检测/认证,2000-5000人,,,,人工智能,,liepin,2026-07-22
人工智能,合肥,80-100k,80000.0,100000.0,博士,5-10年,5,10,某知名公司,电子商务,1-49人,,,,人工智能,,liepin,2026-07-22
软件开发 (人工智能架构专家),合肥,90-120k,90000.0,120000.0,本科,10年以上,10,99,某合肥整车制造上市公司,整车制造,10000人以上,已上市,,,人工智能,,liepin,2026-07-22
人工智能教师/教学管理-民办本科院校-刚毕业或退休皆可,三亚,20-40k·14薪,20000.0,40000.0,博士,经验不限,0,20,某国内大型培训服务公司,培训服务,500-999人,融资未公开,,,人工智能,,liepin,2026-07-22
软件开发（人工智能工程师）,合肥,25-35k,25000.0,35000.0,不限,10年以上,10,99,某合肥整车制造上市公司,整车制造,10000人以上,已上市,,,人工智能,,liepin,2026-07-22
高级销售经理（人工智能/智慧城市/交通）,青岛,12-15k,12000.0,15000.0,本科,5-10年,5,10,某青岛计算机软件公司,计算机软件,100-499人,不需要融资,,,人工智能,,liepin,2026-07-22
解决方案专家（人工智能）,上海,35-50k,35000.0,50000.0,硕士,5-10年,5,10,某上海大型通信设备公司,通信设备,2000-5000人,融资未公开,,,人工智能,,liepin,2026-07-22
人工智能研发工程师（外包）,北京,13-20k,13000.0,20000.0,本科,5年以上,5,99,某北京大型咨询服务公司,咨询服务,500-999人,融资未公开,,,人工智能,,liepin,2026-07-22
清华大学经济管理学院数智审计研究中心人工智能研究助理,北京,10-20k,10000.0,20000.0,本科,1-3年,1,3,清华大学,其他行业,10000人以上,,,,人工智能,,liepin,2026-07-22
海外博士-人工智能方向,广州,50-80k,50000.0,80000.0,博士,3年以上,3,99,某北京大型计算机软件公司,计算机软件,2000-5000人,融资未公开,,,人工智能,,liepin,2026-07-22
杭州人工智能企业实习生,杭州,5-10k,5000.0,10000.0,本科,1-3年,1,3,西安电子科技大学杭州研究院,专业技术服务,500-999人,,,,人工智能,,liepin,2026-07-22
人工智能方案产品经理,北京,30-50k,30000.0,50000.0,本科,3-5年,3,5,某北京培训服务公司,培训服务,100-499人,A轮,,,人工智能,,liepin,2026-07-22
首席人工智能官,武汉,50-60k,50000.0,60000.0,不限,5-10年,5,10,某武汉医疗器械公司,医疗器械,50-99人,,,,人工智能,,liepin,2026-07-22
人工智能行业研究员/高级研究员,上海,35-50k,35000.0,50000.0,硕士,5年以上,5,99,某上海基金/证券/期货公司,基金/证券/期货,50-99人,,,,人工智能,,liepin,2026-07-22
投资经理/总监（人工智能方向）,北京,25-45k·18薪,25000.0,45000.0,硕士,5-10年,5,10,某北京大型基金/证券/期货公司,基金/证券/期货,10000人以上,融资未公开,,,人工智能,,liepin,2026-07-22
人工智能应用开发工程师,东莞,8-13k·15薪,8000.0,13000.0,本科,2年以上,2,99,东莞市虎门机械厂,机械/设备,邱先生·人力资源总监,,,,人工智能,,liepin,2026-07-22
高级人工智能研究员,武汉,45-75k,45000.0,75000.0,博士,8年以上,8,99,某国内大型制药公司,制药,5000-10000人,战略融资,,,人工智能,,liepin,2026-07-22
大数据人工智能（油气勘探开发方向）首席专家,东营,120-150k,120000.0,150000.0,硕士,5-10年,5,10,某国内大型石化公司,石化,1000-2000人,,,,人工智能,,liepin,2026-07-22
人工智能研究与财务系统管理岗,北京,15-35k·15薪,15000.0,35000.0,本科,3年以上,3,99,中航证券有限公司,基金/证券/期货,占先生·其他人力资源职位,,,,人工智能,,liepin,2026-07-22
人工智能专家（国企编制）,贵阳,28-55k·15薪,28000.0,55000.0,硕士,10年以上,10,99,某北京知名公司,互联网,10000人以上,已上市,,,人工智能,,liepin,2026-07-22
人工智能产品总监,重庆,100-150k,100000.0,150000.0,本科,5-10年,5,10,某知名计算机软件上市公司,计算机软件,10000人以上,已上市,,,人工智能,,liepin,2026-07-22
人工智能投资经理,南京,20-40k,20000.0,40000.0,硕士,3-5年,3,5,某南京基金/证券/期货公司,基金/证券/期货,50-99人,融资未公开,,,人工智能,,liepin,2026-07-22
人工智能投资岗,深圳,40-60k·16薪,40000.0,60000.0,硕士,3-5年,3,5,某深圳基金/证券/期货公司,基金/证券/期货,100-499人,战略融资,,,人工智能,,liepin,2026-07-22
人工智能算法工程师,北京,20-40k·14薪,20000.0,40000.0,博士,经验不限,0,20,中国兵器工业集团有限公司,咨询服务,100-499人,,,,人工智能,,liepin,2026-07-22
部门人工智能总架构师,厦门,25-35k·15薪,25000.0,35000.0,本科,3-5年,3,5,建发房产,房地产开发经营,1000-2000人,,,,人工智能,,liepin,2026-07-22
人工智能政策研究专家,北京,40-60k·15薪,40000.0,60000.0,本科,5-10年,5,10,字节跳动,互联网,10000人以上,,,,人工智能,,liepin,2026-07-22
解决方案工程师（人工智能方向）,嘉兴,15-25k,15000.0,25000.0,本科,3-5年,3,5,某国内云计算/大数据公司,云计算/大数据,1-49人,,,,人工智能,,liepin,2026-07-22
人工智能专家（电力行业）,济南,26-50k,26000.0,50000.0,不限,经验不限,0,20,某国内能源公司,电力/热力/燃气/水务,100-499人,融资未公开,,,人工智能,,liepin,2026-07-22
人工智能治理与合规保障专家,上海,30-35k,30000.0,35000.0,本科,5年以上,5,99,SGS中国,检测/认证,连女士·人事专员,,,,人工智能,,liepin,2026-07-22
人工智能专业方向副校长,泉州,90-120k,90000.0,120000.0,本科,10年以上,10,99,某国内大型培训服务公司,培训服务,10000人以上,,,,人工智能,,liepin,2026-07-22
法规专家（网络安全 / 人工智能）,北京,35-40k,35000.0,40000.0,本科,5-10年,5,10,某北京大型计算机软件公司,计算机软件,5000-10000人,,,,人工智能,,liepin,2026-07-22
人工智能专家（化工央企）,上海,50-80k,50000.0,80000.0,硕士,5-10年,5,10,某上海大型化工公司,化工,1000-2000人,,,,人工智能,,liepin,2026-07-22
AI人工智能岗-中/高级经理,湖州,20-25k,20000.0,25000.0,博士,经验不限,0,20,某国内大型银行公司,银行,1000-2000人,融资未公开,,,人工智能,,liepin,2026-07-22
人工智能专家或负责人（事业编）,北京,120-150k,120000.0,150000.0,博士,10年以上,10,99,某知名公司,米女士·猎头顾问,,,,,人工智能,,liepin,2026-07-22
数据与人工智能负责人（Head of Data & AI),广州,薪资面议,,,本科,10年以上,10,99,瑞太信息技术(广州)-苏黎世保险,IT服务,100-499人,,,,人工智能,,liepin,2026-07-22
战略投资部投资专家（半导体/人工智能方向）,深圳,30-40k,30000.0,40000.0,本科,3-5年,3,5,某国内大型基金/证券/期货公司,基金/证券/期货,2000-5000人,融资未公开,,,人工智能,,liepin,2026-07-22
人工智能产业链分析师,上海,20-25k·24薪,20000.0,25000.0,硕士,1-3年,1,3,某深圳大型基金/证券/期货公司,基金/证券/期货,10000人以上,战略融资,,,人工智能,,liepin,2026-07-22
首席人工智能官(CAIO)/人工智能副总裁,深圳,50-80k,50000.0,80000.0,硕士,10年以上,10,99,某国内人力资源服务公司,人力资源服务,,,,,人工智能,,liepin,2026-07-22
赛迪智库信息化与软件产业研究所（人工智能研究中心）社会招聘,北京,10-15k·15薪,10000.0,15000.0,硕士,2年以上,2,99,赛迪工业和信息化研究院(集团)有限公司,咨询服务,1000-2000人,,,,人工智能,,liepin,2026-07-22
Ai技术总监（工业人工智能）,北京,60-80k,60000.0,80000.0,硕士,10年以上,10,99,某国内知名公司,服装/纺织/皮革,50-99人,融资未公开,,,人工智能,,liepin,2026-07-22
人工智能解决方案专家,北京,30-45k·14薪,30000.0,45000.0,本科,10年以上,10,99,某知名公司,通信设备,50-99人,,,,人工智能,,liepin,2026-07-22
人工智能专业设计师（低空+国企）,北京,30-55k,30000.0,55000.0,硕士,3-5年,3,5,某北京大型航空/航天设备公司,航空/航天设备,1000-2000人,战略融资,,,人工智能,,liepin,2026-07-22
人工智能方案产品经理,北京,30-50k·14薪,30000.0,50000.0,本科,5-10年,5,10,某北京计算机硬件上市公司,计算机硬件,10000人以上,已上市,,,人工智能,,liepin,2026-07-22
集团人工智能专家,广州,50-80k·16薪,50000.0,80000.0,博士,经验不限,0,20,某知名上市公司,人力资源服务,10000人以上,已上市,,,人工智能,,liepin,2026-07-22
人工智能投资岗,南京,30-50k,30000.0,50000.0,硕士,3-5年,3,5,某南京基金/证券/期货公司,基金/证券/期货,50-99人,融资未公开,,,人工智能,,liepin,2026-07-22
项目经理（人工智能）,广州,18-23k,18000.0,23000.0,本科,5-10年,5,10,北京海致科技集团有限公司,计算机软件,500-999人,,,,人工智能,,liepin,2026-07-22
人工智能总经理,深圳,100-200k,100000.0,200000.0,硕士,10年以上,10,99,歌尔股份,电子/半导体/集成电路,10000人以上,已上市,,,人工智能,,liepin,2026-07-22
产业研究岗（苏州市人工智能有限公司）,苏州,15-35k,15000.0,35000.0,硕士,3年以上,3,99,苏州数智科技集团有限公司,云计算/大数据,100-499人,融资未公开,,,人工智能,,liepin,2026-07-22
人工智能专业方向副校长,泉州,40-70k,40000.0,70000.0,本科,10年以上,10,99,某国内大型培训服务公司,培训服务,10000人以上,,,,人工智能,,liepin,2026-07-22
投资分析师-投资经理（美元，硬科技/人工智能）,深圳,15-30k·20薪,15000.0,30000.0,硕士,1-3年,1,3,深圳某知名PE基金公司,基金/证券/投资,50-99人,,,,人工智能,,liepin,2026-07-22
人工智能总经理,北京,100-200k,100000.0,200000.0,硕士,10年以上,10,99,歌尔股份,电子/半导体/集成电路,10000人以上,已上市,,,人工智能,,liepin,2026-07-22
AIGC人工智能,杭州,7-12k,7000.0,12000.0,大专,经验不限,0,20,某杭州IT服务公司,IT服务,,,,AIGC,人工智能,,liepin,2026-07-22
高级投资经理（人工智能）,上海,30-40k·14薪,30000.0,40000.0,本科,2年以上,2,99,某上海基金/证券/期货公司,基金/证券/期货,1-49人,融资未公开,,,人工智能,,liepin,2026-07-22
副总经理（新能源、人工智能、航空航天产业等、科创产业运营与成果转化、产业生态总监 / 科创服务平台）35-40万、小于50岁、上海闵行区,上海,30-35k,30000.0,35000.0,本科,5-10年,5,10,某上海房地产开发经营公司,房地产开发经营,50-99人,融资未公开,,,人工智能,,liepin,2026-07-22
人工智能负责人（国企）,广州,30-40k,30000.0,40000.0,硕士,5-10年,5,10,某广州大型工程施工公司,工程施工,10000人以上,战略融资,,,人工智能,,liepin,2026-07-22
人工智能投资经理,南京,20-30k,20000.0,30000.0,硕士,3年以上,3,99,某南京基金/证券/期货公司,基金/证券/期货,50-99人,融资未公开,,,人工智能,,liepin,2026-07-22
领军人工智能应用架构师（音视频方向-国企直签）,广州,40-60k,40000.0,60000.0,硕士,3-5年,3,5,某电气机械/器材公司,电气机械/器材,,,,,人工智能,,liepin,2026-07-22
人工智能规划与管理,广州,18-30k,18000.0,30000.0,本科,3年以上,3,99,中智信通,IT服务,2000-5000人,,,,人工智能,,liepin,2026-07-22
人工智能及大数据首席科学家,北京,80-110k,80000.0,110000.0,不限,10年以上,10,99,某知名公司,通信设备,100-499人,,,,人工智能,,liepin,2026-07-22
人工智能项目管理岗,北京,20-40k,20000.0,40000.0,硕士,5-10年,5,10,某北京大型电力/热力/燃气/水务公司,电力/热力/燃气/水务,10000人以上,融资未公开,,,人工智能,,liepin,2026-07-22
人工智能算法工程师,珠海,25-50k,25000.0,50000.0,本科,1-3年,1,3,珠海金智维人工智能股份有限公司,人工智能,100-499人,C轮,,,人工智能,,liepin,2026-07-22
人工智能研究员,重庆,30-60k,30000.0,60000.0,博士,经验不限,0,20,某重庆AI/互联网/IT公司,AI/互联网/IT,100-499人,,,,人工智能,,liepin,2026-07-22
项目经理（人工智能）,北京,21-30k,21000.0,30000.0,硕士,3-5年,3,5,某北京互联网公司,互联网,100-499人,,,,人工智能,,liepin,2026-07-22
前沿科技类培训师（聚焦云原生、人工智能、低空经济）,上海,15-30k,15000.0,30000.0,本科,5-10年,5,10,高顿,培训服务,5000-10000人,,,,人工智能,,liepin,2026-07-22
首席人工智能官,深圳,500-510k·19薪,500000.0,510000.0,本科,10年以上,10,99,某知名公司,电子/半导体/集成电路,10000人以上,融资未公开,,,人工智能,,liepin,2026-07-22
人工智能首席专家,深圳,80-110k,80000.0,110000.0,不限,10年以上,10,99,某东莞电力/热力/燃气/水务公司,电力/热力/燃气/水务,100-499人,融资未公开,,,人工智能,,liepin,2026-07-22
人工智能项目管理岗(J12394),中山,35-45k,35000.0,45000.0,本科,7年以上,7,99,明阳智慧能源集团股份公司,新能源,10000人以上,,,,人工智能,,liepin,2026-07-22
人工智能标准化总监,上海,30-40k,30000.0,40000.0,本科,5-10年,5,10,上海市人工智能行业协会,政府/公共事业,50-99人,不需要融资,,,人工智能,,liepin,2026-07-22
人工智能高端人才招募（院士/杰青/长江学者级别）,北京,100-130k·15薪,100000.0,130000.0,不限,10年以上,10,99,某大型学术/科研公司,学术/科研,500-999人,天使轮,,,人工智能,,liepin,2026-07-22
神经人工智能副总裁 VP of NeuroAI,上海,100-200k,100000.0,200000.0,硕士,8年以上,8,99,某知名公司,医疗器械,50-99人,天使轮,,,人工智能,,liepin,2026-07-22
人工智能专家 (MJ000683),北京,35-45k,35000.0,45000.0,本科,10年以上,10,99,成都高新菁蓉汇智人才服务有限公司,咨询服务,1-49人,,,,人工智能,,liepin,2026-07-22
人工智能工程师,济南,20-25k,20000.0,25000.0,硕士,4-6年,4,6,某国内云计算/大数据公司,云计算/大数据,100-499人,融资未公开,,,人工智能,,liepin,2026-07-22
人工智能方案产品经理,北京,29-55k,29000.0,55000.0,本科,5-10年,5,10,某北京知名公司,培训服务,100-499人,A轮,,,人工智能,,liepin,2026-07-22
总经理（人工智能上市公司子公司）,上海,40-60k,40000.0,60000.0,本科,5-8年,5,8,海曦技术,人工智能,杨女士·人事经理,,,,人工智能,,liepin,2026-07-22
人工智能专家 36万-72万·年 上海 博士 45岁以下 国企 5年以上精通人工智能（特别是大语言模型）理论与应用技术,上海,30-60k,30000.0,60000.0,硕士,5-10年,5,10,某上海大型化工公司,化工,1000-2000人,,,,人工智能,,liepin,2026-07-22
人工智能研发岗,宁波,30-35k,30000.0,35000.0,博士,3-5年,3,5,某宁波学术/科研公司,学术/科研,,,,,人工智能,,liepin,2026-07-22
人工智能行业协会分会副秘书长,上海,15-30k,15000.0,30000.0,本科,3年以上,3,99,国幸能源,专业技术服务,50-99人,融资未公开,,,人工智能,,liepin,2026-07-22
人工智能治理与合规咨询专家,广州,30-35k,30000.0,35000.0,本科,5年以上,5,99,SGS中国,检测/认证,10000人以上,,,,人工智能,,liepin,2026-07-22
首席技术官（CTO）——人工智能事业部,北京,250-300k,250000.0,300000.0,本科,10年以上,10,99,WELLESLEY PARTNERS LIMITED,其他行业,,,,,人工智能,,liepin,2026-07-22
人工智能投资岗,南京,20-40k,20000.0,40000.0,硕士,5年以上,5,99,某南京基金/证券/期货公司,基金/证券/期货,50-99人,融资未公开,,,人工智能,,liepin,2026-07-22
网络安全人工智能专家,北京,30-60k,30000.0,60000.0,博士,5-7年,5,7,勋厚人力,人力资源服务,100-499人,B轮,,,人工智能,,liepin,2026-07-22
教育人工智能专员,深圳,10-15k,10000.0,15000.0,硕士,1年以下,,,某深圳政府/公共事业公司,政府/公共事业,1-49人,,,,人工智能,,liepin,2026-07-22
人工智能副总裁 CIO,深圳,60-70k·15薪,60000.0,70000.0,本科,10年以上,10,99,某深圳印刷包装上市公司,印刷/包装/造纸,5000-10000人,已上市,,,人工智能,,liepin,2026-07-22
数据与人工智能技术经理,上海,40-60k·14薪,40000.0,60000.0,本科,8年以上,8,99,某上海大型服装/纺织/皮革公司,服装/纺织/皮革,1000-2000人,不需要融资,,,人工智能,,liepin,2026-07-22
PE/VC投资-硬科技/人工智能,郑州,25-30k·14薪,25000.0,30000.0,硕士,3-5年,3,5,某知名公司,基金/证券/期货,1-49人,融资未公开,,,人工智能,,liepin,2026-07-22
人工智能负责人（建筑工程）,广州,30-40k·13薪,30000.0,40000.0,硕士,5-10年,5,10,某广州大型工程施工公司,工程施工,10000人以上,战略融资,,,人工智能,,liepin,2026-07-22
人工智能投资岗 36万-48万·年 南京   国有企业 人工智能及信息技术行业,南京,25-40k,25000.0,40000.0,硕士,3-5年,3,5,某南京基金/证券/期货公司,基金/证券/期货,50-99人,融资未公开,,,人工智能,,liepin,2026-07-22
销售总监(人工智能方向),常州,20-40k,20000.0,40000.0,本科,8年以上,8,99,常州第六元素材料科技股份有限公司,化工,徐亚华·人事总监,,,,人工智能,,liepin,2026-07-22
人工智能解决方案专家,北京,30-50k,30000.0,50000.0,硕士,5-10年,5,10,某北京知名公司,计算机软件,2000-5000人,融资未公开,,,人工智能,,liepin,2026-07-22
中国科学院工业人工智能研究所,南京,20-30k·14薪,20000.0,30000.0,博士,经验不限,0,20,某南京大型学术/科研公司,学术/科研,1000-2000人,,,,人工智能,,liepin,2026-07-22
人工智能专业管培生（海归硕士）,海口,8-12k,8000.0,12000.0,硕士,1年以下,,,某国内大型制药公司,制药,10000人以上,融资未公开,,,人工智能,,liepin,2026-07-22
Senior AI Architect /高级人工智能架构师,上海,25-35k·13薪,25000.0,35000.0,不限,5-10年,5,10,某大型世界500强咨询服务公司,咨询服务,10000人以上,不需要融资,,,人工智能,,liepin,2026-07-22
人工智能负责人（央企）,广州,25-40k,25000.0,40000.0,硕士,3-5年,3,5,某厦门大型工程施工公司,工程施工,10000人以上,融资未公开,,,人工智能,,liepin,2026-07-22
投资经理（人工智能/创投方向 行业龙头）,北京,20-30k·22薪,20000.0,30000.0,硕士,3-5年,3,5,某国内大型基金/证券/期货公司,基金/证券/期货,2000-5000人,战略融资,,,人工智能,,liepin,2026-07-22
人工智能工程师,中山,10-24k,10000.0,24000.0,本科,3-5年,3,5,森栩医学科技,医药流通,50-99人,,,,人工智能,,liepin,2026-07-22
人工智能测试工程师,北京,15-20k,15000.0,20000.0,硕士,3-5年,3,5,国家工信安全中心,学术/科研,马女士·人力资源经理,,,,人工智能,,liepin,2026-07-22
高级产品经理（人工智能方向）,北京,30-55k,30000.0,55000.0,本科,5-10年,5,10,某国内大型保险公司,保险,5000-10000人,天使轮,,,人工智能,,liepin,2026-07-22
资深人工智能专家,珠海,60-90k,60000.0,90000.0,本科,5-10年,5,10,珠海金智维人工智能股份有限公司,人工智能,100-499人,C轮,,,人工智能,,liepin,2026-07-22
人工智能算法工程师,上海,27-50k,27000.0,50000.0,硕士,3-5年,3,5,某上海电力/热力/燃气/水务公司,电力/热力/燃气/水务,50-99人,,,,人工智能,,liepin,2026-07-22
人工智能交付经理（产教融合/base福州）,厦门,18-25k,18000.0,25000.0,本科,5-10年,5,10,某知名公司,计算机软件,100-499人,B轮,,,人工智能,,liepin,2026-07-22
人工智能公共事务负责人,杭州,60-90k·16薪,60000.0,90000.0,本科,10年以上,10,99,某知名互联网上市公司,电子商务,10000人以上,已上市,,,人工智能,,liepin,2026-07-22
系统研发岗【AI算法方向】,武汉,20-30k,20000.0,30000.0,本科,5年以上,5,99,东风物流集团,货运/物流/仓储,2000-5000人,,,,机器学习,,liepin,2026-07-22
具身智能算法工程师,苏州,20-40k·14薪,20000.0,40000.0,硕士,1-3年,1,3,上海纬钛科技有限公司,云计算/大数据,张女士·人力运营总监,天使轮,,,机器学习,,liepin,2026-07-22
AI/机器学习研究员,上海,薪资面议,,,硕士,经验不限,0,20,中欧基金,基金/证券/期货,张女士·人力资源,,,,机器学习,,liepin,2026-07-22
机器学习训练基础设施工程师,北京,25-40k,25000.0,40000.0,本科,1-3年,1,3,光象科技,人工智能,50-99人,,,,机器学习,,liepin,2026-07-22
机器学习（居家 远程办公 全职）,上海,40-70k,40000.0,70000.0,本科,2年以上,2,99,某上海互联网公司,互联网,50-99人,融资未公开,,,机器学习,,liepin,2026-07-22
机器学习算法工程师,上海,25-40k,25000.0,40000.0,硕士,3年以上,3,99,春秋航空,民航/铁路/公路/水路客运,10000人以上,,,,机器学习,,liepin,2026-07-22
算法工程师（机器学习预测分析）,深圳,25-35k·16薪,25000.0,35000.0,本科,1-3年,1,3,某深圳大型基金/证券/期货公司,基金/证券/期货,10000人以上,融资未公开,,,机器学习,,liepin,2026-07-22
真实世界数据：数据分析-机器学习工程师,上海,15-25k,15000.0,25000.0,硕士,3年以上,3,99,临港实验室,政府/公共事业,500-999人,,,,机器学习,,liepin,2026-07-22
机器学习工程师（SLAM+3D位姿）,苏州,30-60k·14薪,30000.0,60000.0,本科,3-5年,3,5,海宇数维(苏州)科技有限公司,互联网,1-49人,,,,机器学习,,liepin,2026-07-22
高级机器学习工程师,上海,30-60k,30000.0,60000.0,硕士,3-5年,3,5,某上海IT服务公司,IT服务,100-499人,,,,机器学习,,liepin,2026-07-22
机器学习工程师（视频理解）,苏州,30-60k·14薪,30000.0,60000.0,本科,3-5年,3,5,海宇数维(苏州)科技有限公司,互联网,1-49人,,,,机器学习,,liepin,2026-07-22
机器学习算法工程师,温州,10-20k,10000.0,20000.0,硕士,1-3年,1,3,浙江大学温州研究院,专业技术服务,100-499人,,,,机器学习,,liepin,2026-07-22
宠物行为识别算法工程师,深圳,15-20k,15000.0,20000.0,本科,经验不限,0,20,百舜(深圳)电子科技有限公司,电子商务,1-49人,,,,机器学习,,liepin,2026-07-22
机器学习算法工程师,北京,15-20k,15000.0,20000.0,本科,1-3年,1,3,零点有数,云计算/大数据,500-999人,,,,机器学习,,liepin,2026-07-22
数据挖掘/机器学习算法岗,北京,15-25k,15000.0,25000.0,本科,经验不限,0,20,某北京电气机械/器材上市公司,电气机械/器材,10000人以上,已上市,,,机器学习,,liepin,2026-07-22
量化投资经理（机器学习方向）,上海,30-60k·15薪,30000.0,60000.0,硕士,2年以上,2,99,同石(山东)私募基金管理有限公司,基金/证券/期货,50-99人,,,,机器学习,,liepin,2026-07-22
高级数据分析师(A193687),巴音郭楞,15-30k,15000.0,30000.0,硕士,7年以上,7,99,昆仑数智,计算机软件,2000-5000人,,,,机器学习,,liepin,2026-07-22
智能系统架构专家（AI方向）,上海,20-50k·15薪,20000.0,50000.0,本科,5-10年,5,10,欧普照明,家电,5000-10000人,,,,机器学习,,liepin,2026-07-22
量化研究员(机器学习方向),上海,60-90k,60000.0,90000.0,本科,1年以下,,,某知名量化私募,计算机软件,50-99人,,,,机器学习,,liepin,2026-07-22
制造数据算法和机器学习工程师,苏州,23-27k,23000.0,27000.0,本科,3-5年,3,5,某上海人力资源服务公司,人力资源服务,100-499人,融资未公开,,,机器学习,,liepin,2026-07-22
嵌入式机器学习开发工程师（嵌入式社招/应届生可投递）,北京,10-20k·13薪,10000.0,20000.0,本科,经验不限,0,20,思迹信息技术(苏州)有限公司,电子/半导体/集成电路,100-499人,,,,机器学习,,liepin,2026-07-22
机器学习工程师,上海,25-50k,25000.0,50000.0,本科,经验不限,0,20,某上海IT服务公司,IT服务,100-499人,,,,机器学习,,liepin,2026-07-22
机器学习工程师（外企·英语·远程）,北京,40-70k·14薪,40000.0,70000.0,本科,5-10年,5,10,某知名公司,IT服务,100-499人,,,,机器学习,,liepin,2026-07-22
数据挖掘/机器学习算法岗,北京,21-25k·15薪,21000.0,25000.0,本科,3-5年,3,5,某北京电子/半导体/集成电路上市公司,电气机械/器材,10000人以上,已上市,,,机器学习,,liepin,2026-07-22
量化研究员（机器学习方向）,北京,15-30k,15000.0,30000.0,本科,经验不限,0,20,瑞鑫天算,基金/证券/期货,卓女士·人事经理,,,,机器学习,,liepin,2026-07-22
AI 机器学习与自动化工程实习生,上海,6-8k,6000.0,8000.0,本科,经验不限,0,20,某大型专业技术服务公司,专业技术服务,10000人以上,已上市,,,机器学习,,liepin,2026-07-22
首席机器学习工程师,上海,100-200k·13薪,100000.0,200000.0,本科,5-10年,5,10,某知名公司,咨询服务,50-99人,融资未公开,,,机器学习,,liepin,2026-07-22
机器学习工程师,苏州,70-100k·14薪,70000.0,100000.0,本科,3-5年,3,5,某成都IT服务公司,IT服务,,,,,机器学习,,liepin,2026-07-22
量化研究员机器学习,上海,50-75k·18薪,50000.0,75000.0,不限,经验不限,0,20,某上海基金/证券/期货公司,基金/证券/期货,100-499人,融资未公开,,,机器学习,,liepin,2026-07-22
算法工程师（强化学习 / 多模态 / 大模型 Agent / 机器学习）,南京,30-55k·18薪,30000.0,55000.0,硕士,1年以上,1,99,某南京科技推广服务公司,科技推广服务,,,,,机器学习,,liepin,2026-07-22
机器学习平台开发工程师（知名quant）,上海,40-70k·18薪,40000.0,70000.0,本科,经验不限,0,20,百亿量化私募公司,基金/证券/投资,100-499人,融资未公开,,,机器学习,,liepin,2026-07-22
算法工程师【高薪不卷不加班，接受转行】-机器学习、深度学习、强化学习等for量化研究/量化交易,广州,90-120k·24薪,90000.0,120000.0,本科,经验不限,0,20,上百家量化自营及私募（几亿到百亿都有）,基金/证券/期货,50-99人,不需要融资,,,机器学习,,liepin,2026-07-22
机器学习量化算法研究院,北京,20-35k·14薪,20000.0,35000.0,本科,经验不限,0,20,某北京计算机软件公司,计算机软件,50-99人,A轮,,,机器学习,,liepin,2026-07-22
MLE 机器学习工程师（ai外企，远程岗位）,上海,40-70k,40000.0,70000.0,不限,经验不限,0,20,某上海基金/证券/期货公司,基金/证券/期货,100-499人,融资未公开,,,机器学习,,liepin,2026-07-22
机器学习（知名quant-薪资open）,北京,40-70k·19薪,40000.0,70000.0,本科,经验不限,0,20,百亿量化私募公司,基金/证券/投资,100-499人,融资未公开,,,机器学习,,liepin,2026-07-22
机器学习（知名quant）,上海,40-70k·19薪,40000.0,70000.0,本科,经验不限,0,20,百亿量化私募公司,基金/证券/投资,100-499人,融资未公开,,,机器学习,,liepin,2026-07-22
机器学习专家,深圳,80-110k·18薪,80000.0,110000.0,本科,10年以上,10,99,某上海互联网上市公司,电子商务,100-499人,已上市,,,机器学习,,liepin,2026-07-22
数据挖掘/机器学习算法岗,北京,20-30k,20000.0,30000.0,本科,3-5年,3,5,某北京电子技术上市公司,电气机械/器材,10000人以上,已上市,,,机器学习,,liepin,2026-07-22
机器学习工程师 / ML Engineer,上海,25-35k·15薪,25000.0,35000.0,本科,3-5年,3,5,某上海IT服务公司,IT服务,1-49人,,,,机器学习,,liepin,2026-07-22
算法专家（机器学习方向）,北京,40-70k,40000.0,70000.0,本科,经验不限,0,20,某北京知名互联网公司,互联网,100-499人,,,,机器学习,,liepin,2026-07-22
算法工程师（机器学习预测分析）,深圳,25-50k,25000.0,50000.0,本科,1-3年,1,3,某深圳大型计算机软件公司,计算机软件,2000-5000人,战略融资,,,机器学习,,liepin,2026-07-22
项目GM-智能BG副总裁-应用工程DGM-机器学习DGM   北京/深圳,深圳,150-180k·18薪,150000.0,180000.0,硕士,10年以上,10,99,某深圳大型互联网公司,互联网,10000人以上,战略融资,,,机器学习,,liepin,2026-07-22
机器学习工程师,苏州,40-70k·14薪,40000.0,70000.0,本科,3-5年,3,5,某苏州互联网公司,互联网,1-49人,,,,机器学习,,liepin,2026-07-22
机器学习专家,重庆,20-35k·14薪,20000.0,35000.0,硕士,3年以上,3,99,知名外资电子半导体公司,电子/芯片/半导体,2000-5000人,融资未公开,,,机器学习,,liepin,2026-07-22
算法工程师【高薪不卷不加班，接受转行】-机器学习、深度学习、强化学习等for量化研究/量化交易,上海,90-120k·24薪,90000.0,120000.0,本科,经验不限,0,20,上百家量化自营及私募（几亿到百亿都有）,基金/证券/期货,50-99人,不需要融资,,,机器学习,,liepin,2026-07-22
金融工程组量化研究员(机器学习及NLP方向),上海,10-20k,10000.0,20000.0,硕士,经验不限,0,20,中信建投期货,基金/证券/期货,500-999人,,,NLP,机器学习,,liepin,2026-07-22
AI算法工程师（机器学习预测分析）,深圳,35-50k·16薪,35000.0,50000.0,硕士,1-3年,1,3,某上海知名公司,批发/零售,1000-2000人,融资未公开,,,机器学习,,liepin,2026-07-22
高级机器学习工程师,上海,50-80k,50000.0,80000.0,本科,5-10年,5,10,某知名公司,咨询服务,50-99人,融资未公开,,,机器学习,,liepin,2026-07-22
制造数据算法与机器学习工程师,苏州,20-40k,20000.0,40000.0,硕士,3年以上,3,99,溯洄人才国际(香港)有限公司,刘女士·招聘经理,,,,,机器学习,,liepin,2026-07-22
机器学习平台工程师（京沪）,北京,40-70k·18薪,40000.0,70000.0,本科,经验不限,0,20,某北京基金/证券/期货公司,基金/证券/期货,100-499人,融资未公开,,,机器学习,,liepin,2026-07-22
机器学习技术人员,上海,30-50k·13薪,30000.0,50000.0,不限,1-3年,1,3,某知名公司,咨询服务,50-99人,融资未公开,,,机器学习,,liepin,2026-07-22
机器学习，量化研究员,上海,250-410k·24薪,250000.0,410000.0,博士,1-3年,1,3,某基金/证券/期货公司,基金/证券/期货,100-499人,融资未公开,,,机器学习,,liepin,2026-07-22
机器学习工程师,济宁,15-28k·13薪,15000.0,28000.0,硕士,1-3年,1,3,全球前轮胎企业集团,化学化工,5000-10000人,战略融资,,,机器学习,,liepin,2026-07-22
开发/测试/JS/AI/机器学习（接受无经验）,上海,15-30k·14薪,15000.0,30000.0,本科,经验不限,0,20,某大型世界500强通信设备公司,通信设备,10000人以上,战略融资,,,机器学习,,liepin,2026-07-22
量化研究员 - 机器学习方向,上海,40-70k·14薪,40000.0,70000.0,本科,1-3年,1,3,璞理投资管理(上海)有限公司,基金/证券/期货,1-49人,,,,机器学习,,liepin,2026-07-22
机器学习算法工程师,北京,35-60k·16薪,35000.0,60000.0,硕士,3-5年,3,5,某杭州互联网上市公司,电子商务,10000人以上,已上市,,,机器学习,,liepin,2026-07-22
ai/机器学习工程师,深圳,30-60k·15薪,30000.0,60000.0,硕士,3年以上,3,99,某知名公司,智能硬件/消费电子,10000人以上,融资未公开,,,机器学习,,liepin,2026-07-22
机器学习模型研究员【北京、上海和香港都看】,上海,50-80k·20薪,50000.0,80000.0,硕士,经验不限,0,20,某基金/证券/期货公司,基金/证券/期货,50-99人,融资未公开,,,机器学习,,liepin,2026-07-22
AI产品经理-运筹&机器学习方向,杭州,25-45k,25000.0,45000.0,本科,3-5年,3,5,某杭州计算机软件公司,计算机软件,100-499人,B轮,,,机器学习,,liepin,2026-07-22
算法工程师（强化学习 / 多模态 / 大模型 Agent / 机器学习）,南京,40-60k·16薪,40000.0,60000.0,硕士,3-5年,3,5,某南京科技推广服务公司,科技推广服务,,,,,机器学习,,liepin,2026-07-22
量化研究员（AI/机器学习方向）,上海,300-400k·14薪,300000.0,400000.0,博士,经验不限,0,20,某上海基金/证券/期货公司,基金/证券/期货,1-49人,,,,机器学习,,liepin,2026-07-22
数据挖掘/机器学习算法岗,北京,19-35k,19000.0,35000.0,本科,3年以上,3,99,某北京电气机械/器材上市公司,电气机械/器材,10000人以上,已上市,,,机器学习,,liepin,2026-07-22
制造数据算法与机器学习工程师,苏州,20-40k·16薪,20000.0,40000.0,本科,3年以上,3,99,某苏州大型汽车零部件及配件公司,汽车零部件及配件,1000-2000人,融资未公开,,,机器学习,,liepin,2026-07-22
数据挖掘/机器学习算法岗（北京市属国企正式工编制）,北京,15-25k·14薪,15000.0,25000.0,本科,3-5年,3,5,某上市公司,电子设备,10000人以上,已上市,,,机器学习,,liepin,2026-07-22
机器学习工程师（某头部集团孵化的AI公司）远程办公,北京,20-40k,20000.0,40000.0,本科,经验不限,0,20,某知名公司,培训服务,100-499人,A轮,,,机器学习,,liepin,2026-07-22
机器学习平台调度负责人（北京上海杭州）,北京,100-150k·15薪,100000.0,150000.0,本科,经验不限,0,20,某北京大型互联网公司,在线社交/媒体,10000人以上,融资未公开,,,机器学习,,liepin,2026-07-22
数据挖掘/机器学习算法岗(J52618),北京,15-25k,15000.0,25000.0,本科,5-10年,5,10,某北京电子/半导体/集成电路上市公司,电气机械/器材,10000人以上,已上市,,,机器学习,,liepin,2026-07-22
机器学习研究员（AI应用-化学工艺方向）(J12687),天津,薪资面议,,,硕士,1-3年,1,3,凯莱英医药集团(天津)股份有限公司,制药,5000-10000人,,,,机器学习,,liepin,2026-07-22
机器学习量化算法研究员,北京,30-50k·14薪,30000.0,50000.0,本科,3-5年,3,5,某计算机软件公司,计算机软件,50-99人,A轮,,,机器学习,,liepin,2026-07-22
算法/机器学习,北京,30-60k,30000.0,60000.0,硕士,1-3年,1,3,某头部量化私募团队,基金,100-499人,融资未公开,,,机器学习,,liepin,2026-07-22
算法工程师（图像算法/机器学习/AI大模型）,南京,15-30k·14薪,15000.0,30000.0,本科,经验不限,0,20,某深圳大型通信设备公司,通信设备,10000人以上,战略融资,,,机器学习,,liepin,2026-07-22
（外企）机器学习工程师Machine Learning Engineer,上海,35-65k,35000.0,65000.0,硕士,经验不限,0,20,某知名公司,IT服务,100-499人,,,机器学习,机器学习,,liepin,2026-07-22
高级机器学习工程师（头部集团孵化AI公司） 远程办公,北京,20-40k,20000.0,40000.0,本科,经验不限,0,20,某知名公司,培训服务,100-499人,A轮,,,机器学习,,liepin,2026-07-22
算法工程师（机器学习预测分析）,深圳,20-40k·16薪,20000.0,40000.0,本科,1-3年,1,3,某知名公司,计算机软件,2000-5000人,战略融资,,,机器学习,,liepin,2026-07-22
机器学习存储系统工程师/专家--北京/上海/杭州,北京,50-80k·15薪,50000.0,80000.0,本科,5-10年,5,10,某北京大型在线社交/媒体公司,在线社交/媒体,10000人以上,,,,机器学习,,liepin,2026-07-22
量化研究员（机器学习）,上海,40-70k·15薪,40000.0,70000.0,硕士,经验不限,0,20,知名量化对冲私募,基金/证券/投资,50-99人,融资未公开,,,机器学习,,liepin,2026-07-22
资深机器学习算法负责人,上海,110-150k·19薪,110000.0,150000.0,本科,5-10年,5,10,某知名公司,专业技术服务,10000人以上,,,,机器学习,,liepin,2026-07-22
数据挖掘/机器学习算法工程师,北京,15-25k,15000.0,25000.0,不限,3-5年,3,5,某北京大型智能硬件公司,智能硬件/消费电子,10000人以上,,,,机器学习,,liepin,2026-07-22
高级制造数据算法与机器学习工程师,苏州,40-50k,40000.0,50000.0,硕士,5年以上,5,99,溯洄人才国际(香港)有限公司,刘女士·招聘经理,,,,,机器学习,,liepin,2026-07-22
机器学习算法工程师,北京,28-45k·13薪,28000.0,45000.0,本科,3-5年,3,5,某国内大型电子/半导体/集成电路公司,电子/半导体/集成电路,500-999人,融资未公开,,,机器学习,,liepin,2026-07-22
算法工程师（机器学习预测分析）,深圳,30-55k,30000.0,55000.0,本科,1-3年,1,3,某深圳大型基金/证券/期货公司,基金/证券/期货,10000人以上,融资未公开,,,机器学习,,liepin,2026-07-22
机器学习算法工程师（ML/LLM）,北京,15-20k,15000.0,20000.0,本科,1-3年,1,3,零点有数,云计算/大数据,500-999人,,,LLM/大模型,机器学习,,liepin,2026-07-22
机器学习与 AI 专家 (上海),上海,35-50k·15薪,35000.0,50000.0,本科,5-10年,5,10,舍弗勒,汽车零部件及配件,于先生·人才招聘,,,,机器学习,,liepin,2026-07-22
机器学习工程师（薪资open）,深圳,50-80k·22薪,50000.0,80000.0,硕士,经验不限,0,20,某知名量化私募,基金,1-49人,融资未公开,,,机器学习,,liepin,2026-07-22
AI机器学习工程师,北京,35-65k·13薪,35000.0,65000.0,本科,2年以上,2,99,某苏州人力资源服务公司,人力资源服务,100-499人,融资未公开,,,机器学习,,liepin,2026-07-22
高级机器学习/强化学习算法工程师,上海,30-60k,30000.0,60000.0,硕士,经验不限,0,20,合肥国家实验室,政府/公共事业,1000-2000人,,,,机器学习,,liepin,2026-07-22
机器学习预测算法开发工程师,苏州,14-20k,14000.0,20000.0,硕士,经验不限,0,20,某苏州学术/科研公司,学术/科研,1-49人,天使轮,,,机器学习,,liepin,2026-07-22
机器学习工程师,嘉兴,40-60k,40000.0,60000.0,博士,经验不限,0,20,某国内专业技术服务公司,专业技术服务,1-49人,,,,机器学习,,liepin,2026-07-22
算法工程师【高薪不卷不加班，接受转行】-机器学习、深度学习、强化学习等for量化研究/量化交易,香港,90-120k·24薪,90000.0,120000.0,本科,经验不限,0,20,上百家量化自营及私募（几亿到百亿都有）,基金/证券/期货,50-99人,不需要融资,,,机器学习,,liepin,2026-07-22
机器学习（图像算法）,上海,40-45k·15薪,40000.0,45000.0,硕士,经验不限,0,20,某国内仪器仪表公司,医疗器械,1-49人,A轮,,,机器学习,,liepin,2026-07-22
工业机器学习算法专家,重庆,20-30k·15薪,20000.0,30000.0,本科,3-5年,3,5,某重庆大型电子/半导体/集成电路公司,电子/半导体/集成电路,5000-10000人,融资未公开,,,机器学习,,liepin,2026-07-22
算法工程师（机器学习预测分析、AI量化投资）,深圳,30-50k·16薪,30000.0,50000.0,本科,3-5年,3,5,某深圳大型计算机软件公司,计算机软件,2000-5000人,战略融资,,,机器学习,,liepin,2026-07-22
AI Infra机器学习平台研发工程师,北京,40-70k·15薪,40000.0,70000.0,不限,经验不限,0,20,某杭州互联网上市公司,电子商务,10000人以上,已上市,,,机器学习,,liepin,2026-07-22
算法工程师（机器学习预测分析）,深圳,30-45k·16薪,30000.0,45000.0,本科,经验不限,0,20,某深圳大型科技金融公司,基金/证券/期货,10000人以上,融资未公开,,,机器学习,,liepin,2026-07-22
机器学习（可实习）,上海,30-55k,30000.0,55000.0,博士,经验不限,0,20,某知名公司,人力资源服务,50-99人,融资未公开,,,机器学习,,liepin,2026-07-22
机器学习算法工程师,北京,35-65k·14薪,35000.0,65000.0,不限,3-5年,3,5,某国内大型电子/半导体/集成电路公司,电子/半导体/集成电路,500-999人,融资未公开,,,机器学习,,liepin,2026-07-22
资深机器学习专家 Principal Machine Learning Engineer,上海,40-70k,40000.0,70000.0,本科,5年以上,5,99,某知名公司,IT服务,100-499人,,,机器学习,机器学习,,liepin,2026-07-22
机器学习工程师（SLAM+3D位姿）,苏州,30-60k,30000.0,60000.0,本科,3-5年,3,5,海宇数维(苏州)科技有限公司,互联网,赵女士·人力资源经理,,,,机器学习,,liepin,2026-07-22
算法工程师（机器学习预测分析）,深圳,20-40k·17薪,20000.0,40000.0,硕士,3-5年,3,5,某知名公司,计算机软件,2000-5000人,战略融资,,,机器学习,,liepin,2026-07-22
热招CTA研究员/机器学习/C++低延迟系统/量化研究员等,成都,30-60k,30000.0,60000.0,硕士,经验不限,0,20,某知名公司,基金/证券/期货,100-499人,不需要融资,,,机器学习,,liepin,2026-07-22
CTA量化策略研究员/PM（机器学习方向）,上海,25-40k·15薪,25000.0,40000.0,硕士,3-5年,3,5,某上海基金/证券/期货公司,基金/证券/期货,50-99人,,,,机器学习,,liepin,2026-07-22
供应链AI算法工程师（传统机器学习）,天津,20-25k,20000.0,25000.0,硕士,3-5年,3,5,某知名货运/物流/仓储公司,货运/物流/仓储,10000人以上,A轮,,,机器学习,,liepin,2026-07-22
数据科学家（机器学习+LLM方向）,上海,24-35k,24000.0,35000.0,本科,3-5年,3,5,某上海专业技术服务公司,专业技术服务,50-99人,融资未公开,,LLM/大模型,机器学习,,liepin,2026-07-22
高级风控算法工程师 - 机器学习,深圳,30-55k,30000.0,55000.0,本科,5-7年,5,7,科技金融,500-999人,,,,,机器学习,,liepin,2026-07-22
机器学习工程师,北京,120-150k,120000.0,150000.0,本科,5-10年,5,10,某北京咨询服务公司,人力资源服务,100-499人,,,,机器学习,,liepin,2026-07-22
机器学习,成都,45-75k·14薪,45000.0,75000.0,本科,5-10年,5,10,某成都大型智能硬件/消费电子公司,智能硬件/消费电子,5000-10000人,,,,机器学习,,liepin,2026-07-22
算法工程师【高薪不卷不加班，接受转行】-机器学习、深度学习、强化学习等for量化研究/量化交易,南京,90-120k·24薪,90000.0,120000.0,本科,经验不限,0,20,上百家量化自营及私募（几亿到百亿都有）,基金/证券/期货,50-99人,不需要融资,,,机器学习,,liepin,2026-07-22
医学AI算法工程师（机器学习/深度学习）,北京,40-60k·15薪,40000.0,60000.0,硕士,5年以上,5,99,某北京科技推广服务公司,科技推广服务,,,,,机器学习,,liepin,2026-07-22
热招机器学习/C++低延迟系统/量化研究员等,上海,30-60k,30000.0,60000.0,硕士,经验不限,0,20,某知名公司,基金/证券/期货,100-499人,不需要融资,,,机器学习,,liepin,2026-07-22
"机器学习技术负责人 Technical Lead, Machine Learning",上海,60-90k,60000.0,90000.0,本科,5年以上,5,99,某知名公司,IT服务,100-499人,,,机器学习,机器学习,,liepin,2026-07-22
BMS算法开发工程师（数学建模/机器学习方向）(J14611),常州,15-30k·13薪,15000.0,30000.0,硕士,3年以上,3,99,中创新航科技集团股份有限公司,新能源,10000人以上,,,,机器学习,,liepin,2026-07-22
机器学习平台开发工程师,上海,30-60k·14薪,30000.0,60000.0,本科,3-5年,3,5,某知名公司,人工智能,1-49人,,,,机器学习,,liepin,2026-07-22
"机器学习技术研发专员 Member of Technical Staff, Machine Learning",北京,20-40k,20000.0,40000.0,本科,3年以上,3,99,某知名公司,IT服务,100-499人,,,机器学习,机器学习,,liepin,2026-07-22
资深机器学习专家 Staff Machine Learning Engineer,上海,60-90k,60000.0,90000.0,本科,5年以上,5,99,某知名公司,IT服务,100-499人,,,机器学习,机器学习,,liepin,2026-07-22
算法工程师【高薪不卷不加班，接受转行】-机器学习、深度学习、强化学习等for量化研究/量化交易,深圳,90-120k·24薪,90000.0,120000.0,本科,经验不限,0,20,上百家量化自营及私募（几亿到百亿都有）,基金/证券/期货,50-99人,不需要融资,,,机器学习,,liepin,2026-07-22
机器学习研究员,深圳,40-70k,40000.0,70000.0,本科,5年以上,5,99,某知名公司,IT服务,100-499人,,,,机器学习,,liepin,2026-07-22
首席机器学习工程师,北京,40-70k,40000.0,70000.0,本科,5年以上,5,99,某知名公司,IT服务,100-499人,,,,机器学习,,liepin,2026-07-22
机器学习工程师（外企，base北京/远程）,北京,30-60k·15薪,30000.0,60000.0,硕士,3-5年,3,5,某知名公司,科技推广服务,,天使轮,,,机器学习,,liepin,2026-07-22
首席机器学习工程师（外企，大模型训练 / 推理工程）,杭州,100-160k·13薪,100000.0,160000.0,硕士,5-10年,5,10,某上海IT服务公司,IT服务,100-499人,,,,机器学习,,liepin,2026-07-22
机器学习算法高级工程师,杭州,15-30k·15薪,15000.0,30000.0,硕士,3年以上,3,99,三花控股集团,机械/设备,10000人以上,,,,机器学习,,liepin,2026-07-22
"Member of Technical Staff, Machine Learning 机器学习",上海,25-50k,25000.0,50000.0,本科,3年以上,3,99,某知名公司,IT服务,100-499人,,,机器学习,机器学习,,liepin,2026-07-22
机器学习/统计算法工程师,北京,28-50k,28000.0,50000.0,硕士,经验不限,0,20,某专业技术服务公司,专业技术服务,2000-5000人,,,,机器学习,,liepin,2026-07-22
首席机器学习专家,深圳,40-70k,40000.0,70000.0,本科,5年以上,5,99,某知名公司,IT服务,100-499人,,,,机器学习,,liepin,2026-07-22
量子算法工程师（量子机器学习）,深圳,35-55k·14薪,35000.0,55000.0,硕士,2-10年,2,10,某深圳计算机硬件公司,计算机硬件,100-499人,C轮,,,机器学习,,liepin,2026-07-22
技术总监（机器学习引擎）,上海,200-250k,200000.0,250000.0,本科,5-10年,5,10,某深圳机械/设备公司,机械/设备,100-499人,A轮,,,机器学习,,liepin,2026-07-22
AI博士岗位（机器学习方向）,深圳,60-80k·15薪,60000.0,80000.0,博士,1-3年,1,3,某深圳互联网上市公司,互联网,5000-10000人,已上市,,,机器学习,,liepin,2026-07-22
高级机器学习专家,北京,40-70k,40000.0,70000.0,本科,5年以上,5,99,某知名公司,IT服务,100-499人,,,,机器学习,,liepin,2026-07-22
机器学习推理部署工程师-上海 (MJ000568),上海,30-60k·15薪,30000.0,60000.0,硕士,经验不限,0,20,瑞芯微电子股份有限公司,电子/半导体/集成电路,赖女士·人力资源经理,,,,机器学习,,liepin,2026-07-22
机器学习技术负责人,深圳,60-90k,60000.0,90000.0,本科,7年以上,7,99,某知名公司,IT服务,100-499人,,,,机器学习,,liepin,2026-07-22
机器学习工程师,杭州,20-40k,20000.0,40000.0,本科,5年以上,5,99,某知名公司,IT服务,100-499人,,,,机器学习,,liepin,2026-07-22
数据算法与机器学习工程师,苏州,25-30k·14薪,25000.0,30000.0,本科,3-5年,3,5,某苏州大型汽车零部件及配件公司,汽车零部件及配件,1000-2000人,融资未公开,,,机器学习,,liepin,2026-07-22
机器学习工程师,北京,30-50k,30000.0,50000.0,本科,3-5年,3,5,某北京科技推广服务公司,科技推广服务,,,,,机器学习,,liepin,2026-07-22
算法工程师【高薪不卷不加班，接受转行】-机器学习、深度学习、强化学习等for量化研究/量化交易,杭州,90-120k·24薪,90000.0,120000.0,本科,经验不限,0,20,上百家量化自营及私募（几亿到百亿都有）,基金/证券/期货,50-99人,不需要融资,,,机器学习,,liepin,2026-07-22
算法工程师（机器学习预测分析）,深圳,20-40k,20000.0,40000.0,硕士,1-3年,1,3,某深圳大型计算机软件公司,计算机软件,2000-5000人,战略融资,,,机器学习,,liepin,2026-07-22
算法工程师【高薪不卷不加班，接受转行】-机器学习、深度学习、强化学习等for量化研究/量化交易,北京,90-120k·24薪,90000.0,120000.0,本科,经验不限,0,20,上百家量化自营及私募（几亿到百亿都有）,基金/证券/期货,50-99人,不需要融资,,,机器学习,,liepin,2026-07-22
算法高级工程师（机器学习方向）,上海,薪资面议,,,硕士,3年以上,3,99,美的集团,家电,10000人以上,,,,机器学习,,liepin,2026-07-22
机器学习研究员,上海,20-40k·15薪,20000.0,40000.0,硕士,3年以下,,,上海氢氦软件有限公司,咨询服务,50-99人,,,,机器学习,,liepin,2026-07-22
AI算法工程师（机器学习/深度学习方向）,上海,50-80k·18薪,50000.0,80000.0,硕士,经验不限,0,20,睿库德人才管理,其他商务服务业,沈女士·合伙人,,,,机器学习,,liepin,2026-07-22
高级机器学习工程师 Senior Machine Learning Engineer,上海,40-70k,40000.0,70000.0,本科,5年以上,5,99,某知名公司,IT服务,100-499人,,,机器学习,机器学习,,liepin,2026-07-22
高级机器学习工程师（外企，base：北京/远程）,北京,60-90k·15薪,60000.0,90000.0,硕士,3-5年,3,5,某知名公司,科技推广服务,,天使轮,,,机器学习,,liepin,2026-07-22
压缩算法/模型优化/NN优化--机器学习专家,深圳,60-90k·16薪,60000.0,90000.0,硕士,5-10年,5,10,某深圳大型智能硬件/消费电子公司,智能硬件/消费电子,10000人以上,C轮,,,机器学习,,liepin,2026-07-22
机器学习,深圳,40-60k·16薪,40000.0,60000.0,硕士,经验不限,0,20,某上海基金/证券/期货公司,基金/证券/期货,1-49人,融资未公开,,,机器学习,,liepin,2026-07-22
机器学习平台开发工程师 百亿私募量化,上海,50-80k·24薪,50000.0,80000.0,本科,3-5年,3,5,某北京基金/证券/期货公司,基金/证券/期货,100-499人,融资未公开,,,机器学习,,liepin,2026-07-22
机器学习平台研发工程师/专家,上海,30-60k·15薪,30000.0,60000.0,硕士,3-5年,3,5,某大型新能源汽车公司,新能源汽车,500-999人,,,,机器学习,,liepin,2026-07-22
机器学习工程师-infra方向,上海,100-200k·16薪,100000.0,200000.0,不限,经验不限,0,20,某基金/证券/期货公司,基金/证券/期货,100-499人,融资未公开,,,机器学习,,liepin,2026-07-22
高级机器学习工程师,深圳,40-70k,40000.0,70000.0,本科,5年以上,5,99,某知名公司,IT服务,100-499人,,,,机器学习,,liepin,2026-07-22
AIOps开发程序员（机器学习+AI Agent方向）,深圳,20-35k,20000.0,35000.0,本科,5-10年,5,10,天亿马股份,IT服务,100-499人,,,,机器学习,,liepin,2026-07-22
算法工程师（量子纠错、机器学习、量子化学）,深圳,35-60k·14薪,35000.0,60000.0,硕士,经验不限,0,20,某知名公司,计算机硬件,100-499人,C轮,,,机器学习,,liepin,2026-07-22
机器学习技术负责人,北京,45-75k,45000.0,75000.0,本科,7年以上,7,99,某知名公司,IT服务,100-499人,,,,机器学习,,liepin,2026-07-22
机器学习平台开发工程师（量化、大模型）,上海,50-80k·16薪,50000.0,80000.0,不限,3-5年,3,5,某知名公司,互联网,1000-2000人,,,,机器学习,,liepin,2026-07-22
算法工程师（强化学习 / 多模态 / 大模型 Agent / 机器学习）,南京,27-50k·18薪,27000.0,50000.0,硕士,2-10年,2,10,某南京科技推广服务公司,科技推广服务,,,,,机器学习,,liepin,2026-07-22
首席机器学习工程师（外企，base北京/远程）,北京,50-80k·15薪,50000.0,80000.0,硕士,3-5年,3,5,某知名公司,科技推广服务,,天使轮,,,机器学习,,liepin,2026-07-22
机器学习研究员,上海,25-50k,25000.0,50000.0,不限,经验不限,0,20,某上海基金/证券/期货公司,基金/证券/期货,50-99人,融资未公开,,,机器学习,,liepin,2026-07-22
首席机器学习专家,杭州,40-70k,40000.0,70000.0,本科,7年以上,7,99,某知名公司,IT服务,100-499人,,,,机器学习,,liepin,2026-07-22
机器学习,北京,40-60k·16薪,40000.0,60000.0,硕士,经验不限,0,20,某上海基金/证券/期货公司,基金/证券/期货,1-49人,融资未公开,,,机器学习,,liepin,2026-07-22
资深机器学习专家,北京,40-70k,40000.0,70000.0,本科,6年以上,6,99,某知名公司,IT服务,100-499人,,,,机器学习,,liepin,2026-07-22
机器学习平台开发（WLB）,北京,50-80k·16薪,50000.0,80000.0,不限,3-5年,3,5,某知名公司,互联网,1000-2000人,,,,机器学习,,liepin,2026-07-22
AI项目负责人（机器学习工程师）,武汉,25-40k,25000.0,40000.0,硕士,1-3年,1,3,光谷金信(武汉)科技有限公司,科技金融,周女士·集团人力资源经理,A轮,,,机器学习,,liepin,2026-07-22
开发/测试/JS/AI/机器学习（接受无经验）,西安,15-30k·16薪,15000.0,30000.0,本科,经验不限,0,20,某大型世界500强通信设备公司,通信设备,10000人以上,战略融资,,,机器学习,,liepin,2026-07-22
算法工程师（机器学习/优化方向）,西安,20-30k,20000.0,30000.0,本科,3-5年,3,5,某知名公司,专业技术服务,1-49人,A轮,,,机器学习,,liepin,2026-07-22
机器学习算法工程师,上海,100-150k,100000.0,150000.0,硕士,5-10年,5,10,某知名上市公司,科技金融,10000人以上,已上市,,,机器学习,,liepin,2026-07-22
机器学习专家,上海,薪资面议,,,硕士,3年以上,3,99,上海金仕达软件科技股份有限公司,科技金融,1000-2000人,,,,机器学习,,liepin,2026-07-22
高级机器学习专家,杭州,40-70k,40000.0,70000.0,本科,5-7年,5,7,某知名公司,IT服务,100-499人,,,,机器学习,,liepin,2026-07-22
机器学习研究员（量化行业）,上海,50-65k,50000.0,65000.0,硕士,1-3年,1,3,某上海基金/证券/投资公司,基金/证券/期货,50-99人,融资未公开,,,机器学习,,liepin,2026-07-22
数据科学家 – 科学领域的机器学习,上海,21-35k·13薪,21000.0,35000.0,硕士,经验不限,0,20,凯捷咨询(中国)有限公司,IT服务,5000-10000人,,,,机器学习,,liepin,2026-07-22
机器学习,上海,40-60k·16薪,40000.0,60000.0,硕士,经验不限,0,20,某上海基金/证券/期货公司,基金/证券/期货,1-49人,融资未公开,,,机器学习,,liepin,2026-07-22
资深机器学习专家,深圳,60-80k,60000.0,80000.0,本科,6年以上,6,99,某知名公司,IT服务,100-499人,,,,机器学习,,liepin,2026-07-22
机器学习工程师,济宁,10-15k,10000.0,15000.0,不限,1-3年,1,3,某国内大型整车制造公司,汽车零部件及配件,2000-5000人,融资未公开,,,机器学习,,liepin,2026-07-22
机器学习,上海,30-60k,30000.0,60000.0,不限,经验不限,0,20,某上海基金/证券/期货公司,基金/证券/期货,100-499人,融资未公开,,,机器学习,,liepin,2026-07-22
量子算法工程师（机器学习、深度学习）,深圳,30-60k·13薪,30000.0,60000.0,博士,经验不限,0,20,某北京学术/科研公司,学术/科研,1-49人,A轮,,,机器学习,,liepin,2026-07-22
机器学习研究员,北京,45-75k·15薪,45000.0,75000.0,本科,经验不限,0,20,某基金/证券/期货公司,基金/证券/期货,50-99人,不需要融资,,,机器学习,,liepin,2026-07-22
机器学习平台工程师（实习）,上海,15-30k,15000.0,30000.0,本科,经验不限,0,20,某知名公司,专业技术服务,50-99人,融资未公开,,,机器学习,,liepin,2026-07-22
机器学习工程师,上海,35-65k,35000.0,65000.0,硕士,5-10年,5,10,某上海IT服务公司,IT服务,100-499人,,,,机器学习,,liepin,2026-07-22
热招CTA研究员/机器学习/C++低延迟系统/量化研究员等,深圳,40-70k,40000.0,70000.0,硕士,经验不限,0,20,某知名公司,基金/证券/期货,100-499人,不需要融资,,,机器学习,,liepin,2026-07-22
机器学习工程师,上海,40-70k·18薪,40000.0,70000.0,本科,经验不限,0,20,某基金/证券/期货公司,基金/证券/期货,100-499人,融资未公开,,,机器学习,,liepin,2026-07-22
机器学习-研发副总裁,北京,150-200k,150000.0,200000.0,本科,5-10年,5,10,某北京咨询服务公司,人力资源服务,100-499人,,,,机器学习,,liepin,2026-07-22
机器学习研究副总裁,北京,60-90k,60000.0,90000.0,本科,8年以上,8,99,某知名公司,IT服务,100-499人,,,,机器学习,,liepin,2026-07-22
资深机器学习专家,杭州,40-70k,40000.0,70000.0,本科,6年以上,6,99,某知名公司,IT服务,100-499人,,,,机器学习,,liepin,2026-07-22
机器学习专家,北京,60-90k,60000.0,90000.0,硕士,5-10年,5,10,数字人民币运营管理中心,科技金融,100-499人,不需要融资,,,机器学习,,liepin,2026-07-22
算法工程师（图像算法/机器学习/AI大模型）,东莞,20-40k·14薪,20000.0,40000.0,本科,1年以下,,,某深圳大型通信设备公司,通信设备,10000人以上,战略融资,,,机器学习,,liepin,2026-07-22
智能驾驶-机器学习（VLM/VLA/E2E）（可base上海或安徽芜湖）,上海,20-40k·15薪,20000.0,40000.0,本科,经验不限,0,20,某国内知名上市公司,整车制造,10000人以上,已上市,,,机器学习,,liepin,2026-07-22
高级机器学习工程师（苏州）,苏州,40-55k·13薪,40000.0,55000.0,硕士,5-10年,5,10,某苏州机械/设备公司,机械/设备,100-499人,B轮,,,机器学习,,liepin,2026-07-22
算法工程师（近红外光谱机器学习)/20K /上海或徐州/硕士应届生可以,上海,20-25k,20000.0,25000.0,本科,1-3年,1,3,某上海电子/半导体/集成电路公司,电子/半导体/集成电路,50-99人,A轮,,,机器学习,,liepin,2026-07-22
机器学习工程师,深圳,30-60k·13薪,30000.0,60000.0,本科,5年以上,5,99,深圳个元科技有限公司,人工智能,100-499人,B轮,,,机器学习,,liepin,2026-07-22
机器学习专家 (MJ000098),上海,40-70k·24薪,40000.0,70000.0,硕士,经验不限,0,20,基金/证券/期货,不需要融资,100-499人,,,,机器学习,,liepin,2026-07-22
机器学习负责人,成都,40-70k·14薪,40000.0,70000.0,本科,5-10年,5,10,某深圳大型智能硬件公司,计算机硬件,500-999人,,,,机器学习,,liepin,2026-07-22
开发/测试/JS/AI/机器学习（接受无经验）,深圳,15-30k·16薪,15000.0,30000.0,本科,经验不限,0,20,某大型世界500强通信设备公司,通信设备,10000人以上,战略融资,,,机器学习,,liepin,2026-07-22
机器学习量化研究员（可看实习生）,上海,70-100k,70000.0,100000.0,硕士,经验不限,0,20,某上海基金/证券/期货公司,基金/证券/期货,100-499人,B轮,,,机器学习,,liepin,2026-07-22
机器学习平台技术专家（偏向量数据库方向）,上海,45-70k·15薪,45000.0,70000.0,本科,5-10年,5,10,某上海互联网上市公司,生活服务O2O,10000人以上,已上市,,,机器学习,,liepin,2026-07-22
开发/测试/JS/AI/机器学习（接受无经验）,北京,16-30k·16薪,16000.0,30000.0,本科,经验不限,0,20,某大型世界500强通信设备公司,通信设备,10000人以上,战略融资,,,机器学习,,liepin,2026-07-22
90M0151395-机器学习工程师,深圳,20-30k·14薪,20000.0,30000.0,本科,2年以上,2,99,某大型电子商务公司,电子商务,1000-2000人,不需要融资,,,机器学习,,liepin,2026-07-22
机器学习或统计算法工程师,北京,35-55k,35000.0,55000.0,硕士,经验不限,0,20,某咨询公司,专业服务,2000-5000人,,,,机器学习,,liepin,2026-07-22
量化研究员（机器学习）,上海,30-55k,30000.0,55000.0,硕士,5-10年,5,10,某北京基金/证券/期货公司,基金/证券/期货,1-49人,融资未公开,,,机器学习,,liepin,2026-07-22
量化研究员（机器学习方向）,深圳,15-30k,15000.0,30000.0,硕士,经验不限,0,20,宝盈基金,基金/证券/期货,张女士·人力资源,,,,机器学习,,liepin,2026-07-22
感知算法工程师,上海,30-45k,30000.0,45000.0,硕士,3年以上,3,99,上海联适导航技术股份有限公司,电气机械/器材,100-499人,战略融资,,,深度学习,,liepin,2026-07-22
深度学习算法研究员（AGI）（预训练/对齐/多模态/生成/NLP/CV/强化学习）,北京,60-90k·14薪,60000.0,90000.0,硕士,经验不限,0,20,某北京互联网公司,互联网,100-499人,,,计算机视觉;NLP,深度学习,,liepin,2026-07-22
深度学习量化研究员,北京,60-90k·15薪,60000.0,90000.0,博士,经验不限,0,20,某北京基金/证券/期货公司,基金/证券/期货,100-499人,不需要融资,,,深度学习,,liepin,2026-07-22
深度学习,成都,15-30k,15000.0,30000.0,硕士,5年以上,5,99,四川六九一二通信技术股份有限公司,机械/设备,100-499人,,,,深度学习,,liepin,2026-07-22
深度学习算法工程师,无锡,20-40k,20000.0,40000.0,硕士,3-5年,3,5,华太极光光电技术有限公司,电子/半导体/集成电路,50-99人,,,,深度学习,,liepin,2026-07-22
深度学习算法工程师,上海,60-80k,60000.0,80000.0,硕士,3-5年,3,5,某上海电子/半导体/集成电路公司,电子/半导体/集成电路,100-499人,C轮,,,深度学习,,liepin,2026-07-22
深度学习算法工程师,成都,15-25k·13薪,15000.0,25000.0,本科,3-5年,3,5,矽瞻科技,仪器仪表,100-499人,,,,深度学习,,liepin,2026-07-22
博士后（深度学习）,杭州,29-40k,29000.0,40000.0,博士,经验不限,0,20,良渚实验室,政府/公共事业,500-999人,,,,深度学习,,liepin,2026-07-22
视觉算法工程师（Python / 深度学习方向）,深圳,20-40k,20000.0,40000.0,本科,2-5年,2,5,深圳市曜感创新科技有限公司,计算机软件,马女士·人事专员,,,Python,深度学习,,liepin,2026-07-22
深度学习算法工程师（新能源电力市场方向）,深圳,15-30k,15000.0,30000.0,硕士,经验不限,0,20,深圳华工能源技术有限公司,电力/热力/燃气/水务,李女士·人事主管,融资未公开,,,深度学习,,liepin,2026-07-22
深度学习算法工程师,东莞,15-40k,15000.0,40000.0,硕士,1-3年,1,3,东莞市摩视自动化科技有限公司,机械/设备,100-499人,,,,深度学习,,liepin,2026-07-22
多模态深度学习算法工程师,苏州,15-30k·14薪,15000.0,30000.0,博士,3-5年,3,5,人力资源服务,融资未公开,1-49人,,,,深度学习,,liepin,2026-07-22
深度学习算法工程师,深圳,20-40k,20000.0,40000.0,硕士,3-5年,3,5,豪恩集团,电子/半导体/集成电路,1000-2000人,,,,深度学习,,liepin,2026-07-22
深度学习算法工程师(J12547),成都,25-40k·14薪,25000.0,40000.0,硕士,1-3年,1,3,普渡机器人,智能硬件/消费电子,500-999人,C轮,,,深度学习,,liepin,2026-07-22
机器人算法工程师（感知模块或slam模块）,杭州,20-30k·13薪,20000.0,30000.0,硕士,3-5年,3,5,浙江中力机械股份有限公司,机械/设备,2000-5000人,,,,深度学习,,liepin,2026-07-22
点云深度学习模型算法工程师,长沙,30-60k,30000.0,60000.0,本科,3年以上,3,99,某国内环保上市公司,环保,10000人以上,已上市,,,深度学习,,liepin,2026-07-22
深度学习,上海,20-40k,20000.0,40000.0,博士,5-10年,5,10,某国企公司,互联网/电商,50-99人,,,,深度学习,,liepin,2026-07-22
深度学习框架研发,上海,35-65k·15薪,35000.0,65000.0,本科,3-5年,3,5,某知名公司,计算机软件,100-499人,,,,深度学习,,liepin,2026-07-22
深度学习算法工程师（成都 深圳）,成都,40-70k·14薪,40000.0,70000.0,本科,5-10年,5,10,某成都大型智能硬件/消费电子公司,智能硬件/消费电子,5000-10000人,,,,深度学习,,liepin,2026-07-22
深度学习工程师（知名量化）,上海,50-80k·19薪,50000.0,80000.0,本科,经验不限,0,20,百亿量化私募公司,基金/证券/投资,100-499人,融资未公开,,,深度学习,,liepin,2026-07-22
深度学习量化研究员,北京,30-60k,30000.0,60000.0,博士,经验不限,0,20,某北京基金/证券/期货公司,基金/证券/期货,100-499人,不需要融资,,,深度学习,,liepin,2026-07-22
高级AI模型工程化工程师（C++/深度学习/优化）,上海,30-50k·14薪,30000.0,50000.0,本科,5-10年,5,10,某上海医疗器械公司,医疗器械,50-99人,,,,深度学习,,liepin,2026-07-22
深度学习（薪资open，待遇好，base多地）,上海,50-80k·16薪,50000.0,80000.0,本科,经验不限,0,20,某基金/证券/期货公司,基金/证券/期货,100-499人,融资未公开,,,深度学习,,liepin,2026-07-22
AI研发工程师（深度学习）,成都,16-30k,16000.0,30000.0,硕士,5年以上,5,99,四川六九一二通信技术股份有限公司,机械/设备,100-499人,,,,深度学习,,liepin,2026-07-22
深度学习算法工程师（可接受26应届）,北京,25-50k·15薪,25000.0,50000.0,硕士,经验不限,0,20,某广州人工智能上市公司,人工智能,1000-2000人,已上市,,,深度学习,,liepin,2026-07-22
深度学习算法工程师,东莞,40-60k,40000.0,60000.0,博士,1-3年,1,3,东莞市摩视自动化科技有限公司,机械/设备,罗女士·人事专员,,,,深度学习,,liepin,2026-07-22
感知算法/深度学习（薪资open）,深圳,40-70k·16薪,40000.0,70000.0,本科,3-5年,3,5,某广州人工智能上市公司,人工智能,1000-2000人,已上市,,,深度学习,,liepin,2026-07-22
感知算法工程师（深度学习模型）,上海,30-45k,30000.0,45000.0,本科,经验不限,0,20,某上海人工智能公司,IT服务,100-499人,C轮,,,深度学习,,liepin,2026-07-22
深度学习研究员,上海,120-150k·15薪,120000.0,150000.0,本科,2年以上,2,99,某上海基金/证券/期货公司,基金/证券/期货,50-99人,融资未公开,,,深度学习,,liepin,2026-07-22
深度学习研究员,北京,35-60k·24薪,35000.0,60000.0,本科,1-3年,1,3,某北京基金/证券/期货公司,基金/证券/期货,100-499人,融资未公开,,,深度学习,,liepin,2026-07-22
深度学习算法工程师,成都,20-40k,20000.0,40000.0,硕士,5-10年,5,10,某知名公司,计算机软件,100-499人,融资未公开,,,深度学习,,liepin,2026-07-22
感知算法工程师（深度学习）,上海,35-50k,35000.0,50000.0,本科,5-10年,5,10,某知名人工智能公司,IT服务,100-499人,C轮,,,深度学习,,liepin,2026-07-22
图像算法工程师（机器视觉+深度学习）,厦门,50-80k,50000.0,80000.0,本科,3-5年,3,5,某厦门计算机硬件公司,计算机硬件,100-499人,,,,深度学习,,liepin,2026-07-22
深度学习算法工程师（具身机器人/多模态优化/知识图谱/推理训练）,广州,25-40k,25000.0,40000.0,硕士,3年以上,3,99,某广州工业自动化公司,工业自动化,50-99人,A轮,,,深度学习,,liepin,2026-07-22
深度学习工程师,上海,20-35k,20000.0,35000.0,硕士,3-5年,3,5,中国大地财产保险股份有限公司,保险,于女士·人事经理,,,,深度学习,,liepin,2026-07-22
机器人-深度学习算法工程师（主做具身智能方向，base广州）,广州,30-50k·14薪,30000.0,50000.0,硕士,3-5年,3,5,某广州工业自动化公司,工业自动化,50-99人,A轮,,,深度学习,,liepin,2026-07-22
量化研究员-深度学习,上海,35-65k·18薪,35000.0,65000.0,不限,3-5年,3,5,某上海科技金融公司,科技金融,50-99人,融资未公开,,,深度学习,,liepin,2026-07-22
中级算法工程师（计算机视觉算法，传统算法+深度学习）语义分割，图像分割，目标检测，小目标检测,杭州,12-24k,12000.0,24000.0,硕士,经验不限,0,20,某杭州专业技术服务公司,电子/半导体/集成电路,50-99人,,,,深度学习,,liepin,2026-07-22
深度学习,哈尔滨,15-16k,15000.0,16000.0,本科,经验不限,0,20,某哈尔滨计算机软件上市公司,计算机软件,500-999人,已上市,,,深度学习,,liepin,2026-07-22
深度学习（新药研发科学家）,北京,23-50k,23000.0,50000.0,博士,经验不限,0,20,百奥赛图(北京)医药科技股份有限公司,制药,曾女士·招聘负责人,,,,深度学习,,liepin,2026-07-22
深度学习工程师,上海,60-90k,60000.0,90000.0,本科,经验不限,0,20,某上海基金/证券/期货公司,基金/证券/期货,1-49人,不需要融资,,,深度学习,,liepin,2026-07-22
深度学习工程师（语音算法/模型训练）,深圳,15-30k·15薪,15000.0,30000.0,本科,2年以上,2,99,某国内智能硬件/消费电子公司,电子/半导体/集成电路,1-49人,,,,深度学习,,liepin,2026-07-22
深度学习算法工程师,北京,30-50k,30000.0,50000.0,硕士,1年以上,1,99,华中正大,农/林/牧/渔,张先生·人力资源经理,,,,深度学习,,liepin,2026-07-22
深度学习研究员（模型）,上海,55-70k·16薪,55000.0,70000.0,硕士,经验不限,0,20,某上海基金/证券/期货公司,基金/证券/期货,50-99人,,,,深度学习,,liepin,2026-07-22
量化研究员（强化学习、深度学习）,深圳,60-80k·24薪,60000.0,80000.0,不限,经验不限,0,20,某深圳基金/证券/期货公司,基金/证券/期货,50-99人,,,,深度学习,,liepin,2026-07-22
深度学习工程师（CV方向）,北京,20-40k·14薪,20000.0,40000.0,硕士,5-10年,5,10,奥普托科,电子/半导体/集成电路,100-499人,,,计算机视觉,深度学习,,liepin,2026-07-22
深度学习框架,上海,50-80k·15薪,50000.0,80000.0,本科,3年以上,3,99,某大型知名电子/半导体/集成电路公司,电子/半导体/集成电路,1000-2000人,已上市,,,深度学习,,liepin,2026-07-22
深度学习算法工程师,成都,20-40k·14薪,20000.0,40000.0,本科,经验不限,0,20,某深圳大型计算机硬件公司,计算机硬件,500-999人,,,,深度学习,,liepin,2026-07-22
深度学习算法工程师,深圳,40-45k·14薪,40000.0,45000.0,硕士,1-3年,1,3,某深圳大型计算机硬件公司,计算机硬件,500-999人,,,,深度学习,,liepin,2026-07-22
深度学习推理运行时研发专家和工程师,北京,20-50k,20000.0,50000.0,本科,3年以上,3,99,佳源科技股份有限公司,电子/半导体/集成电路,叶女士·人事专员,融资未公开,,,深度学习,,liepin,2026-07-22
深度学习算法工程师（机器人）,苏州,30-50k·13薪,30000.0,50000.0,本科,经验不限,0,20,某苏州大型电子/半导体/集成电路公司,电子/半导体/集成电路,5000-10000人,不需要融资,,,深度学习,,liepin,2026-07-22
深度学习算法研发专家和工程师,北京,20-50k,20000.0,50000.0,硕士,3-5年,3,5,佳源科技股份有限公司,电子/半导体/集成电路,叶女士·人事专员,融资未公开,,,深度学习,,liepin,2026-07-22
深度学习算法工程师,郑州,20-40k,20000.0,40000.0,硕士,3-5年,3,5,某郑州大型机械/设备公司,机械/设备,500-999人,战略融资,,,深度学习,,liepin,2026-07-22
AI 深度学习,上海,15-40k·15薪,15000.0,40000.0,硕士,1年以上,1,99,上海天启云图科技有限责任公司,电子/半导体/集成电路,赵女士·人力资源专员,,,,深度学习,,liepin,2026-07-22
深度学习（北京/上海）,北京,50-80k·15薪,50000.0,80000.0,本科,经验不限,0,20,某知名上市公司,互联网,1000-2000人,已上市,,,深度学习,,liepin,2026-07-22
深度学习科学家-人形机器人,上海,200-300k·15薪,200000.0,300000.0,不限,经验不限,0,20,某上海人工智能公司,人工智能,50-99人,A轮,,,深度学习,,liepin,2026-07-22
量化研究员（深度学习方向）,北京,60-80k·15薪,60000.0,80000.0,本科,经验不限,0,20,某北京基金/证券/期货公司,基金/证券/期货,1-49人,融资未公开,,,深度学习,,liepin,2026-07-22
深度学习算法框架工程师,北京,30-45k,30000.0,45000.0,本科,3-5年,3,5,Horizon Robotics,人工智能,1000-2000人,C轮,,,深度学习,,liepin,2026-07-22
量化研究员（深度学习方向）,深圳,20-50k,20000.0,50000.0,硕士,3-5年,3,5,上海氢氦软件有限公司,咨询服务,50-99人,,,,深度学习,,liepin,2026-07-22
深度学习算法工程师（传感器）,重庆,15-30k,15000.0,30000.0,本科,经验不限,0,20,某重庆知名仪器仪表公司,仪器仪表,500-999人,,,,深度学习,,liepin,2026-07-22
人工智能平台开发（深度学习、机器学习算法）,西安,20-25k,20000.0,25000.0,本科,3-5年,3,5,某西安大型整车制造公司,整车制造,10000人以上,战略融资,,,深度学习,,liepin,2026-07-22
深度学习算法工程师,成都,40-70k·14薪,40000.0,70000.0,本科,5-10年,5,10,某深圳大型计算机硬件公司,计算机硬件,500-999人,,,,深度学习,,liepin,2026-07-22
深度学习算法专家/工程师,北京,25-50k·15薪,25000.0,50000.0,硕士,2年以上,2,99,某大型知名人工智能公司,人工智能,1000-2000人,已上市,,,深度学习,,liepin,2026-07-22
深度学习工程师,深圳,25-30k·16薪,25000.0,30000.0,本科,1-3年,1,3,某深圳知名公司,批发/零售,100-499人,融资未公开,,,深度学习,,liepin,2026-07-22
深度学习算法工程师,成都,25-40k·14薪,25000.0,40000.0,硕士,3-5年,3,5,某成都大型智能硬件/消费电子公司,智能硬件/消费电子,5000-10000人,,,,深度学习,,liepin,2026-07-22
深度学习算法工程师,北京,20-40k,20000.0,40000.0,硕士,3-5年,3,5,某成都科技推广服务公司,科技推广服务,,天使轮,,,深度学习,,liepin,2026-07-22
深度学习算法工程师,深圳,40-60k,40000.0,60000.0,博士,1-3年,1,3,东莞市摩视自动化科技有限公司,机械/设备,罗女士·人事专员,,,,深度学习,,liepin,2026-07-22
深度学习算法工程师,武汉,25-40k,25000.0,40000.0,硕士,2年以上,2,99,立得空间,计算机软件,500-999人,,,,深度学习,,liepin,2026-07-22
深度学习框架图编译工程师,上海,20-40k·15薪,20000.0,40000.0,本科,3-5年,3,5,某北京电子/半导体/集成电路上市公司,电子/半导体/集成电路,1000-2000人,已上市,,,深度学习,,liepin,2026-07-22
深度学习算法工程师,苏州,15-30k,15000.0,30000.0,本科,1-3年,1,3,某苏州人工智能公司,人工智能,50-99人,,,,深度学习,,liepin,2026-07-22
深度学习性能优化工程师,上海,80-110k·15薪,80000.0,110000.0,硕士,5-10年,5,10,理想汽车,整车制造,10000人以上,,,,深度学习,,liepin,2026-07-22
FPGA开发工程师（深度学习模型RTL实现）,上海,40-70k·16薪,40000.0,70000.0,本科,3年以上,3,99,某知名公司,专业技术服务,50-99人,融资未公开,,,深度学习,,liepin,2026-07-22
深度学习工程师,上海,30-60k·14薪,30000.0,60000.0,本科,经验不限,0,20,某上海基金/证券/期货公司,基金/证券/期货,1-49人,不需要融资,,,深度学习,,liepin,2026-07-22
深度学习算法工程师,武汉,30-60k·14薪,30000.0,60000.0,硕士,3年以上,3,99,医疗器械,B轮,任女士·人力资源经理,,,,深度学习,,liepin,2026-07-22
首席科学家（深度学习）,上海,400-500k,400000.0,500000.0,博士,经验不限,0,20,某上海IT服务公司,人工智能,50-99人,A轮,,,深度学习,,liepin,2026-07-22
深度学习算法工程师(J11743),上海,40-70k·14薪,40000.0,70000.0,硕士,5-10年,5,10,烟台睿创微纳技术股份有限公司,电子/半导体/集成电路,1000-2000人,,,,深度学习,,liepin,2026-07-22
深度学习算法工程师,成都,30-45k·13薪,30000.0,45000.0,硕士,3-5年,3,5,某成都大型智能硬件/消费电子公司,智能硬件/消费电子,5000-10000人,,,,深度学习,,liepin,2026-07-22
深度学习算法-读码器产品,北京,35-65k·14薪,35000.0,65000.0,硕士,3-5年,3,5,某北京知名公司,计算机软件,500-999人,,,,深度学习,,liepin,2026-07-22
深度学习算法工程师(J11743),苏州,30-50k·14薪,30000.0,50000.0,硕士,5-10年,5,10,烟台睿创微纳技术股份有限公司,电子/半导体/集成电路,1000-2000人,,,,深度学习,,liepin,2026-07-22
深度学习算法（读码器产品）（北京/杭州）,杭州,35-65k·14薪,35000.0,65000.0,硕士,3-5年,3,5,某北京大型计算机软件公司,计算机软件,500-999人,,,,深度学习,,liepin,2026-07-22
深度学习算法（读码器产品）（北京/杭州）,北京,35-65k·14薪,35000.0,65000.0,硕士,3-5年,3,5,某北京大型计算机软件公司,计算机软件,500-999人,,,,深度学习,,liepin,2026-07-22
深度学习算法部署工程师,北京,30-40k,30000.0,40000.0,本科,3年以上,3,99,某北京智能硬件/消费电子公司,智能硬件/消费电子,50-99人,C轮,,,深度学习,,liepin,2026-07-22
深度学习算法框架工程师,北京,40-70k·15薪,40000.0,70000.0,本科,3-5年,3,5,某北京互联网上市公司,互联网,1000-2000人,已上市,,,深度学习,,liepin,2026-07-22
深度学习模型研究员,北京,50-80k·16薪,50000.0,80000.0,硕士,3-5年,3,5,某上海专业技术服务公司,专业技术服务,50-99人,融资未公开,,,深度学习,,liepin,2026-07-22
深度学习性能优化工程师,杭州,80-110k·15薪,80000.0,110000.0,硕士,5-10年,5,10,理想汽车,整车制造,10000人以上,,,,深度学习,,liepin,2026-07-22
量化研究员（深度学习方向,上海,40-60k·13薪,40000.0,60000.0,硕士,3-5年,3,5,某知名公司,人力资源服务,50-99人,,,,深度学习,,liepin,2026-07-22
深度学习算法工程师,重庆,20-30k,20000.0,30000.0,硕士,3-5年,3,5,某重庆大型仪器仪表公司,仪器仪表,500-999人,,,,深度学习,,liepin,2026-07-22
深度学习框架工程师,上海,80-85k·15薪,80000.0,85000.0,硕士,5-10年,5,10,某上海咨询服务公司,房地产开发经营,100-499人,融资未公开,,,深度学习,,liepin,2026-07-22
深度学习模型研究员,上海,50-80k·16薪,50000.0,80000.0,硕士,3-5年,3,5,某上海专业技术服务公司,专业技术服务,50-99人,融资未公开,,,深度学习,,liepin,2026-07-22
深度学习工程师,上海,15-23k·13薪,15000.0,23000.0,本科,8年以下,,,凯捷咨询(中国)有限公司,IT服务,5000-10000人,,,,深度学习,,liepin,2026-07-22
深度学习性能优化工程师,北京,80-110k·15薪,80000.0,110000.0,硕士,5-10年,5,10,理想汽车,整车制造,10000人以上,,,,深度学习,,liepin,2026-07-22
量化研究员/深度学习研究员,上海,60-90k,60000.0,90000.0,本科,经验不限,0,20,某上海基金/证券/期货公司,基金/证券/期货,1-49人,不需要融资,,,深度学习,,liepin,2026-07-22
深度学习研究员（大模型，北京/杭州）,北京,300-510k·16薪,300000.0,510000.0,不限,3-5年,3,5,某北京互联网公司,互联网,100-499人,,,,深度学习,,liepin,2026-07-22
信号处理算法工程师（深度学习方向）,武汉,15-25k,15000.0,25000.0,硕士,3-5年,3,5,神州普惠,电子/半导体/集成电路,100-499人,B轮,,,深度学习,,liepin,2026-07-22
深度学习算法工程师,深圳,40-50k·14薪,40000.0,50000.0,硕士,1-3年,1,3,某深圳大型智能硬件/消费电子公司,智能硬件/消费电子,1000-2000人,,,,深度学习,,liepin,2026-07-22
深度学习CT图像重建算法工程师,上海,30-45k,30000.0,45000.0,不限,3-5年,3,5,某医疗科技公司,医疗器械,100-499人,C轮,,,深度学习,,liepin,2026-07-22
深度学习算法工程师,成都,30-60k·14薪,30000.0,60000.0,硕士,3-5年,3,5,某成都大型智能硬件/消费电子公司,智能硬件/消费电子,5000-10000人,,,,深度学习,,liepin,2026-07-22
深度学习算法工程师,成都,20-40k,20000.0,40000.0,本科,3-5年,3,5,某深圳大型计算机硬件公司,计算机硬件,500-999人,,,,深度学习,,liepin,2026-07-22
深度学习算法工程师,绵阳,25-45k,25000.0,45000.0,本科,1-3年,1,3,某知名公司,机械/设备,100-499人,,,,深度学习,,liepin,2026-07-22
深度学习算法工程师(J11743),苏州,40-70k·14薪,40000.0,70000.0,硕士,5-10年,5,10,烟台睿创微纳技术股份有限公司,电子/半导体/集成电路,1000-2000人,,,,深度学习,,liepin,2026-07-22
VLAVLMVLN/感知/规划/定位/深度学习算法工程师,成都,20-40k·14薪,20000.0,40000.0,硕士,5-10年,5,10,某成都大型智能硬件/消费电子公司,智能硬件/消费电子,5000-10000人,,,,深度学习,,liepin,2026-07-22
深度学习平台开发工程师（机器人）,北京,60-65k,60000.0,65000.0,本科,1-3年,1,3,某北京人工智能公司,人工智能,1-49人,天使轮,,,深度学习,,liepin,2026-07-22
深度学习【头部私募、16薪、待遇好】,上海,50-80k·16薪,50000.0,80000.0,本科,1-3年,1,3,某基金/证券/期货公司,基金/证券/期货,100-499人,融资未公开,,,深度学习,,liepin,2026-07-22
深度学习算法工程师,上海,40-50k,40000.0,50000.0,硕士,3-5年,3,5,某上海知名电子/半导体/集成电路公司,电子/半导体/集成电路,100-499人,C轮,,,深度学习,,liepin,2026-07-22
深度学习算法工程师,武汉,20-35k·15薪,20000.0,35000.0,硕士,1-3年,1,3,某武汉自动驾驶公司,自动驾驶,100-499人,C轮,,,深度学习,,liepin,2026-07-22
感知深度学习算法工程师,上海,25-50k,25000.0,50000.0,硕士,3-5年,3,5,某上海人工智能公司,IT服务,100-499人,C轮,,,深度学习,,liepin,2026-07-22
深度学习算法框架工程师,南京,35-65k·15薪,35000.0,65000.0,本科,2年以上,2,99,某北京互联网上市公司,互联网,1000-2000人,已上市,,,深度学习,,liepin,2026-07-22
深度学习算法工程师,广州,25-50k·14薪,25000.0,50000.0,本科,1-3年,1,3,某广州工业自动化公司,工业自动化,50-99人,A轮,,,深度学习,,liepin,2026-07-22
深度学习编译器研发专家和工程师,北京,20-50k,20000.0,50000.0,本科,5年以上,5,99,佳源科技股份有限公司,电子/半导体/集成电路,叶女士·人事专员,融资未公开,,,深度学习,,liepin,2026-07-22
深度学习算法工程师,苏州,20-35k,20000.0,35000.0,硕士,1-3年,1,3,某苏州人工智能公司,人工智能,50-99人,,,,深度学习,,liepin,2026-07-22
深度学习算法工程师,深圳,40-70k·14薪,40000.0,70000.0,不限,5-10年,5,10,某深圳大型计算机硬件公司,计算机硬件,500-999人,,,,深度学习,,liepin,2026-07-22
深度学习算法工程师,郑州,12-25k,12000.0,25000.0,硕士,经验不限,0,20,埃尔森智能科技,工业自动化,100-499人,天使轮,,,深度学习,,liepin,2026-07-22
点云深度学习模型算法工程师,长沙,20-40k·13薪,20000.0,40000.0,本科,5-10年,5,10,某国内环保上市公司,环保,10000人以上,已上市,,,深度学习,,liepin,2026-07-22
感知算法工程师（深度学习模型/标定/毫米波/激光点云）,上海,40-60k,40000.0,60000.0,硕士,3-5年,3,5,某上海IT服务公司,IT服务,100-499人,C轮,,,深度学习,,liepin,2026-07-22
深度学习算法框架工程师,北京,20-30k·13薪,20000.0,30000.0,本科,3年以上,3,99,某北京互联网上市公司,互联网,1000-2000人,已上市,,,深度学习,,liepin,2026-07-22
深度学习算法工程师,厦门,20-40k,20000.0,40000.0,硕士,1年以上,1,99,同致电子,电子/半导体/集成电路,1000-2000人,,,,深度学习,,liepin,2026-07-22
深度学习算法工程师,上海,30-60k,30000.0,60000.0,硕士,5-10年,5,10,某上海互联网公司,互联网,,,,,深度学习,,liepin,2026-07-22
深度学习推理引擎研发专家-上海/杭州,上海,70-100k·16薪,70000.0,100000.0,本科,7年以上,7,99,某知名公司,科技金融,10000人以上,融资未公开,,,深度学习,,liepin,2026-07-22
深度学习算法工程师,上海,30-60k,30000.0,60000.0,硕士,3-5年,3,5,某上海电子/半导体/集成电路公司,电子/半导体/集成电路,100-499人,C轮,,,深度学习,,liepin,2026-07-22
深度学习算法框架工程师,南京,30-45k,30000.0,45000.0,本科,3-5年,3,5,Horizon Robotics,人工智能,1000-2000人,C轮,,,深度学习,,liepin,2026-07-22
深度学习算法工程师,苏州,25-35k,25000.0,35000.0,硕士,3-5年,3,5,某苏州人工智能公司,人工智能,50-99人,,,,深度学习,,liepin,2026-07-22
软件设计岗（点云处理及深度学习方向）,重庆,10-20k·15薪,10000.0,20000.0,硕士,经验不限,0,20,重庆九洲星熠导航设备有限公司,通信设备,叶女士·人事主管,B轮,,,深度学习,,liepin,2026-07-22
深度学习算法工程师,深圳,50-80k,50000.0,80000.0,硕士,3年以上,3,99,某深圳计算机软件公司,计算机软件,100-499人,B轮,,,深度学习,,liepin,2026-07-22
深度学习算法工程师,成都,30-60k·14薪,30000.0,60000.0,硕士,3-5年,3,5,某深圳大型智能硬件/消费电子公司,计算机硬件,500-999人,,,,深度学习,,liepin,2026-07-22
深度学习算法工程师-锂电方向,长沙,15-30k,15000.0,30000.0,硕士,2年以上,2,99,湖南视比特机器人有限公司,工业自动化,1000-2000人,A轮,,,深度学习,,liepin,2026-07-22
深度学习算法工程师,深圳,25-50k,25000.0,50000.0,不限,3-5年,3,5,某北京知名公司,生活服务O2O,5000-10000人,融资未公开,,,深度学习,,liepin,2026-07-22
深度学习算法框架工程师,北京,35-65k·15薪,35000.0,65000.0,不限,2年以上,2,99,某北京互联网上市公司,互联网,1000-2000人,已上市,,,深度学习,,liepin,2026-07-22
深度学习算法工程师,武汉,20-40k,20000.0,40000.0,本科,3年以上,3,99,数字绿土,IT服务,100-499人,,,,深度学习,,liepin,2026-07-22
深度学习算法工程师（图像缺陷检测方向）,东莞,15-30k,15000.0,30000.0,本科,3年以上,3,99,上海鲸跃蓝途光电有限公司,工业自动化,魏女士·人事经理,,,,深度学习,,liepin,2026-07-22
深度学习工程师,上海,55-80k·14薪,55000.0,80000.0,本科,经验不限,0,20,某基金/证券/期货公司,基金/证券/期货,1-49人,不需要融资,,,深度学习,,liepin,2026-07-22
深度学习算法工程师（机器人）,深圳,30-60k·14薪,30000.0,60000.0,硕士,3-5年,3,5,普渡机器人,智能硬件/消费电子,500-999人,C轮,,,深度学习,,liepin,2026-07-22
深度学习编译器研发工程师,深圳,40-55k·15薪,40000.0,55000.0,硕士,5-10年,5,10,某深圳通信设备上市公司,网络/信息安全,10000人以上,已上市,,,深度学习,,liepin,2026-07-22
算法工程师（3年医疗设备算法经验，擅长深度学习与目标检测）,南京,15-25k,15000.0,25000.0,本科,3-5年,3,5,某知名公司,医疗器械,500-999人,C轮,,,深度学习,,liepin,2026-07-22
感知算法工程师（深度学习-L4无人驾驶）,上海,40-55k·15薪,40000.0,55000.0,硕士,5-10年,5,10,某上海人工智能公司,IT服务,100-499人,C轮,,,深度学习,,liepin,2026-07-22
深度学习算法工程师,北京,30-60k·15薪,30000.0,60000.0,本科,2-10年,2,10,某深圳人工智能公司,人工智能,50-99人,战略融资,,,深度学习,,liepin,2026-07-22
深度学习框架/大模型训推/AI 算子开发优化专家/分布式通讯库专家,上海,40-70k·15薪,40000.0,70000.0,本科,经验不限,0,20,某人工智能公司,人工智能,50-99人,A轮,,,深度学习,,liepin,2026-07-22
深度学习算法工程师（双休）,深圳,20-50k,20000.0,50000.0,本科,3年以上,3,99,东莞市摩视自动化科技有限公司,机械/设备,100-499人,,,,深度学习,,liepin,2026-07-22
深度学习算法工程师,上海,50-70k·15薪,50000.0,70000.0,本科,5-10年,5,10,某国内整车制造上市公司,整车制造,10000人以上,已上市,,,深度学习,,liepin,2026-07-22
中级深度学习算法工程师,广州,25-40k·15薪,25000.0,40000.0,硕士,3-5年,3,5,新文溯科技,计算机软件,50-99人,,,,深度学习,,liepin,2026-07-22
深度学习框架图编译工程师,上海,薪资面议,,,本科,3-5年,3,5,寒武纪,电子/半导体/集成电路,1000-2000人,,,,深度学习,,liepin,2026-07-22
图像算法工程师（机器视觉+深度学习）,厦门,15-28k,15000.0,28000.0,本科,3-5年,3,5,某厦门计算机硬件公司,计算机硬件,100-499人,,,,深度学习,,liepin,2026-07-22
深度学习算法工程师（双休）,东莞,15-30k,15000.0,30000.0,本科,1年以上,1,99,东莞市摩视自动化科技有限公司,机械/设备,100-499人,,,,深度学习,,liepin,2026-07-22
深度学习算法专家,上海,30-60k·16薪,30000.0,60000.0,不限,1-10年,1,10,某上海电子/半导体/集成电路公司,电子/半导体/集成电路,,,,,深度学习,,liepin,2026-07-22
深度学习算法工程师（上市具身机器人公司 清华背书）,广州,20-40k·15薪,20000.0,40000.0,硕士,3-5年,3,5,某北京大型人力资源服务公司,人力资源服务,10000人以上,,,,深度学习,,liepin,2026-07-22
深度学习感知算法工程师,深圳,10-25k,10000.0,25000.0,本科,1-3年,1,3,深圳市曜感创新科技有限公司,计算机软件,马女士·人事专员,,,,深度学习,,liepin,2026-07-22
深度学习算法工程师,广州,20-30k,20000.0,30000.0,本科,5-10年,5,10,某广州工业自动化公司,工业自动化,50-99人,A轮,,,深度学习,,liepin,2026-07-22
深度学习算法工程师（智能硬件）,深圳,35-65k·18薪,35000.0,65000.0,本科,5-10年,5,10,某知名上市公司,通信设备,2000-5000人,已上市,,,深度学习,,liepin,2026-07-22
深度学习视觉算法工程师-AI 3C独角兽,深圳,30-60k·14薪,30000.0,60000.0,硕士,1-3年,1,3,某知名公司,电气机械/器材,1-49人,天使轮,,,深度学习,,liepin,2026-07-22
量化研究员/深度学习研究员,上海,50-80k·13薪,50000.0,80000.0,本科,1-10年,1,10,某上海基金/证券/期货公司,基金/证券/期货,100-499人,融资未公开,,,深度学习,,liepin,2026-07-22
深度学习框架工程师,上海,薪资面议,,,本科,3-5年,3,5,寒武纪,电子/半导体/集成电路,1000-2000人,,,,深度学习,,liepin,2026-07-22
深度学习算法工程师（手势方向）,上海,25-50k,25000.0,50000.0,硕士,3-5年,3,5,某杭州互联网公司,互联网,50-99人,,,,深度学习,,liepin,2026-07-22
深度学习算法工程师,苏州,30-50k·13薪,30000.0,50000.0,硕士,10年以上,10,99,某苏州电子/半导体/集成电路上市公司,电子/半导体/集成电路,10000人以上,已上市,,,深度学习,,liepin,2026-07-22
深度学习,郑州,20-40k,20000.0,40000.0,本科,3年以上,3,99,超聚变,计算机软件,2000-5000人,战略融资,,,深度学习,,liepin,2026-07-22
深度学习研究员,北京,50-80k·24薪,50000.0,80000.0,不限,7年以下,,,某知名人工智能公司,人工智能,100-499人,已上市,,,深度学习,,liepin,2026-07-22
深度学习算法工程师,北京,25-40k·13薪,25000.0,40000.0,硕士,经验不限,0,20,某北京大型计算机软件公司,计算机软件,500-999人,,,,深度学习,,liepin,2026-07-22
点云深度学习模型算法工程师（ZLP),长沙,20-40k·15薪,20000.0,40000.0,本科,5年以上,5,99,某国内环保上市公司,环保,10000人以上,已上市,,,深度学习,,liepin,2026-07-22
深度学习算法工程师,成都,25-45k·14薪,25000.0,45000.0,本科,3-10年,3,10,某成都大型智能硬件/消费电子公司,智能硬件/消费电子,5000-10000人,,,,深度学习,,liepin,2026-07-22
深度学习算法工程师,广州,10-20k·15薪,10000.0,20000.0,硕士,经验不限,0,20,新文溯科技,计算机软件,50-99人,,,,深度学习,,liepin,2026-07-22
量化深度学习平台⼯程师,上海,40-60k·13薪,40000.0,60000.0,硕士,3-5年,3,5,某知名公司,人力资源服务,50-99人,,,,深度学习,,liepin,2026-07-22
量化研究员（深度学习、机器学习））,上海,50-80k·16薪,50000.0,80000.0,本科,经验不限,0,20,某北京基金/证券/期货公司,基金/证券/期货,100-499人,融资未公开,,,深度学习,,liepin,2026-07-22
深度学习算法工程师（手势方向）,上海,25-40k,25000.0,40000.0,不限,3-5年,3,5,某杭州互联网公司,互联网,50-99人,,,,深度学习,,liepin,2026-07-22
深度学习算法工程师,深圳,35-60k·15薪,35000.0,60000.0,硕士,3-5年,3,5,某深圳大型计算机硬件公司,计算机硬件,500-999人,,,,深度学习,,liepin,2026-07-22
深度学习,上海,20-40k,20000.0,40000.0,不限,3-5年,3,5,某天津大型电子/半导体/集成电路公司,电子/半导体/集成电路,1000-2000人,B轮,,,深度学习,,liepin,2026-07-22
深度学习算法工程师 具身智能机器人,广州,30-60k,30000.0,60000.0,硕士,3-5年,3,5,某广州工业自动化公司,工业自动化,50-99人,A轮,,,深度学习,,liepin,2026-07-22
深度学习（DL ),成都,30-60k·14薪,30000.0,60000.0,硕士,3年以上,3,99,某深圳知名公司,智能硬件/消费电子,1-49人,,,,深度学习,,liepin,2026-07-22
深度学习算法工程师,深圳,15-25k,15000.0,25000.0,硕士,3-5年,3,5,豪恩集团,电子/半导体/集成电路,1000-2000人,,,,深度学习,,liepin,2026-07-22
深度学习算法工程师（图像生成模型方向）,深圳,40-60k·16薪,40000.0,60000.0,本科,3年以上,3,99,某深圳知名公司,计算机软件,500-999人,,,,深度学习,,liepin,2026-07-22
深度学习框架图编译工程师,深圳,薪资面议,,,本科,3-5年,3,5,寒武纪,电子/半导体/集成电路,1000-2000人,,,,深度学习,,liepin,2026-07-22
图像/深度学习算法工程师（深圳/上海）,深圳,30-60k·14薪,30000.0,60000.0,硕士,经验不限,0,20,中科飞测,电子/半导体/集成电路,2000-5000人,,,,深度学习,,liepin,2026-07-22
深度学习工程师,深圳,45-70k,45000.0,70000.0,博士,1-3年,1,3,中科飞测,电子/半导体/集成电路,2000-5000人,,,,深度学习,,liepin,2026-07-22
深度学习框架图编译（上海深圳北京）,深圳,35-65k·15薪,35000.0,65000.0,硕士,1-3年,1,3,某AI知名企业,电子/芯片/半导体,1000-2000人,已上市,,,深度学习,,liepin,2026-07-22
深度学习工程师（量化方向）,北京,25-50k,25000.0,50000.0,本科,经验不限,0,20,某北京基金/证券/期货公司,基金/证券/期货,100-499人,融资未公开,,,深度学习,,liepin,2026-07-22
深度学习工程师（量化方向）,深圳,25-45k,25000.0,45000.0,本科,经验不限,0,20,某北京基金/证券/期货公司,基金/证券/期货,100-499人,融资未公开,,,深度学习,,liepin,2026-07-22
深度学习推理引擎研发专家,上海,50-80k,50000.0,80000.0,不限,5-10年,5,10,某北京大型电子/半导体/集成电路公司,电子/半导体/集成电路,500-999人,,,,深度学习,,liepin,2026-07-22
深度学习算法工程师（目标检测跟踪）,杭州,35-65k,35000.0,65000.0,硕士,3年以上,3,99,vivo,互联网,10000人以上,,,,深度学习,,liepin,2026-07-22
深度学习算法工程师,成都,25-40k·14薪,25000.0,40000.0,硕士,3-5年,3,5,某深圳大型计算机硬件公司,计算机硬件,500-999人,,,,深度学习,,liepin,2026-07-22
深度学习算法工程师,北京,20-30k·15薪,20000.0,30000.0,本科,3年以上,3,99,某北京机械/设备公司,机械/设备,100-499人,战略融资,,,深度学习,,liepin,2026-07-22
AI 产品经理,北京,20-35k,20000.0,35000.0,本科,5-10年,5,10,北京亦庄智能城市研究院集团有限公司,互联网,100-499人,,,,大模型,,liepin,2026-07-22
AI产品体验与运营专员,重庆,5-7k,5000.0,7000.0,大专,1-3年,1,3,华智未来(重庆)科技有限公司,计算机软件,100-499人,不需要融资,,,大模型,,liepin,2026-07-22
AI 大模型销售,南京,20-25k,20000.0,25000.0,不限,经验不限,0,20,某南京互联网公司,互联网,50-99人,B轮,,,大模型,,liepin,2026-07-22
aigc-大模型数据产品经理,北京,25-40k·15薪,25000.0,40000.0,本科,3-5年,3,5,某合肥互联网公司,互联网,50-99人,B轮,,AIGC,大模型,,liepin,2026-07-22
大模型数据交付专家（代码）-大厂-三餐 双休,成都,11-21k,11000.0,21000.0,本科,经验不限,0,20,某北京大型人力资源服务公司,人力资源服务,500-999人,,,,大模型,,liepin,2026-07-22
具身端到端大模型（大厂/初创，北上深）,上海,60-90k·15薪,60000.0,90000.0,硕士,经验不限,0,20,某上海大型人工智能公司,人工智能,500-999人,,,,大模型,,liepin,2026-07-22
国企 大模型应用开发工程师,成都,18-25k,18000.0,25000.0,本科,3-5年,3,5,某成都学术/科研公司,学术/科研,,,,,大模型,,liepin,2026-07-22
大模型工程师,上海,40-60k·16薪,40000.0,60000.0,本科,10年以上,10,99,某深圳IT服务公司,IT服务,,,,,大模型,,liepin,2026-07-22
AI高级产品经理(A24656),乌鲁木齐,15-30k,15000.0,30000.0,硕士,5-10年,5,10,昆仑数智,计算机软件,2000-5000人,,,,大模型,,liepin,2026-07-22
文本大模型数据交付专家-大厂-三餐 双休,成都,8-13k,8000.0,13000.0,本科,经验不限,0,20,某北京大型人力资源服务公司,人力资源服务,500-999人,,,,大模型,,liepin,2026-07-22
大模型产品研发负责人,深圳,50-80k·14薪,50000.0,80000.0,本科,8年以上,8,99,唯思电子商务(深圳)有限公司,其他金融,1000-2000人,,,,大模型,,liepin,2026-07-22
央国企AI售前-大模型公司,北京,35-65k,35000.0,65000.0,不限,5-10年,5,10,某云计算/大数据公司,云计算/大数据,50-99人,A轮,,,大模型,,liepin,2026-07-22
大模型平台研发（MaaS/AI Infra方向）,宁波,30-50k,30000.0,50000.0,本科,3-5年,3,5,某大型知名银行公司,银行,10000人以上,已上市,,,大模型,,liepin,2026-07-22
董事长助理（AI应用方向）,苏州,20-50k,20000.0,50000.0,硕士,2年以下,,,昇印光电(昆山)股份有限公司,电子/半导体/集成电路,1000-2000人,,,,大模型,,liepin,2026-07-22
大模型算法,深圳,50-80k·15薪,50000.0,80000.0,硕士,经验不限,0,20,某深圳大型电子商务公司,电子商务,5000-10000人,,,,大模型,,liepin,2026-07-22
大模型算法主任工程师,上海,30-50k,30000.0,50000.0,硕士,3-5年,3,5,某重庆整车制造上市公司,整车制造,10000人以上,已上市,,,大模型,,liepin,2026-07-22
AI大模型开发,惠州,50-75k·14薪,50000.0,75000.0,本科,5-10年,5,10,某国内新能源上市公司,新能源,10000人以上,已上市,,,大模型,,liepin,2026-07-22
AI解决方案总监,上海,45-60k,45000.0,60000.0,本科,5-10年,5,10,零数科技,人工智能,100-499人,B轮,,,大模型,,liepin,2026-07-22
大模型算法,北京,70-100k·20薪,70000.0,100000.0,硕士,经验不限,0,20,某知名公司,电子/半导体/集成电路,10000人以上,不需要融资,,,大模型,,liepin,2026-07-22
大模型训练,北京,160-200k·15薪,160000.0,200000.0,硕士,经验不限,0,20,某北京人工智能公司,人工智能,100-499人,A轮,,,大模型,,liepin,2026-07-22
大模型算法,沈阳,10-20k,10000.0,20000.0,本科,3-5年,3,5,麟龙股份,科技金融,1000-2000人,,,,大模型,,liepin,2026-07-22
大模型训练框架研发工程师/专家,北京,45-70k·16薪,45000.0,70000.0,本科,3-5年,3,5,某上海大型电子商务公司,电子商务,1000-2000人,,,,大模型,,liepin,2026-07-22
大模型训练框架开发工程师-AI Infra（成都/北京）(广州),成都,40-70k·16薪,40000.0,70000.0,硕士,3-5年,3,5,某深圳互联网上市公司,互联网,10000人以上,已上市,,,大模型,,liepin,2026-07-22
大模型工程化部署总师,武汉,75-95k,75000.0,95000.0,本科,5-10年,5,10,某世界500强整车制造上市公司,整车制造,10000人以上,已上市,,,大模型,,liepin,2026-07-22
大模型前沿部署工程师,北京,40-70k,40000.0,70000.0,本科,3-5年,3,5,某杭州大型电子商务公司,电子商务,10000人以上,已上市,,,大模型,,liepin,2026-07-22
推荐策略产品-大模型用户意图方向,上海,30-60k·16薪,30000.0,60000.0,本科,3-5年,3,5,得物,互联网,10000人以上,,,,大模型,,liepin,2026-07-22
推理引擎（大模型训练推理）,上海,30-50k·14薪,30000.0,50000.0,本科,1-3年,1,3,某知名上市公司,计算机软件,10000人以上,已上市,,,大模型,,liepin,2026-07-22
AI售前解决方案-运营商行业（大模型公司）,北京,35-55k,35000.0,55000.0,不限,5-10年,5,10,某云计算/大数据公司,云计算/大数据,50-99人,A轮,,,大模型,,liepin,2026-07-22
AI大模型开发工程师,宁德,25-30k,25000.0,30000.0,本科,3-5年,3,5,某国内新能源上市公司,新能源,10000人以上,已上市,,,大模型,,liepin,2026-07-22
端到端大模型技术Team Lead（北京 上海 深圳 江苏 杭州 ）,北京,200-300k,200000.0,300000.0,本科,5-10年,5,10,某北京大型人工智能公司,人工智能,500-999人,C轮,,,大模型,,liepin,2026-07-22
大模型应用专家,上海,15-22k,15000.0,22000.0,本科,3-5年,3,5,上海韦晴软件科技有限公司,计算机软件,50-99人,,,,大模型,,liepin,2026-07-22
大模型数据平台负责人,深圳,60-90k·15薪,60000.0,90000.0,本科,5-10年,5,10,某大型知名互联网公司,互联网,10000人以上,已上市,,,大模型,,liepin,2026-07-22
AI大模型算法工程师,上海,50-80k·18薪,50000.0,80000.0,硕士,5-10年,5,10,上海深至信息科技有限公司,医疗器械,50-99人,C轮,,,大模型,,liepin,2026-07-22
大模型算法工程师,上海,40-70k·16薪,40000.0,70000.0,本科,2年以上,2,99,紫光同芯,电子/半导体/集成电路,1000-2000人,,,,大模型,,liepin,2026-07-22
教育出版（大模型）产品经理,北京,10-15k,10000.0,15000.0,硕士,经验不限,0,20,北京语言大学出版社有限公司,广播/影视/录音,100-499人,融资未公开,,,大模型,,liepin,2026-07-22
大模型算法工程师（初级）,上海,薪资面议,,,本科,1-3年,1,3,金光纸业,日化,10000人以上,,,,大模型,,liepin,2026-07-22
MiMo-大模型平台运营负责人,北京,45-70k·15薪,45000.0,70000.0,本科,5-10年,5,10,小米,互联网,10000人以上,,,,大模型,,liepin,2026-07-22
多模态大模型/VLA算法专家/研究员,北京,40-70k·15薪,40000.0,70000.0,硕士,3-5年,3,5,滴滴,生活服务O2O,5000-10000人,,,,大模型,,liepin,2026-07-22
大模型研发工程师,深圳,薪资面议,,,本科,3年以上,3,99,华润置地总部,房地产开发经营,10000人以上,,,,大模型,,liepin,2026-07-22
CFO(大模型创业公司),北京,70-100k,70000.0,100000.0,本科,5-10年,5,10,某北京科技推广服务公司,科技推广服务,1-49人,,,,大模型,,liepin,2026-07-22
大模型测试高级专家,上海,35-50k·15薪,35000.0,50000.0,本科,5年以上,5,99,燧原科技,电子/半导体/集成电路,500-999人,,,,大模型,,liepin,2026-07-22
大模型算法工程师,上海,40-70k·16薪,40000.0,70000.0,硕士,经验不限,0,20,拼多多集团-PDD,互联网,10000人以上,已上市,,,大模型,,liepin,2026-07-22
大模型负责人(金融科技头部),上海,100-140k·16薪,100000.0,140000.0,本科,经验不限,0,20,某深圳大型基金/证券/期货公司,基金/证券/期货,1000-2000人,战略融资,,,大模型,,liepin,2026-07-22
大模型 Infra 产品运营,合肥,35-55k·13薪,35000.0,55000.0,本科,3-5年,3,5,某上海知名计算机软件公司,计算机软件,100-499人,融资未公开,,,大模型,,liepin,2026-07-22
AI/AI infra/大模型/框架/训练/算子/GPU,上海,70-100k·16薪,70000.0,100000.0,不限,1-3年,1,3,某上海大型电子商务公司,电子商务,1000-2000人,,,,大模型,,liepin,2026-07-22
AI运维工程师-大模型.算力-北京,北京,29-50k·14薪,29000.0,50000.0,本科,3-5年,3,5,某北京大型学术/科研公司,学术/科研,500-999人,天使轮,,,大模型,,liepin,2026-07-22
大模型应用开发工程师,北京,30-40k·14薪,30000.0,40000.0,本科,经验不限,0,20,某北京大型互联网公司,互联网,10000人以上,融资未公开,,,大模型,,liepin,2026-07-22
大模型测试工程师,杭州,10-16k·14薪,10000.0,16000.0,本科,3-5年,3,5,成都易训,专业技术服务,100-499人,融资未公开,,,大模型,,liepin,2026-07-22
AI大模型应用开发-战略风险与企业交易-上海,上海,30-45k,30000.0,45000.0,本科,5-8年,5,8,德勤Deloitte,专业技术服务,10000人以上,,,,大模型,,liepin,2026-07-22
AI应用开发工程师（智能体/大模型方向）,上海,25-40k,25000.0,40000.0,硕士,3年以上,3,99,同星智能,电子/半导体/集成电路,100-499人,A轮,,,大模型,,liepin,2026-07-22
多模态大模型算法工程师,上海,20-30k·15薪,20000.0,30000.0,硕士,3年以上,3,99,小鹏汽车,整车制造,10000人以上,,,,大模型,,liepin,2026-07-22
大模型Agent算法工程师,长沙,30-60k,30000.0,60000.0,硕士,经验不限,0,20,中联重科,机械/设备,10000人以上,,,,大模型,,liepin,2026-07-22
多模态大模型算法,北京,100-120k,100000.0,120000.0,不限,5-10年,5,10,某知名公司,人工智能,50-99人,不需要融资,,,大模型,,liepin,2026-07-22
蚂蚁阿福-模型训练医学专家-临床+大模型,杭州,30-50k·15薪,30000.0,50000.0,硕士,3-5年,3,5,蚂蚁集团,科技金融,5000-10000人,B轮,,,大模型,,liepin,2026-07-22
策略产品运营（大模型Agent方向）（I024294）,上海,15-45k·16薪,15000.0,45000.0,本科,1-5年,1,5,拼多多集团-PDD,互联网,刘先生·产品负责人,已上市,,,大模型,,liepin,2026-07-22
大模型算法工程师,北京,50-70k,50000.0,70000.0,硕士,3年以上,3,99,汇洲智能技术集团股份有限公司,基金/证券/期货,刘女士·人力资源总监,,,,大模型,,liepin,2026-07-22
大模型开发,重庆,30-60k·15薪,30000.0,60000.0,不限,经验不限,0,20,某杭州大型计算机软件公司,计算机软件,10000人以上,,,,大模型,,liepin,2026-07-22
大模型应用开发工程师（北京/深圳）,北京,40-70k,40000.0,70000.0,不限,5-10年,5,10,BAT大型互联网公司,互联网/电商,10000人以上,融资未公开,,,大模型,,liepin,2026-07-22
多模态大模型预训练（北京/上海/深圳）,上海,60-90k·15薪,60000.0,90000.0,硕士,经验不限,0,20,某深圳大型人工智能公司,人工智能,1000-2000人,B轮,,,大模型,,liepin,2026-07-22
大模型高性能推理研发工程师/专家,上海,40-65k,40000.0,65000.0,本科,3-5年,3,5,某上海大型电子商务公司,电子商务,1000-2000人,,,,大模型,,liepin,2026-07-22
大模型算法工程师,重庆,10-20k,10000.0,20000.0,硕士,3-5年,3,5,中电科翌智航(重庆)科技有限公司,计算机软件,徐先生·人力资源,战略融资,,,大模型,,liepin,2026-07-22
豆包AI大模型产品解决方案-Data AML,深圳,35-70k·15薪,35000.0,70000.0,本科,5-10年,5,10,字节跳动,互联网,祝女士·人事专员,,,,大模型,,liepin,2026-07-22
大模型应用工程师（偏后端）,成都,12-17k,12000.0,17000.0,本科,5-10年,5,10,航天云网科技发展有限责任公司,互联网,肖女士·人力资源主管,,,,大模型,,liepin,2026-07-22
大模型运营产品方向（电商）,北京,20-40k·15薪,20000.0,40000.0,本科,1-7年,1,7,字节跳动,互联网,10000人以上,,,,大模型,,liepin,2026-07-22
AI 平台架构师（大模型与智能体方向）,上海,35-55k,35000.0,55000.0,本科,5年以上,5,99,上海金仕达软件科技股份有限公司,科技金融,1000-2000人,,,,大模型,,liepin,2026-07-22
首席运营官 COO（大模型商业化方向）,深圳,100-180k·19薪,100000.0,180000.0,本科,10年以上,10,99,某知名上市公司,人力资源服务,10000人以上,已上市,,,大模型,,liepin,2026-07-22
测试岗（大模型方向）(J10050),北京,薪资面议,,,本科,3-5年,3,5,北银消费金融公司门户网站,基金/证券/期货,100-499人,战略融资,,,大模型,,liepin,2026-07-22
大模型算法工程师,北京,40-70k·16薪,40000.0,70000.0,本科,2年以上,2,99,紫光同芯,电子/半导体/集成电路,1000-2000人,,,,大模型,,liepin,2026-07-22
大模型 Token 销售,成都,15-30k,15000.0,30000.0,大专,3-5年,3,5,某成都互联网公司,互联网,50-99人,,,,大模型,,liepin,2026-07-22
感知算法专家（端到端自动驾驶大模型）,北京,60-80k·13薪,60000.0,80000.0,本科,5-10年,5,10,立得空间,计算机软件,500-999人,,,,大模型,,liepin,2026-07-22
大模型及智能算力(J102584),杭州,20-30k·20薪,20000.0,30000.0,本科,经验不限,0,20,Baidu,互联网,10000人以上,,,,大模型,,liepin,2026-07-22
大模型算法-智能体（北京上海杭州）,北京,50-80k·16薪,50000.0,80000.0,本科,3-5年,3,5,某大型知名互联网公司,互联网,2000-5000人,已上市,,,大模型,,liepin,2026-07-22
大模型应用架构师,上海,40-55k·15薪,40000.0,55000.0,本科,经验不限,0,20,某知名公司,专业技术服务,50-99人,融资未公开,,,大模型,,liepin,2026-07-22
HRBP（AI 大模型 / 算法业务线）,深圳,20-23k·13薪,20000.0,23000.0,本科,3-5年,3,5,某广州IT服务上市公司,IT服务,100-499人,已上市,,,大模型,,liepin,2026-07-22
销售中心负责人 - AI 大模型,北京,50-80k·15薪,50000.0,80000.0,不限,10年以上,10,99,某北京人工智能公司,人工智能,50-99人,,,,大模型,,liepin,2026-07-22
大模型开发岗（央企）,重庆,20-25k,20000.0,25000.0,本科,3-5年,3,5,猎头公司,工业互联网,1-49人,融资未公开,,,大模型,,liepin,2026-07-22
数据生产大模型工程师,重庆,10-25k,10000.0,25000.0,本科,3-5年,3,5,重庆长线智能科技有限责任公司,人工智能,,,,,大模型,,liepin,2026-07-22
大模型SRE,北京,45-65k·17薪,45000.0,65000.0,本科,经验不限,0,20,互联网大厂,内容(音视频/阅读),10000人以上,战略融资,,,大模型,,liepin,2026-07-22
AI大模型专家,北京,70-100k,70000.0,100000.0,博士,3-5年,3,5,某郑州知名上市公司,电子/半导体/集成电路,100-499人,已上市,,,大模型,,liepin,2026-07-22
资深PR-只看大模型和具身智能行业,上海,50-80k·16薪,50000.0,80000.0,本科,3年以上,3,99,某智能硬件公司,智能硬件/消费电子,500-999人,B轮,,,大模型,,liepin,2026-07-22
机器人算法类工程师（具身智能/大模型方向）,北京,40-60k·14薪,40000.0,60000.0,硕士,1-3年,1,3,某深圳大型计算机硬件公司,计算机硬件,500-999人,,,,大模型,,liepin,2026-07-22
高级法律顾问--AI大模型/95后,北京,35-60k·15薪,35000.0,60000.0,本科,4-7年,4,7,某北京互联网上市公司,互联网,10000人以上,已上市,,,大模型,,liepin,2026-07-22
大模型运营（电商方向）,成都,15-30k·15薪,15000.0,30000.0,本科,1-3年,1,3,字节跳动,互联网,10000人以上,,,,大模型,,liepin,2026-07-22
大模型工程师,重庆,11-21k,11000.0,21000.0,本科,3年以上,3,99,某重庆大型学校教育公司,学校教育,500-999人,融资未公开,,,大模型,,liepin,2026-07-22
技术合伙人 年薪200万++期权（（工业AI大模型方向））,北京,160-170k,160000.0,170000.0,本科,10年以上,10,99,某北京人工智能公司,人工智能,50-99人,,,,大模型,,liepin,2026-07-22
生理信号大模型算法工程师 传感器大模型,北京,120-130k,120000.0,130000.0,硕士,5-10年,5,10,某北京计算机软件公司,计算机软件,100-499人,天使轮,,,大模型,,liepin,2026-07-22
大模型运营（生活服务方向）-商业生态与安全,成都,20-40k·15薪,20000.0,40000.0,本科,3-5年,3,5,字节跳动,互联网,10000人以上,,,,大模型,,liepin,2026-07-22
OTD 组织人才发展｜支撑大模型研发团队组织能力建设,深圳,45-55k,45000.0,55000.0,本科,5-10年,5,10,某北京人工智能公司,人工智能,100-499人,A轮,,,大模型,,liepin,2026-07-22
AI研发工程师（AI大模型金融创新团队）,上海,25-50k·16薪,25000.0,50000.0,本科,经验不限,0,20,非凸科技,计算机软件,100-499人,天使轮,,,大模型,,liepin,2026-07-22
大模型运营（电商方向）-商业生态与安全,北京,15-30k,15000.0,30000.0,本科,2-4年,2,4,字节跳动,互联网,10000人以上,,,,大模型,,liepin,2026-07-22
科技公司后端高级开发工程师(AI大模型智能体方向),青岛,12-20k,12000.0,20000.0,本科,5年以上,5,99,房地产开发经营,100-499人,,,,,大模型,,liepin,2026-07-22
大模型推理研发,上海,70-100k·15薪,70000.0,100000.0,本科,3-5年,3,5,某北京生活服务上市公司,生活服务,10000人以上,已上市,,,大模型,,liepin,2026-07-22
银行监管项目产品专家（ AI大模型平台方向）,北京,25-30k,25000.0,30000.0,本科,5年以上,5,99,北京宇信科技集团股份有限公司,IT服务,10000人以上,,,,大模型,,liepin,2026-07-22
AI大模型应用技术总监,广州,120-200k,120000.0,200000.0,本科,经验不限,0,20,某广州互联网上市公司,互联网,2000-5000人,已上市,,,大模型,,liepin,2026-07-22
大模型架构师(自研+数字银行+RAG/Agent）,北京,40-60k,40000.0,60000.0,本科,5-10年,5,10,北京宇信科技集团股份有限公司,IT服务,10000人以上,,,RAG,大模型,,liepin,2026-07-22
大模型与智能体行业销售专家,北京,50-80k·14薪,50000.0,80000.0,本科,5-10年,5,10,某北京知名公司,科技推广服务,50-99人,A轮,,,大模型,,liepin,2026-07-22
大模型算法（香港）,香港,30-55k,30000.0,55000.0,本科,经验不限,0,20,某知名公司,IT服务,,,,,大模型,,liepin,2026-07-22
大模型（预训练/后训练）-多模态-多方向-上海/北京/杭州,上海,50-80k·15薪,50000.0,80000.0,本科,1-7年,1,7,某北京专业技术服务公司,专业技术服务,50-99人,融资未公开,,,大模型,,liepin,2026-07-22
大模型技术工程师,青岛,15-25k,15000.0,25000.0,硕士,3-5年,3,5,某青岛机械/设备公司,机械/设备,1-49人,,,,大模型,,liepin,2026-07-22
AI Agent 开发工程师（Python / 大模型方向）,成都,10-17k,10000.0,17000.0,硕士,1-3年,1,3,成都市思叠科技有限公司,电子/半导体/集成电路,100-499人,融资未公开,,Python,大模型,,liepin,2026-07-22
AI大模型开发专家（汽车座舱-base地上海）,上海,40-70k·16薪,40000.0,70000.0,硕士,7年以上,7,99,某重庆大型新能源汽车公司,新能源汽车,10000人以上,战略融资,,,大模型,,liepin,2026-07-22
AI产品经理（大模型应用方向）,深圳,20-40k,20000.0,40000.0,不限,1-3年,1,3,某北京知名电子/半导体/集成电路公司,电子/半导体/集成电路,100-499人,,,,大模型,,liepin,2026-07-22
AI云基础大模型销售岗（北京/上海/广州）,广州,40-50k,40000.0,50000.0,本科,3-5年,3,5,深圳市醇享科技有限公司,人工智能,毛先生·资深产品负责人/云行业解决方案架构师,,,,大模型,,liepin,2026-07-22
大模型解决方案专家,雄安新区,16-23k,16000.0,23000.0,本科,3-5年,3,5,南京华清智言科技有限公司,人工智能,1-49人,,,,大模型,,liepin,2026-07-22
AI大模型测试工程师,深圳,20-35k·14薪,20000.0,35000.0,本科,1-3年,1,3,绿联科技,智能硬件/消费电子,2000-5000人,,,,大模型,,liepin,2026-07-22
算法工程师（大模型方向）,深圳,45-75k·14薪,45000.0,75000.0,本科,3-5年,3,5,金蝶,互联网,5000-10000人,已上市,,,大模型,,liepin,2026-07-22
大模型技术专家,深圳,40-60k·15薪,40000.0,60000.0,硕士,5-10年,5,10,深圳市新凯来技术有限公司,电子/半导体/集成电路,2000-5000人,,,,大模型,,liepin,2026-07-22
大数据/AIGC/AI大模型,贵阳,10-12k,10000.0,12000.0,大专,1年以下,,,某国内IT服务公司,咨询服务,50-99人,,,AIGC,大模型,,liepin,2026-07-22
AI大模型算法专家,苏州,70-90k·15薪,70000.0,90000.0,硕士,5年以上,5,99,固德威,电气机械/器材,5000-10000人,,,,大模型,,liepin,2026-07-22
微信读书/微信输入法-大模型应用研发工程师-文本方向(北京),北京,25-35k·16薪,25000.0,35000.0,本科,1-3年,1,3,某大型知名互联网公司,互联网,10000人以上,已上市,,,大模型,,liepin,2026-07-22
大模型算法工程师,深圳,25-55k,25000.0,55000.0,本科,3-5年,3,5,北京智源方略企业管理有限公司,文化艺术业,孙女士·人力专员,,,,大模型,,liepin,2026-07-22
AI大模型应用资深系统架构师,上海,100-200k·16薪,100000.0,200000.0,硕士,5-10年,5,10,某深圳IT服务上市公司,网络/信息安全,10000人以上,已上市,,,大模型,,liepin,2026-07-22
大模型推理测试工程师/专家,深圳,20-40k·15薪,20000.0,40000.0,本科,2年以上,2,99,深圳市云开飞翔科技有限公司,批发/零售,1-49人,,,,大模型,,liepin,2026-07-22
大模型应用工程师（AI Agent方向）,南京,20-30k·13薪,20000.0,30000.0,本科,5-10年,5,10,中科创达软件股份有限公司,计算机软件,10000人以上,,,,大模型,,liepin,2026-07-22
资深大客户销售 (AI大模型/MaaS方向),上海,30-60k·15薪,30000.0,60000.0,本科,3-5年,3,5,某上海互联网上市公司,互联网,50-99人,已上市,,,大模型,,liepin,2026-07-22
AI 大模型 / AI Agent 应用开发工程师,上海,15-30k,15000.0,30000.0,本科,5年以下,,,某深圳新能源汽车公司,新能源汽车,,战略融资,,,大模型,,liepin,2026-07-22
AI大模型算法工程师（工业视觉与工艺方向）,合肥,150-160k,150000.0,160000.0,硕士,3-5年,3,5,某合肥大型电子/半导体/集成电路公司,电子/半导体/集成电路,5000-10000人,战略融资,,,大模型,,liepin,2026-07-22
销售总监（民营医疗/体检机构//影像云/影像诊断大模型/5年+）,杭州,20-40k,20000.0,40000.0,本科,5年以上,5,99,联众医疗,IT服务,张女士·人力资源总监,,,,大模型,,liepin,2026-07-22
AI产品经理（大模型应用方向）,上海,45-75k·18薪,45000.0,75000.0,本科,经验不限,0,20,某合肥IT服务上市公司,IT服务,500-999人,已上市,,,大模型,,liepin,2026-07-22
内容安全经理（大模型）,北京,30-50k,30000.0,50000.0,本科,3年以上,3,99,某北京人工智能公司,人工智能,100-499人,已上市,,,大模型,,liepin,2026-07-22
大模型算法工程师,北京,30-55k,30000.0,55000.0,本科,5-10年,5,10,中国第一汽车股份有限公司,整车制造,姚女士·人事经理,,,,大模型,,liepin,2026-07-22
大模型应用开发工程师,深圳,25-35k·15薪,25000.0,35000.0,本科,3年以上,3,99,芯海科技,电子/半导体/集成电路,500-999人,,,,大模型,,liepin,2026-07-22
大模型推理优化,上海,65-70k,65000.0,70000.0,本科,3年以上,3,99,某北京电子/半导体/集成电路上市公司,电子/半导体/集成电路,1000-2000人,已上市,,,大模型,,liepin,2026-07-22
多语种大模型算法工程师,合肥,30-40k,30000.0,40000.0,硕士,3-10年,3,10,某合肥知名上市公司,计算机软件,10000人以上,已上市,,,大模型,,liepin,2026-07-22
大模型应用开发工程师,南京,20-30k·14薪,20000.0,30000.0,硕士,2年以上,2,99,中科南京人工智能创新研究院,人工智能,100-499人,,,,大模型,,liepin,2026-07-22
智驾大模型算法专家100-500w 北京/上海,上海,50-80k·14薪,50000.0,80000.0,硕士,1-8年,1,8,Momenta,人工智能,1000-2000人,,,,大模型,,liepin,2026-07-22
大模型算法工程师（模型训练方向） (MJ000363),合肥,25-45k,25000.0,45000.0,硕士,2年以上,2,99,容知日新,智能硬件/消费电子,500-999人,,,,大模型,,liepin,2026-07-22
大模型训推技术,上海,35-65k·15薪,35000.0,65000.0,本科,3-5年,3,5,某知名公司,计算机软件,100-499人,,,,大模型,,liepin,2026-07-22
大模型数据采购专家,北京,30-60k·16薪,30000.0,60000.0,本科,4年以上,4,99,某北京基金/证券/期货公司,基金/证券/期货,100-499人,融资未公开,,,大模型,,liepin,2026-07-22
大模型运营（电商方向）,北京,15-30k·15薪,15000.0,30000.0,本科,1-3年,1,3,字节跳动,互联网,10000人以上,,,,大模型,,liepin,2026-07-22
AI端侧大模型开发工程师,上海,35-55k·15薪,35000.0,55000.0,本科,3-5年,3,5,某大型知名新能源汽车公司,新能源汽车,10000人以上,战略融资,,,大模型,,liepin,2026-07-22
大模型应用工程师,西安,20-30k·13薪,20000.0,30000.0,本科,1-3年,1,3,汉沣精机,机械/设备,50-99人,不需要融资,,,大模型,,liepin,2026-07-22
大模型微调算法工程师,广州,35-65k,35000.0,65000.0,硕士,1-3年,1,3,某广州大型房地产开发经营公司,房地产开发经营,10000人以上,,,,大模型,,liepin,2026-07-22
AI/基座大模型/多模态/物理智能/AI安全-研究院,上海,50-80k·15薪,50000.0,80000.0,本科,1-3年,1,3,某上海大型人工智能公司,人工智能,500-999人,,,,大模型,,liepin,2026-07-22
大模型算法负责人（全球化市场、亿级流量入口厂商）,上海,100-200k·15薪,100000.0,200000.0,本科,10年以上,10,99,某知名上市公司,电气机械/器材,10000人以上,已上市,,,大模型,,liepin,2026-07-22
大模型应用开发工程师/AI Agent 开发工程师（知名上市公司）,上海,40-60k·14薪,40000.0,60000.0,不限,3-5年,3,5,某国内医疗器械上市公司,医疗器械,10000人以上,已上市,,,大模型,,liepin,2026-07-22
算法/AI大模型应用工程师,杭州,20-40k,20000.0,40000.0,本科,5-10年,5,10,某杭州互联网公司,互联网,100-499人,C轮,,,大模型,,liepin,2026-07-22
招聘专家（大模型方向）,上海,25-35k·17薪,25000.0,35000.0,本科,5-10年,5,10,某上海基金/证券/期货公司,基金/证券/期货,50-99人,融资未公开,,,大模型,,liepin,2026-07-22
中国税务BP-大模型,北京,30-80k·15薪,30000.0,80000.0,本科,5-10年,5,10,字节跳动,互联网,10000人以上,,,,大模型,,liepin,2026-07-22
大模型产品销售-火山引擎,北京,20-50k,20000.0,50000.0,本科,1年以上,1,99,字节跳动,互联网,10000人以上,,,,大模型,,liepin,2026-07-22
多模态大模型算法工程师,杭州,40-60k·15薪,40000.0,60000.0,硕士,3-8年,3,8,某杭州电子/半导体/集成电路上市公司,电子/半导体/集成电路,10000人以上,已上市,,,大模型,,liepin,2026-07-22
AI大模型应用开发工程师,上海,20-30k·15薪,20000.0,30000.0,本科,3-5年,3,5,东成机电,机械/设备,5000-10000人,,,,大模型,,liepin,2026-07-22
AI大模型评测工程师,南京,22-40k,22000.0,40000.0,本科,5-10年,5,10,某合肥互联网上市公司,计算机软件,10000人以上,已上市,,,大模型,,liepin,2026-07-22
AI大模型解决方案架构师 (SA/FDE),上海,50-80k·15薪,50000.0,80000.0,本科,5-10年,5,10,某上海互联网上市公司,互联网,50-99人,已上市,,,大模型,,liepin,2026-07-22
多模态大模型Ai算法工程师（9-10）,宁德,15-30k·16薪,15000.0,30000.0,本科,3-5年,3,5,某国内大型新能源公司,新能源,10000人以上,融资未公开,,,大模型,,liepin,2026-07-22
AI大模型应用工程师-【国企平台】,成都,18-25k,18000.0,25000.0,本科,3-5年,3,5,某成都学术/科研公司,学术/科研,,,,,大模型,,liepin,2026-07-22
大模型运营（电商方向）-商业生态与安全,西安,20-40k·15薪,20000.0,40000.0,本科,3-5年,3,5,字节跳动,互联网,10000人以上,,,,大模型,,liepin,2026-07-22
大模型算法工程师(CV+多模态）,北京,35-50k,35000.0,50000.0,硕士,3年以上,3,99,某北京通信设备上市公司,通信设备,5000-10000人,已上市,,计算机视觉,大模型,,liepin,2026-07-22
大模型算法工程师/专家(Agent),北京,50-80k·15薪,50000.0,80000.0,硕士,5-10年,5,10,某大型生活服务O2O公司,生活服务O2O,10000人以上,已上市,,,大模型,,liepin,2026-07-22
算法团队负责人（大模型/多模态/机器人/VLA/World Model 前沿方向）,苏州,100-130k·14薪,100000.0,130000.0,硕士,10年以上,10,99,某苏州互联网公司,互联网,1-49人,,,,大模型,,liepin,2026-07-22
多模态大模型后训练算法专家（北京/上海/深圳）,上海,60-90k·15薪,60000.0,90000.0,不限,经验不限,0,20,某深圳大型人工智能公司,人工智能,1000-2000人,B轮,,,大模型,,liepin,2026-07-22
生物信息大模型数据科学家/高级工程师(J28381),武汉,30-40k,30000.0,40000.0,硕士,经验不限,0,20,华大集团,生物技术,10000人以上,,,,大模型,,liepin,2026-07-22
AI大模型,深圳,20-50k·15薪,20000.0,50000.0,本科,1年以上,1,99,深圳市新凯来技术有限公司,电子/半导体/集成电路,2000-5000人,,,,大模型,,liepin,2026-07-22
大模型应用开发工程师/AI Agent 开发工程师（知名上市公司）,北京,40-60k·14薪,40000.0,60000.0,本科,3-5年,3,5,某国内医疗器械上市公司,医疗器械,10000人以上,已上市,,,大模型,,liepin,2026-07-22
国企单位 大模型应用开发工程师,成都,18-25k,18000.0,25000.0,本科,3-5年,3,5,某成都专业技术服务公司,专业技术服务,1-49人,,,,大模型,,liepin,2026-07-22
大模型算法工程师（模型训练）,北京,45-55k·14薪,45000.0,55000.0,硕士,3-5年,3,5,福州某上市公司,计算机软件,2000-5000人,已上市,,,大模型,,liepin,2026-07-22
大模型行业专家,上海,50-70k·15薪,50000.0,70000.0,硕士,10年以上,10,99,某杭州整车制造上市公司,整车制造,10000人以上,已上市,,,大模型,,liepin,2026-07-22
大模型推理与部署工程师(J11095),上海,25-50k,25000.0,50000.0,硕士,1-3年,1,3,云知声,人工智能,王女士·人事行政主管,,,,大模型,,liepin,2026-07-22
解决方案（大模型）,上海,30-50k·17薪,30000.0,50000.0,本科,5年以上,5,99,顺丰,邮政/快递,10000人以上,,,,大模型,,liepin,2026-07-22
大模型AI Agent开发工程师｜C端智能创新方向,杭州,45-70k·16薪,45000.0,70000.0,本科,3-5年,3,5,某上海大型电子商务公司,电子商务,1000-2000人,,,,大模型,,liepin,2026-07-22
大模型算法,芜湖,25-40k·15薪,25000.0,40000.0,本科,5年以上,5,99,某国内知名公司,整车制造,10000人以上,战略融资,,,大模型,,liepin,2026-07-22
大模型与智能体行业销售专家,北京,50-80k·14薪,50000.0,80000.0,本科,5-10年,5,10,某北京知名科技推广服务公司,科技推广服务,50-99人,A轮,,,大模型,,liepin,2026-07-22
HRBP Leader-for大模型商业化（保密项目）,北京,60-90k·16薪,60000.0,90000.0,本科,10年以上,10,99,某北京生活服务上市公司,生活服务,10000人以上,已上市,,,大模型,,liepin,2026-07-22
AI Agent开发实习生(大模型应用、后端开发，数据科学与统计方向应用场景),北京,6-8k,6000.0,8000.0,本科,经验不限,0,20,某大型专业技术服务公司,专业技术服务,10000人以上,已上市,,,大模型,,liepin,2026-07-22
ai端侧大模型算法,上海,30-60k·15薪,30000.0,60000.0,本科,5-10年,5,10,某大型整车制造公司,整车制造,2000-5000人,,,,大模型,,liepin,2026-07-22
PR总监（海外为主·大模型软件方向）,广州,40-60k·13薪,40000.0,60000.0,本科,5-10年,5,10,某广州电气机械/器材公司,电气机械/器材,50-99人,A轮,,,大模型,,liepin,2026-07-22
大模型 MaaS 网关研发工程师/专家,北京,35-65k,35000.0,65000.0,本科,3-5年,3,5,某上海大型电子商务公司,电子商务,1000-2000人,,,,大模型,,liepin,2026-07-22
国企头部券商-大模型算法工程师,上海,35-55k,35000.0,55000.0,硕士,5-10年,5,10,某大型知名基金证券公司,基金/证券/期货,5000-10000人,已上市,,,大模型,,liepin,2026-07-22
豆包AI大模型产品解决方案-Data AML,上海,35-70k·15薪,35000.0,70000.0,本科,5-10年,5,10,字节跳动,互联网,祝女士·人事专员,,,,大模型,,liepin,2026-07-22
大模型算法工程师（智能体）,重庆,30-45k,30000.0,45000.0,硕士,2年以上,2,99,某重庆整车制造上市公司,整车制造,10000人以上,已上市,,,大模型,,liepin,2026-07-22
大模型评测研究员,上海,50-70k·15薪,50000.0,70000.0,硕士,1-3年,1,3,某上海互联网上市公司,互联网,50-99人,已上市,,,大模型,,liepin,2026-07-22
AI大模型应用工程师,苏州,35-45k·14薪,35000.0,45000.0,本科,5年以上,5,99,某北京电子商务上市公司,电子商务,10000人以上,已上市,,,大模型,,liepin,2026-07-22
招聘专员（双休/六险一金/IT研发岗AI大模型）,武汉,6-12k·13薪,6000.0,12000.0,大专,1年以上,1,99,纬致芯创科技,计算机软件,5000-10000人,,,,大模型,,liepin,2026-07-22
AI端侧大模型开发工程师,上海,30-35k,30000.0,35000.0,本科,3-5年,3,5,某大型知名新能源汽车公司,新能源汽车,10000人以上,战略融资,,,大模型,,liepin,2026-07-22
大模型应用算法（行业头部）,上海,50-80k·15薪,50000.0,80000.0,本科,5-10年,5,10,全球知名无人机公司,通信业,10000人以上,C轮,,,大模型,,liepin,2026-07-22
商务BD（大模型公司方向）,上海,80-100k·15薪,80000.0,100000.0,本科,10年以上,10,99,某国内新能源上市公司,新能源,10000人以上,已上市,,,大模型,,liepin,2026-07-22
大模型战略分析/投资专家,北京,50-80k·24薪,50000.0,80000.0,硕士,10年以上,10,99,某北京互联网上市公司,互联网,10000人以上,已上市,,,大模型,,liepin,2026-07-22
高级前端工程师（传统前端转向 AI/大模型方向）,杭州,20-40k,20000.0,40000.0,本科,5-10年,5,10,某杭州互联网公司,互联网,100-499人,C轮,,,大模型,,liepin,2026-07-22
大模型高性能推理研发工程师/专家,杭州,35-55k·13薪,35000.0,55000.0,不限,3-5年,3,5,某上海知名计算机软件公司,计算机软件,100-499人,融资未公开,,,大模型,,liepin,2026-07-22
大模型平台产品运营,上海,50-80k·16薪,50000.0,80000.0,本科,3-5年,3,5,某知名公司,人力资源服务,100-499人,融资未公开,,,大模型,,liepin,2026-07-22
大模型平台开发工程师,北京,60-90k·16薪,60000.0,90000.0,硕士,5-10年,5,10,互联网上市集团企业,互联网/电商,10000人以上,已上市,,,大模型,,liepin,2026-07-22
AI架构总监（大模型|深圳|智慧交通）,深圳,60-90k,60000.0,90000.0,本科,5-10年,5,10,某知名公司,互联网,500-999人,,,,大模型,,liepin,2026-07-22
具身大模型推理优化工程师（VLA/WAM Infra）,北京,80-100k·14薪,80000.0,100000.0,本科,3-5年,3,5,某知名公司,咨询服务,100-499人,,,,大模型,,liepin,2026-07-22
AI大模型开发专家,上海,40-70k·15薪,40000.0,70000.0,本科,10年以上,10,99,某知名整车制造上市公司,整车制造,10000人以上,已上市,,,大模型,,liepin,2026-07-22
算法团队负责人（大模型/多模态/机器人/VLA/World Model 前沿方向）,苏州,90-120k,90000.0,120000.0,硕士,经验不限,0,20,某苏州互联网公司,互联网,1-49人,,,,大模型,,liepin,2026-07-22
大模型数据研发负责人（LLM方向）,杭州,20-40k,20000.0,40000.0,本科,10年以上,10,99,某杭州互联网公司,互联网,100-499人,C轮,,LLM/大模型,大模型,,liepin,2026-07-22
推荐大模型算法工程师-国际电商,北京,70-100k·15薪,70000.0,100000.0,本科,经验不限,0,20,某大型知名在线社交/媒体公司,在线社交/媒体,10000人以上,,,,大模型,,liepin,2026-07-22
大模型算法工程师,上海,20-35k,20000.0,35000.0,硕士,1-3年,1,3,医疗机构,沪深A股上市,10000人以上,,,,大模型,,liepin,2026-07-22
语音大模型算法工程师--北京广州,广州,50-80k·18薪,50000.0,80000.0,硕士,3-5年,3,5,某深圳互联网上市公司,互联网,10000人以上,已上市,,,大模型,,liepin,2026-07-22
【生理信号大模型】算法工程师,北京,30-45k,30000.0,45000.0,硕士,3-5年,3,5,某北京计算机软件公司,计算机软件,100-499人,天使轮,,,大模型,,liepin,2026-07-22
AI算法/大模型类(国企6险2金),北京,30-60k,30000.0,60000.0,本科,7年以上,7,99,某北京大型计算机软件公司,计算机软件,2000-5000人,融资未公开,,,大模型,,liepin,2026-07-22
国企头部券商-大模型算法工程师,深圳,40-60k·14薪,40000.0,60000.0,硕士,5-10年,5,10,某大型知名基金证券公司,基金/证券/期货,5000-10000人,已上市,,,大模型,,liepin,2026-07-22
中国税务BP-大模型（上海）,上海,30-80k·15薪,30000.0,80000.0,本科,5-10年,5,10,字节跳动,互联网,10000人以上,,,,大模型,,liepin,2026-07-22
高级产品经理（大模型评估平台）-TikTok安全产品,上海,40-70k·15薪,40000.0,70000.0,本科,3-5年,3,5,字节跳动,互联网,10000人以上,,,,大模型,,liepin,2026-07-22
算法工程师（电机控制方向）,上海,20-35k,20000.0,35000.0,本科,3-5年,3,5,宁波赛福,汽车零部件及配件,100-499人,,,,算法工程师,,liepin,2026-07-22
Algorithm Engineer 算法工程师,上海,30-35k,30000.0,35000.0,硕士,1-3年,1,3,某欧美口腔设备公司,医疗器械,100-499人,战略融资,,,算法工程师,,liepin,2026-07-22
AI驱动设计算法工程师AI-Enhanced Design Algorithm Engineer,厦门,20-40k·13薪,20000.0,40000.0,硕士,3-5年,3,5,安费诺电子,电子/半导体/集成电路,2000-5000人,,,,算法工程师,,liepin,2026-07-22
机器人算法工程师 Robotics Algorithm Engineer,上海,30-50k·14薪,30000.0,50000.0,本科,3年以上,3,99,上海穹彻智能科技有限公司,人工智能,50-99人,A轮,,,算法工程师,,liepin,2026-07-22
"Senior Algorithm Engineer, 具身智能算法工程师",上海,40-45k,40000.0,45000.0,本科,经验不限,0,20,某上海专业技术服务公司,专业技术服务,100-499人,融资未公开,,,算法工程师,,liepin,2026-07-22
算法工程师 | Algorithm Engineer(J17940),合肥,15-30k·15薪,15000.0,30000.0,硕士,1-3年,1,3,长鑫存储技术有限公司,电子/半导体/集成电路,2000-5000人,,,,算法工程师,,liepin,2026-07-22
算法工程师（Algorithm Engineer）,宁波,12-30k·13薪,12000.0,30000.0,本科,3-5年,3,5,宁波如动科技有限公司,互联网,孙女士·人事,,,,算法工程师,,liepin,2026-07-22
slam算法工程师,深圳,25-40k,25000.0,40000.0,本科,1-3年,1,3,云洁科技,人工智能,1-49人,融资未公开,,,算法工程师,,liepin,2026-07-22
自动驾驶预测算法工程师（Prediction Algorithm Engineer）,深圳,薪资面议,,,本科,3年以上,3,99,深圳市锐明技术股份有限公司,智能硬件/消费电子,2000-5000人,已上市,,,算法工程师,,liepin,2026-07-22
激光感知算法工程师（Lidar Perception Algorithm Engineer）,深圳,薪资面议,,,本科,3年以上,3,99,深圳市锐明技术股份有限公司,智能硬件/消费电子,2000-5000人,已上市,,,算法工程师,,liepin,2026-07-22
Senior Algorithm Engineer 资深具身智能算法工程师,上海,25-40k·14薪,25000.0,40000.0,硕士,经验不限,0,20,某上海汽车零部件及配件公司,汽车零部件及配件,100-499人,融资未公开,,,算法工程师,,liepin,2026-07-22
脑电算法工程师（(EEG) Algorithm Engineer）,杭州,50-70k,50000.0,70000.0,硕士,经验不限,0,20,杭州西子芯连科技有限公司,计算机软件,1-49人,,,,算法工程师,,liepin,2026-07-22
运动控制算法工程师,杭州,20-30k,20000.0,30000.0,硕士,1-3年,1,3,浙江中力机械股份有限公司,机械/设备,2000-5000人,,,,算法工程师,,liepin,2026-07-22
Radar Algorithm Engineer（AUTO）/雷达算法工程师,深圳,30-60k·16薪,30000.0,60000.0,硕士,3-5年,3,5,加特兰微电子科技,电子/半导体/集成电路,高先生·人事主管,,,,算法工程师,,liepin,2026-07-22
Plan& Control Algorithm Engineer 控制规划算法工程师 ID185857,上海,薪资面议,,,本科,5-10年,5,10,梅赛德斯-奔驰,整车制造,10000人以上,,,,算法工程师,,liepin,2026-07-22
图形图像算法工程师 TD Graphics and Image Algorithm Engineer,合肥,20-40k·15薪,20000.0,40000.0,硕士,2年以上,2,99,长鑫存储技术有限公司,电子/半导体/集成电路,2000-5000人,,,,算法工程师,,liepin,2026-07-22
Image Algorithm Engineer/图像算法工程师,北京,15-30k·15薪,15000.0,30000.0,本科,3-5年,3,5,苏州一目万相科技有限公司,机械/设备,50-99人,战略融资,,,算法工程师,,liepin,2026-07-22
Calibration Algorithm Engineer 算法标定工程师（自动驾驶）,深圳,50-80k,50000.0,80000.0,不限,3-5年,3,5,某苏州知名公司,机械/设备,500-999人,已上市,,,算法工程师,,liepin,2026-07-22
机器视觉算法开发工程师-Machine Vision Algorithm Engineer(J19651),合肥,20-40k·15薪,20000.0,40000.0,硕士,5-10年,5,10,长鑫存储技术有限公司,电子/半导体/集成电路,2000-5000人,,,计算机视觉,算法工程师,,liepin,2026-07-22
机器视觉算法开发工程师-Machine Vision Algorithm Engineer(J19651),合肥,20-40k·14薪,20000.0,40000.0,硕士,5年以上,5,99,长鑫存储技术有限公司,电子/半导体/集成电路,2000-5000人,,,计算机视觉,算法工程师,,liepin,2026-07-22
Algorithm Lead-算法高级工程师自动驾驶,上海,30-45k·14薪,30000.0,45000.0,硕士,10年以上,10,99,安飞瑞工程技术(成都)有限公司,计算机硬件,100-499人,不需要融资,,,算法工程师,,liepin,2026-07-22
软件算法开发工程师-Software Algorithm Development Engineer(J19650),合肥,20-40k·14薪,20000.0,40000.0,硕士,5-10年,5,10,长鑫存储技术有限公司,电子/半导体/集成电路,2000-5000人,,,,算法工程师,,liepin,2026-07-22
Automation Algorithm Design Engineer/自动化算法设计工程师,福州,15-25k·13薪,15000.0,25000.0,硕士,3-5年,3,5,高意科技,电子/半导体/集成电路,5000-10000人,,,,算法工程师,,liepin,2026-07-22
芯片算法建模工程师-Chip Algorithm Modeling Engineer(J19398),北京,40-70k·16薪,40000.0,70000.0,硕士,5-10年,5,10,长鑫存储技术有限公司,电子/半导体/集成电路,2000-5000人,,,,算法工程师,,liepin,2026-07-22
芯片算法建模工程师-Chip Algorithm Modeling Engineer(J19398),上海,40-70k·16薪,40000.0,70000.0,硕士,5-10年,5,10,长鑫存储技术有限公司,电子/半导体/集成电路,2000-5000人,,,,算法工程师,,liepin,2026-07-22
芯片算法建模工程师-Chip Algorithm Modeling Engineer(J19398),合肥,40-70k·16薪,40000.0,70000.0,硕士,5-10年,5,10,长鑫存储技术有限公司,电子/半导体/集成电路,2000-5000人,,,,算法工程师,,liepin,2026-07-22
运动控制算法工程师,西安,20-40k·16薪,20000.0,40000.0,硕士,5年以上,5,99,海康威视,智能硬件/消费电子,10000人以上,,,,算法工程师,,liepin,2026-07-22
微波算法工程师,上海,20-35k,20000.0,35000.0,本科,3年以上,3,99,北京生迪网络科技有限公司,智能硬件/消费电子,50-99人,融资未公开,,,算法工程师,,liepin,2026-07-22
AI算法工程师,苏州,15-25k·13薪,15000.0,25000.0,本科,3-5年,3,5,某苏州通信设备上市公司,电子/半导体/集成电路,10000人以上,已上市,,,算法工程师,,liepin,2026-07-22
AIDC控制算法工程师,上海,50-80k·14薪,50000.0,80000.0,硕士,5-10年,5,10,新能源汽车动力总成研发制造企业,汽车/摩托车,100-499人,融资未公开,,,算法工程师,,liepin,2026-07-22
国央企单位 算法工程师,苏州,26-35k,26000.0,35000.0,硕士,5-10年,5,10,某苏州电子/半导体/集成电路公司,电子/半导体/集成电路,100-499人,战略融资,,,算法工程师,,liepin,2026-07-22
算法工程师（知识图谱与智能体方向）,上海,20-40k·13薪,20000.0,40000.0,博士,3-5年,3,5,中石油(上海)新材料研究院有限公司,化工,高先生·人力资源总监,,,,算法工程师,,liepin,2026-07-22
高级算法工程师,长沙,30-50k,30000.0,50000.0,硕士,5-10年,5,10,立仪科技,仪器仪表,100-499人,C轮,,,算法工程师,,liepin,2026-07-22
AI算法工程师（LLM大语言模型算法方向）,广州,40-70k,40000.0,70000.0,硕士,1年以上,1,99,深海智人,人工智能,100-499人,,,LLM/大模型,算法工程师,,liepin,2026-07-22
电机控制算法工程师,烟台,20-30k,20000.0,30000.0,硕士,3年以上,3,99,TRAINOR,石化,1-49人,,,,算法工程师,,liepin,2026-07-22
资深/高级算法工程师,北京,50-80k,50000.0,80000.0,硕士,3年以上,3,99,某深圳大型电子/半导体/集成电路公司,电子/半导体/集成电路,2000-5000人,不需要融资,,,算法工程师,,liepin,2026-07-22
具身智能算法工程师,苏州,160-200k·16薪,160000.0,200000.0,硕士,经验不限,0,20,某北京人工智能公司,人工智能,100-499人,A轮,,,算法工程师,,liepin,2026-07-22
AI算法工程师,南京,30-50k,30000.0,50000.0,硕士,1-3年,1,3,某南京科技推广服务公司,科技推广服务,,,,,算法工程师,,liepin,2026-07-22
行业应用高级算法工程师,上海,60-90k·16薪,60000.0,90000.0,硕士,经验不限,0,20,某上海互联网公司,互联网,50-99人,天使轮,,,算法工程师,,liepin,2026-07-22
AI算法工程师,哈尔滨,20-30k,20000.0,30000.0,硕士,3年以上,3,99,乌兰浩特市顺源农牧机械制造有限公司,机械/设备,100-499人,,,,算法工程师,,liepin,2026-07-22
输电线路行波算法工程师（工作地点在南京或者合肥均可）,合肥,25-30k·13薪,25000.0,30000.0,本科,3-5年,3,5,某合肥知名电力/热力/燃气/水务公司,电力/热力/燃气/水务,100-499人,融资未公开,,,算法工程师,,liepin,2026-07-22
算法工程师（跨国赋能）,上海,25-45k·15薪,25000.0,45000.0,硕士,3-5年,3,5,信也科技,科技金融,5000-10000人,已上市,,,算法工程师,,liepin,2026-07-22
控制算法工程师/终端系统工程师（激光通信）,上海,29-40k,29000.0,40000.0,硕士,3年以上,3,99,某上海电子/半导体/集成电路公司,电子/半导体/集成电路,100-499人,A轮,,,算法工程师,,liepin,2026-07-22
高级算法工程师,深圳,35-45k·15薪,35000.0,45000.0,硕士,5-10年,5,10,伺服驱动系统研发生产企业,仪器/电气/自动化,500-999人,已上市,,,算法工程师,,liepin,2026-07-22
算法工程师,上海,20-30k,20000.0,30000.0,硕士,1-3年,1,3,上海火炬电子科技集团有限公司,电子/半导体/集成电路,2000-5000人,,,,算法工程师,,liepin,2026-07-22
决策规划算法工程师（张江，量产四足狗）,上海,40-70k·15薪,40000.0,70000.0,本科,3-5年,3,5,某北京人工智能公司,人工智能,100-499人,战略融资,,,算法工程师,,liepin,2026-07-22
视觉算法工程师,合肥,20-30k,20000.0,30000.0,本科,3-5年,3,5,某知名上市公司,计算机软件,10000人以上,已上市,,,算法工程师,,liepin,2026-07-22
3DGS算法工程师（静态重建方向）,苏州,25-50k·14薪,25000.0,50000.0,硕士,1-3年,1,3,汤元科技,人工智能,50-99人,A轮,,,算法工程师,,liepin,2026-07-22
中级研究算法工程师,广州,20-35k,20000.0,35000.0,硕士,1-3年,1,3,某合肥计算机软件上市公司,计算机软件,10000人以上,已上市,,,算法工程师,,liepin,2026-07-22
AI算法工程师（图像视觉）,上海,15-30k,15000.0,30000.0,硕士,3-5年,3,5,正泰集团研发中心(上海)有限公司,电力/热力/燃气/水务,赵女士·人事招聘主管,,,,算法工程师,,liepin,2026-07-22
机器人算法工程师,深圳,35-50k·15薪,35000.0,50000.0,不限,1-3年,1,3,某深圳机械/设备公司,机械/设备,100-499人,战略融资,,,算法工程师,,liepin,2026-07-22
资深算法工程师（leader）股权双休食宿,深圳,30-60k·14薪,30000.0,60000.0,本科,8年以上,8,99,锦好医疗,电子/半导体/集成电路,500-999人,,,,算法工程师,,liepin,2026-07-22
ROS算法工程师,合肥,18-25k·14薪,18000.0,25000.0,本科,3-5年,3,5,科大讯飞,互联网,10000人以上,已上市,,,算法工程师,,liepin,2026-07-22
机器人算法工程师,上海,薪资面议,,,本科,经验不限,0,20,福维克制造有限公司,其他制造业,100-499人,,,,算法工程师,,liepin,2026-07-22
数据闭环算法工程师,武汉,30-50k,30000.0,50000.0,本科,3年以上,3,99,立得空间,计算机软件,500-999人,,,,算法工程师,,liepin,2026-07-22
AI排产算法工程师（APS自动排产系统）,青岛,15-40k,15000.0,40000.0,本科,3-5年,3,5,力鼎智能装备集团,工业自动化,王女士·人力资源经理,不需要融资,,,算法工程师,,liepin,2026-07-22
无人机信号解析算法工程师,成都,28-35k,28000.0,35000.0,硕士,5-10年,5,10,某成都IT服务公司,IT服务,100-499人,战略融资,,,算法工程师,,liepin,2026-07-22
算法工程师-智能排班建模,上海,40-45k·14薪,40000.0,45000.0,本科,3-5年,3,5,某苏州大型工业自动化公司,工业自动化,1000-2000人,C轮,,,算法工程师,,liepin,2026-07-22
惯导系统算法工程师,西安,28-30k,28000.0,30000.0,硕士,3-5年,3,5,某西安知名公司,电气机械/器材,100-499人,战略融资,,,算法工程师,,liepin,2026-07-22
算法工程师-机械臂抓取规划,上海,25-35k,25000.0,35000.0,硕士,3-5年,3,5,某上海科技推广服务公司,科技推广服务,1-49人,天使轮,,,算法工程师,,liepin,2026-07-22
数据闭环算法工程师,北京,30-50k,30000.0,50000.0,本科,3年以上,3,99,立得空间,计算机软件,500-999人,,,,算法工程师,,liepin,2026-07-22
AI视频分析算法工程师,广州,20-40k·13薪,20000.0,40000.0,本科,经验不限,0,20,某广州电气机械/器材公司,电气机械/器材,50-99人,A轮,,,算法工程师,,liepin,2026-07-22
CV算法工程师,广州,25-50k,25000.0,50000.0,本科,经验不限,0,20,视研智能,计算机软件,1-49人,,,计算机视觉,算法工程师,,liepin,2026-07-22
MemOS-应用算法工程师,上海,60-90k·16薪,60000.0,90000.0,硕士,经验不限,0,20,某上海互联网公司,互联网,50-99人,天使轮,,,算法工程师,,liepin,2026-07-22
高级AI算法工程师（遥感/视觉分析方向）,南京,10-20k,10000.0,20000.0,本科,3-5年,3,5,慧通低空导航(浙江)有限公司,专业技术服务,50-99人,,,,算法工程师,,liepin,2026-07-22
机器人数字化 AI 算法工程师,上海,薪资面议,,,硕士,3-5年,3,5,ABB,电气机械/器材,10000人以上,,,,算法工程师,,liepin,2026-07-22
长沙定位导航算法工程师,东莞,18-35k,18000.0,35000.0,大专,经验不限,0,20,某东莞大型电子/半导体/集成电路公司,电子/半导体/集成电路,10000人以上,融资未公开,,,算法工程师,,liepin,2026-07-22
算法工程师（电力交易方向）,深圳,20-40k·15薪,20000.0,40000.0,本科,2年以上,2,99,深圳织算科技有限公司,云计算/大数据,潘女士·行政人事,A轮,,,算法工程师,,liepin,2026-07-22
无人机导航算法工程师,深圳,20-40k·13薪,20000.0,40000.0,硕士,1-3年,1,3,飞翼航空,智能硬件/消费电子,50-99人,A轮,,,算法工程师,,liepin,2026-07-22
高级算法工程师,苏州,25-35k·14薪,25000.0,35000.0,本科,5-10年,5,10,某苏州通信设备上市公司,通信设备,1000-2000人,已上市,,,算法工程师,,liepin,2026-07-22
系统算法工程师（ACC）,上海,30-45k·14薪,30000.0,45000.0,硕士,3-5年,3,5,驭势(上海)汽车科技有限公司,整车制造,100-499人,,,,算法工程师,,liepin,2026-07-22
机械臂抓取规划算法工程师,上海,25-35k,25000.0,35000.0,硕士,3-5年,3,5,某大型其他商务服务业公司,其他商务服务业,500-999人,战略融资,,,算法工程师,,liepin,2026-07-22
储能EMS资深算法工程师,南京,20-30k·17薪,20000.0,30000.0,硕士,5-10年,5,10,某国内新能源上市公司,新能源,10000人以上,已上市,,,算法工程师,,liepin,2026-07-22
机器人算法工程师（ros2，工业机器人）,南京,18-35k,18000.0,35000.0,不限,3年以上,3,99,某南京学术/科研公司,学术/科研,50-99人,A轮,,,算法工程师,,liepin,2026-07-22
嵌入式/自动驾驶标定算法工程师,深圳,15-30k,15000.0,30000.0,本科,2年以上,2,99,某北京专业技术服务公司,专业技术服务,100-499人,不需要融资,,,算法工程师,,liepin,2026-07-22
强化学习算法工程师,西安,25-50k·13薪,25000.0,50000.0,本科,3-5年,3,5,某杭州人工智能上市公司,人工智能,10000人以上,已上市,,,算法工程师,,liepin,2026-07-22
机器人算法工程师,上海,25-40k,25000.0,40000.0,不限,经验不限,0,20,某国内医疗器械上市公司,医疗器械,500-999人,已上市,,,算法工程师,,liepin,2026-07-22
国央企单位 算法工程师,苏州,25-35k,25000.0,35000.0,本科,3-5年,3,5,某苏州电子/半导体/集成电路公司,电子/半导体/集成电路,100-499人,战略融资,,,算法工程师,,liepin,2026-07-22
高级AI算法工程师,上海,40-70k,40000.0,70000.0,本科,5-10年,5,10,某上海医疗器械公司,医疗器械,50-99人,,,,算法工程师,,liepin,2026-07-22
交换芯片算法工程师,上海,70-100k,70000.0,100000.0,本科,8年以上,8,99,某上海电子/半导体/集成电路公司,电子/半导体/集成电路,50-99人,天使轮,,,算法工程师,,liepin,2026-07-22
SLAM 导航算法工程师（园区楼宇机器人）,上海,30-40k·15薪,30000.0,40000.0,本科,3-5年,3,5,某大型其他商务服务业公司,其他商务服务业,500-999人,战略融资,,,算法工程师,,liepin,2026-07-22
无线电算法工程师,北京,35-65k·14薪,35000.0,65000.0,硕士,5-10年,5,10,某北京专业技术服务公司,专业技术服务,50-99人,天使轮,,,算法工程师,,liepin,2026-07-22
国央企单位 AI算法工程师,苏州,26-27k,26000.0,27000.0,本科,3-5年,3,5,某苏州电子/半导体/集成电路公司,电子/半导体/集成电路,100-499人,战略融资,,,算法工程师,,liepin,2026-07-22
资深底层控制算法工程师,北京,80-110k,80000.0,110000.0,硕士,2-4年,2,4,某知名公司,电子/半导体/集成电路,,,,,算法工程师,,liepin,2026-07-22
感知算法工程师,上海,40-70k·15薪,40000.0,70000.0,本科,3-8年,3,8,某北京知名公司,生活服务O2O,10000人以上,已上市,,,算法工程师,,liepin,2026-07-22
算法工程师（商品预测方向）,厦门,40-70k,40000.0,70000.0,本科,5-10年,5,10,某大型其他商务服务业公司,其他商务服务业,500-999人,战略融资,,,算法工程师,,liepin,2026-07-22
运动控制算法工程师,厦门,30-50k,30000.0,50000.0,硕士,3-5年,3,5,厦门微亚智能科技有限公司,机械/设备,100-499人,A轮,,,算法工程师,,liepin,2026-07-22
传感器算法工程师,北京,120-130k,120000.0,130000.0,硕士,5-10年,5,10,某北京计算机软件公司,计算机软件,100-499人,天使轮,,,算法工程师,,liepin,2026-07-22
机器人算法工程师,深圳,50-80k·15薪,50000.0,80000.0,本科,3-5年,3,5,某深圳人工智能公司,人工智能,100-499人,天使轮,,,算法工程师,,liepin,2026-07-22
AI Agent算法工程师-上海北京杭州,上海,55-60k·15薪,55000.0,60000.0,不限,3-10年,3,10,某北京大型互联网公司,计算机软件,10000人以上,,,,算法工程师,,liepin,2026-07-22
【2027届秋招】决策/控制/运动规划算法工程师-环卫车事业部-广州/深圳/武汉,武汉,25-50k·15薪,25000.0,50000.0,本科,经验不限,0,20,文远知行WeRide,人工智能,1000-2000人,,,,算法工程师,,liepin,2026-07-22
算法工程师,南京,20-40k·15薪,20000.0,40000.0,硕士,3-5年,3,5,翱捷科技股份有限公司,电子/半导体/集成电路,1000-2000人,,,,算法工程师,,liepin,2026-07-22
AIGC算法工程师,广州,30-50k,30000.0,50000.0,本科,5年以上,5,99,某广州电气机械/器材公司,电气机械/器材,50-99人,A轮,,AIGC,算法工程师,,liepin,2026-07-22
机械臂运动控制算法工程师（动力学）接受应届,深圳,45-65k·14薪,45000.0,65000.0,本科,1-3年,1,3,某合肥人工智能公司,人工智能,100-499人,A轮,,,算法工程师,,liepin,2026-07-22
机器人运动控制算法工程师（深圳/北京）,深圳,50-80k·14薪,50000.0,80000.0,本科,1-10年,1,10,某知名公司,科技推广服务,1-49人,天使轮,,,算法工程师,,liepin,2026-07-22
AI-Driven Design Algorithm Engineer,厦门,13-25k·13薪,13000.0,25000.0,硕士,经验不限,0,20,安费诺电子,电子/半导体/集成电路,2000-5000人,,,,算法工程师,,liepin,2026-07-22
算法工程师（半导体检测设备/半导体设备/检测设备）,无锡,20-40k,20000.0,40000.0,本科,5-10年,5,10,某国内机械/设备公司,机械/设备,50-99人,,,,算法工程师,,liepin,2026-07-22
高级电机算法工程师（FOC）,北京,30-60k·15薪,30000.0,60000.0,本科,5-10年,5,10,某北京智能硬件/消费电子公司,智能硬件/消费电子,100-499人,B轮,,,算法工程师,,liepin,2026-07-22
computer use/GUI Agent算法工程师/研究员-基模,上海,60-90k·16薪,60000.0,90000.0,硕士,经验不限,0,20,某上海互联网公司,互联网,50-99人,天使轮,,,算法工程师,,liepin,2026-07-22
运动控制算法工程师,深圳,30-50k,30000.0,50000.0,硕士,3-5年,3,5,厦门微亚智能科技有限公司,机械/设备,100-499人,A轮,,,算法工程师,,liepin,2026-07-22
agent算法工程师/研究员-基模,上海,60-90k·16薪,60000.0,90000.0,硕士,经验不限,0,20,某上海互联网公司,互联网,50-99人,天使轮,,,算法工程师,,liepin,2026-07-22
算法工程师,成都,25-40k·15薪,25000.0,40000.0,硕士,3-5年,3,5,联芸科技(杭州)有限公司,电子/半导体/集成电路,500-999人,,,,算法工程师,,liepin,2026-07-22
测温算法工程师,武汉,15-25k,15000.0,25000.0,本科,5-10年,5,10,某武汉仪器仪表公司,仪器仪表,,,,,算法工程师,,liepin,2026-07-22
AI算法工程师（具身智能算法方向）,广州,40-60k,40000.0,60000.0,硕士,1年以上,1,99,深海智人,人工智能,100-499人,,,,算法工程师,,liepin,2026-07-22
船舶定位融合算法工程师（上海）,上海,25-50k,25000.0,50000.0,硕士,5-10年,5,10,某知名公司,机械/设备,10000人以上,,,,算法工程师,,liepin,2026-07-22
TTS算法工程师,上海,30-50k·15薪,30000.0,50000.0,不限,3-5年,3,5,某上海人工智能公司,人工智能,100-499人,B轮,,,算法工程师,,liepin,2026-07-22
智驾数据算法工程师（数据闭环）,上海,28-40k·16薪,28000.0,40000.0,本科,3-5年,3,5,某上海大型互联网公司,互联网,5000-10000人,,,,算法工程师,,liepin,2026-07-22
具身vla预训练算法工程师,北京,50-80k·15薪,50000.0,80000.0,博士,5年以下,,,某北京人工智能公司,人工智能,100-499人,,,,算法工程师,,liepin,2026-07-22
算法工程师,深圳,12-20k,12000.0,20000.0,硕士,3年以下,,,汉德网络科技,智能硬件/消费电子,陈女士·人力专员,B轮,,,算法工程师,,liepin,2026-07-22
算法工程师(ISP算法）,武汉,60-90k,60000.0,90000.0,硕士,5年以上,5,99,某武汉电子/半导体/集成电路公司,电子/半导体/集成电路,50-99人,天使轮,,,算法工程师,,liepin,2026-07-22
具身智能算法工程师（战略人才储备岗）,北京,40-60k,40000.0,60000.0,不限,经验不限,0,20,某北京人工智能公司,人工智能,50-99人,A轮,,,算法工程师,,liepin,2026-07-22
VLA算法工程师/负责人（上海/北京/苏州/杭州/深圳）,上海,70-100k,70000.0,100000.0,硕士,5-10年,5,10,某上海大型智能硬件/消费电子公司,智能硬件/消费电子,500-999人,B轮,,,算法工程师,,liepin,2026-07-22
高潜机器人初创团队 - 运动控制算法工程师,深圳,60-90k·14薪,60000.0,90000.0,硕士,经验不限,0,20,某上海人工智能公司,人工智能,50-99人,,,,算法工程师,,liepin,2026-07-22
缺陷识别算法工程师,上海,40-70k·16薪,40000.0,70000.0,硕士,3-5年,3,5,某上海仪器仪表公司,仪器仪表,50-99人,融资未公开,,,算法工程师,,liepin,2026-07-22
国央企 算法工程师,苏州,26-35k,26000.0,35000.0,硕士,1-3年,1,3,某苏州电子/半导体/集成电路公司,电子/半导体/集成电路,100-499人,战略融资,,,算法工程师,,liepin,2026-07-22
智能驾驶算法工程师,成都,18-35k·15薪,18000.0,35000.0,硕士,3年以上,3,99,兵器装备,仪器仪表,1000-2000人,战略融资,,,算法工程师,,liepin,2026-07-22
搜推算法工程师/leader,上海,60-90k·16薪,60000.0,90000.0,本科,3-5年,3,5,某上海知名公司,电气机械/器材,1000-2000人,已上市,,,算法工程师,,liepin,2026-07-22
算法工程师（自动化装备领域）,上海,25-50k,25000.0,50000.0,硕士,3-5年,3,5,某上海货运/物流/仓储上市公司,货运/物流/仓储,5000-10000人,已上市,,,算法工程师,,liepin,2026-07-22
GNSS算法工程师,北京,40-65k·15薪,40000.0,65000.0,硕士,5-10年,5,10,某北京专业技术服务公司,专业技术服务,1-49人,,,,算法工程师,,liepin,2026-07-22
【机器人】AI算法工程师,厦门,15-30k,15000.0,30000.0,硕士,3-5年,3,5,某厦门机械/设备上市公司,机械/设备,2000-5000人,已上市,,,算法工程师,,liepin,2026-07-22
机器人控制算法工程师,广州,20-40k·13薪,20000.0,40000.0,本科,1年以上,1,99,某广州电气机械/器材公司,电气机械/器材,50-99人,A轮,,,算法工程师,,liepin,2026-07-22
Display算法工程师,北京,20-40k·15薪,20000.0,40000.0,硕士,3-5年,3,5,翱捷科技股份有限公司,电子/半导体/集成电路,1000-2000人,,,,算法工程师,,liepin,2026-07-22
机器人算法工程师,南京,25-50k,25000.0,50000.0,本科,3-5年,3,5,某南京IT服务上市公司,IT服务,1000-2000人,已上市,,,算法工程师,,liepin,2026-07-22
风控算法工程师,北京,25-50k·13薪,25000.0,50000.0,本科,5-10年,5,10,某知名互联网金融科技公司,互联网,100-499人,,,,算法工程师,,liepin,2026-07-22
灵巧手算法工程师,深圳,35-65k·16薪,35000.0,65000.0,本科,5-10年,5,10,某知名公司,人工智能,100-499人,A轮,,,算法工程师,,liepin,2026-07-22
运动控制算法工程师,深圳,30-40k,30000.0,40000.0,本科,3年以上,3,99,某武汉仪器仪表公司,仪器仪表,1-49人,,,,算法工程师,,liepin,2026-07-22
AI数据算法工程师-数据标注（广州/北京）(成都),成都,40-70k·16薪,40000.0,70000.0,硕士,3-5年,3,5,某深圳互联网上市公司,互联网,10000人以上,已上市,,,算法工程师,,liepin,2026-07-22
LLM 后训练算法工程师,上海,50-80k·16薪,50000.0,80000.0,硕士,3-5年,3,5,某智能硬件/消费电子公司,智能硬件/消费电子,100-499人,A轮,,LLM/大模型,算法工程师,,liepin,2026-07-22
视觉算法工程师（北京）,北京,20-40k,20000.0,40000.0,本科,1-3年,1,3,某北京学术/科研公司,学术/科研,,,,,算法工程师,,liepin,2026-07-22
视频编解码算法工程师,成都,20-40k·15薪,20000.0,40000.0,硕士,经验不限,0,20,翱捷科技股份有限公司,电子/半导体/集成电路,1000-2000人,,,,算法工程师,,liepin,2026-07-22
热算法工程师,苏州,20-35k·14薪,20000.0,35000.0,本科,5-10年,5,10,某苏州通信设备上市公司,通信设备,1000-2000人,已上市,,,算法工程师,,liepin,2026-07-22
运控算法工程师/专家,上海,30-60k,30000.0,60000.0,本科,3年以上,3,99,某杭州整车制造上市公司,整车制造,10000人以上,已上市,,,算法工程师,,liepin,2026-07-22
视频编解码算法工程师,上海,20-40k·15薪,20000.0,40000.0,硕士,经验不限,0,20,翱捷科技股份有限公司,电子/半导体/集成电路,1000-2000人,,,,算法工程师,,liepin,2026-07-22
数据分析与算法工程师,大连,10-20k,10000.0,20000.0,硕士,3年以上,3,99,大连科迈尔海洋科技有限公司,机械/设备,100-499人,融资未公开,,,算法工程师,,liepin,2026-07-22
自动驾驶算法工程师-规控方向,北京,30-50k,30000.0,50000.0,本科,5-10年,5,10,某北京大型整车制造公司,整车制造,500-999人,,,,算法工程师,,liepin,2026-07-22
高级声学算法工程师（声纹识别算法 / 前沿研发）️,合肥,25-45k,25000.0,45000.0,博士,3-5年,3,5,某知名上市公司,计算机软件,10000人以上,已上市,,,算法工程师,,liepin,2026-07-22
手部重建算法工程师（手部姿态估计方向）,北京,50-80k·15薪,50000.0,80000.0,硕士,3-5年,3,5,某北京科技推广服务公司,科技推广服务,,天使轮,,,算法工程师,,liepin,2026-07-22
算法工程师（LLM、nlp）,深圳,25-35k·16薪,25000.0,35000.0,本科,3-5年,3,5,某知名公司,基金/证券/期货,1000-2000人,战略融资,,LLM/大模型;NLP,算法工程师,,liepin,2026-07-22
aigc算法工程师（偏工程）,北京,25-35k·15薪,25000.0,35000.0,硕士,3-5年,3,5,某合肥互联网公司,互联网,50-99人,B轮,,AIGC,算法工程师,,liepin,2026-07-22
ai lab -AI算法工程师（引力计划）,深圳,35-60k,35000.0,60000.0,博士,1-3年,1,3,某深圳互联网上市公司,互联网,5000-10000人,已上市,,,算法工程师,,liepin,2026-07-22
神经渲染算法工程师(A203804),上海,20-40k·16薪,20000.0,40000.0,硕士,经验不限,0,20,Unity中国,计算机软件,500-999人,,,,算法工程师,,liepin,2026-07-22
AI训练工程师 / 算法工程师（图像分割方面）,成都,15-25k,15000.0,25000.0,硕士,1-3年,1,3,四川见山科技有限责任公司,计算机软件,朱女士·人事,战略融资,,,算法工程师,,liepin,2026-07-22
具身智能算法工程师,上海,50-70k·14薪,50000.0,70000.0,硕士,经验不限,0,20,某上海具身智能与机器人公司,具身智能与机器人,100-499人,,,,算法工程师,,liepin,2026-07-22
高级算法工程师,杭州,30-55k,30000.0,55000.0,本科,3-5年,3,5,计算机软件,其他,100-499人,,,,算法工程师,,liepin,2026-07-22
AI算法工程师,深圳,30-60k·16薪,30000.0,60000.0,本科,3-5年,3,5,某深圳互联网上市公司,互联网,5000-10000人,已上市,,,算法工程师,,liepin,2026-07-22
大模型算法工程师-记忆系统（北京/成都）(广州),成都,35-65k·16薪,35000.0,65000.0,硕士,3-5年,3,5,某深圳互联网上市公司,互联网,10000人以上,已上市,,,算法工程师,,liepin,2026-07-22
安全部-Agent算法工程师,北京,25-45k,25000.0,45000.0,本科,3-5年,3,5,某杭州互联网上市公司,电子商务,10000人以上,已上市,,,算法工程师,,liepin,2026-07-22
模型分布式训练算法工程师,北京,40-60k·15薪,40000.0,60000.0,硕士,经验不限,0,20,某北京智能硬件/消费电子上市公司,智能硬件/消费电子,500-999人,已上市,,,算法工程师,,liepin,2026-07-22
算法工程师（无人叉车|深圳|武汉）,深圳,25-40k,25000.0,40000.0,本科,5-10年,5,10,某深圳知名公司,生活服务O2O,100-499人,C轮,,,算法工程师,,liepin,2026-07-22
音乐识别算法工程师,上海,30-40k,30000.0,40000.0,本科,经验不限,0,20,某上海互联网公司,互联网,100-499人,,,,算法工程师,,liepin,2026-07-22
算法工程师（工业传感）,南京,15-30k,15000.0,30000.0,不限,3-5年,3,5,某南京仪器仪表公司,仪器仪表,100-499人,C轮,,,算法工程师,,liepin,2026-07-22
AI算法工程师（世界模型/NeRF算法方向）,广州,40-60k,40000.0,60000.0,硕士,1年以上,1,99,深海智人,人工智能,100-499人,,,,算法工程师,,liepin,2026-07-22
资深/高级算法工程师,北京,30-60k,30000.0,60000.0,本科,3-5年,3,5,某深圳知名公司,电子/半导体/集成电路,2000-5000人,不需要融资,,,算法工程师,,liepin,2026-07-22
电机算法工程师,北京,30-50k·15薪,30000.0,50000.0,硕士,5-10年,5,10,某北京智能硬件/消费电子公司,智能硬件/消费电子,100-499人,B轮,,,算法工程师,,liepin,2026-07-22
SLAM/眼追算法工程师,上海,60-80k,60000.0,80000.0,硕士,3-5年,3,5,某上海电子/半导体/集成电路公司,电子/半导体/集成电路,100-499人,C轮,,,算法工程师,,liepin,2026-07-22
央企 算法工程师,苏州,25-35k,25000.0,35000.0,本科,3-5年,3,5,某苏州电子/半导体/集成电路公司,电子/半导体/集成电路,100-499人,战略融资,,,算法工程师,,liepin,2026-07-22
高级算法工程师,上海,40-70k,40000.0,70000.0,硕士,3-5年,3,5,某人工智能公司,人工智能,100-499人,B轮,,,算法工程师,,liepin,2026-07-22
Slam算法工程师,北京,35-50k,35000.0,50000.0,本科,3年以上,3,99,立得空间,计算机软件,500-999人,,,,算法工程师,,liepin,2026-07-22
算法工程师（故障预测）,苏州,14-18k·13薪,14000.0,18000.0,硕士,1-3年,1,3,某国内电气机械/器材公司,电气机械/器材,100-499人,战略融资,,,算法工程师,,liepin,2026-07-22
云台算法工程师/IMU/姿态解算算法工程师/云台控制算法工程师,深圳,35-50k·15薪,35000.0,50000.0,硕士,3年以上,3,99,某知名公司,在线社交/媒体,1-49人,A轮,,,算法工程师,,liepin,2026-07-22
BIM垂直AI算法工程师(同步招聘AGENT工程师）,北京,70-100k·18薪,70000.0,100000.0,硕士,5-10年,5,10,某北京知名公司,物联网,500-999人,A轮,,,算法工程师,,liepin,2026-07-22
资深规控算法工程师,深圳,40-70k,40000.0,70000.0,本科,5-10年,5,10,某上海专业技术服务公司,人力资源服务,1-49人,融资未公开,,,算法工程师,,liepin,2026-07-22
AI算法工程师,无锡,20-30k,20000.0,30000.0,本科,3-5年,3,5,某国内新材料上市公司,新材料,500-999人,已上市,,,算法工程师,,liepin,2026-07-22
资深感知算法工程师,深圳,40-70k,40000.0,70000.0,本科,5-10年,5,10,某上海专业技术服务公司,人力资源服务,1-49人,融资未公开,,,算法工程师,,liepin,2026-07-22
机器人运动控制算法工程师,成都,50-80k,50000.0,80000.0,硕士,10年以上,10,99,某招聘企业,专业服务,50-99人,融资未公开,,,算法工程师,,liepin,2026-07-22
算法工程师 （运动学与遥操作方向）,北京,30-60k·15薪,30000.0,60000.0,本科,3-5年,3,5,某北京具身智能与机器人公司,具身智能与机器人,100-499人,A轮,,,算法工程师,,liepin,2026-07-22
高级算法工程师,南京,40-70k,40000.0,70000.0,硕士,5-10年,5,10,多伦科技,IT服务,1000-2000人,,,,算法工程师,,liepin,2026-07-22
自动驾驶规控算法工程师,深圳,25-45k,25000.0,45000.0,本科,3-5年,3,5,北控城市资源集团,食品/饮料/酒水,10000人以上,,,,算法工程师,,liepin,2026-07-22
感知算法工程师,上海,40-70k,40000.0,70000.0,本科,3年以上,3,99,某深圳制药上市公司,制药,1000-2000人,已上市,,,算法工程师,,liepin,2026-07-22
算法工程师,上海,130-200k·16薪,130000.0,200000.0,本科,10年以上,10,99,某上海专业技术服务公司,专业技术服务,100-499人,融资未公开,,,算法工程师,,liepin,2026-07-22
北京 算法工程师,北京,16-21k·14薪,16000.0,21000.0,本科,3-5年,3,5,某北京电子/半导体/集成电路公司,电子/半导体/集成电路,100-499人,融资未公开,,,算法工程师,,liepin,2026-07-22
算法工程师（系统/决策/slam/规控/端到端等）,北京,40-70k·15薪,40000.0,70000.0,本科,5-10年,5,10,某北京知名公司,批发/零售,10000人以上,融资未公开,,,算法工程师,,liepin,2026-07-22
雷达算法工程师,西安,25-45k·14薪,25000.0,45000.0,不限,3-5年,3,5,某西安电子/半导体/集成电路公司,电子/半导体/集成电路,1-49人,A轮,,,算法工程师,,liepin,2026-07-22
算法工程师（动力学与力控方向）,北京,30-60k·15薪,30000.0,60000.0,硕士,3-5年,3,5,某北京具身智能与机器人公司,具身智能与机器人,100-499人,A轮,,,算法工程师,,liepin,2026-07-22
算法工程师-Z5230T,北京,15-30k,15000.0,30000.0,本科,8年以上,8,99,华润医药商业,医药流通,10000人以上,,,,算法工程师,,liepin,2026-07-22
机器人算法工程师,南京,18-45k,18000.0,45000.0,本科,2年以上,2,99,多伦科技,IT服务,1000-2000人,,,,算法工程师,,liepin,2026-07-22
机械臂控制算法工程师,上海,50-80k,50000.0,80000.0,硕士,3-5年,3,5,某上海大型人工智能公司,人工智能,5000-10000人,,,,算法工程师,,liepin,2026-07-22
机械臂算法工程师,深圳,15-30k·15薪,15000.0,30000.0,硕士,1-3年,1,3,深圳市城市交通规划设计研究中心,货运/物流/仓储,1000-2000人,,,,算法工程师,,liepin,2026-07-22
控制算法软件工程师（dsp）,杭州,25-50k·15薪,25000.0,50000.0,本科,5-10年,5,10,浙江艾罗网络能源技术股份有限公司,新能源,2000-5000人,,,,算法工程师,,liepin,2026-07-22
Display算法工程师,成都,20-40k·15薪,20000.0,40000.0,硕士,3-5年,3,5,翱捷科技股份有限公司,电子/半导体/集成电路,1000-2000人,,,,算法工程师,,liepin,2026-07-22
自然语言处理（NLP）,南昌,16-20k·13薪,16000.0,20000.0,硕士,1-5年,1,5,上海柒志科技有限公司,计算机软件,100-499人,,,NLP,NLP,,liepin,2026-07-22
自然语言处理（NLP）工程师,重庆,10-15k,10000.0,15000.0,本科,3-5年,3,5,华智未来(重庆)科技有限公司,计算机软件,100-499人,不需要融资,,NLP,NLP,,liepin,2026-07-22
自然语言处理（NLP）,北京,25-55k·16薪,25000.0,55000.0,硕士,3-5年,3,5,吉翼具身智能机器人,智能硬件/消费电子,100-499人,,,NLP,NLP,,liepin,2026-07-22
自然语言处理算法工程师(NLP)全/兼职均可,长沙,15-25k·13薪,15000.0,25000.0,本科,5年以上,5,99,长沙秒答科技有限公司,文化艺术业,100-499人,,,NLP,NLP,,liepin,2026-07-22
自然语言处理（NLP）算法工程师,北京,25-45k,25000.0,45000.0,本科,3年以上,3,99,北京和信康科技有限公司,医疗器械,100-499人,B轮,,NLP,NLP,,liepin,2026-07-22
自然语言处理(NLP),上海,40-60k·16薪,40000.0,60000.0,本科,5-10年,5,10,某上海互联网上市公司,互联网,10000人以上,已上市,,NLP,NLP,,liepin,2026-07-22
自然语言处理（NLP）,北京,40-70k·16薪,40000.0,70000.0,本科,经验不限,0,20,阿里巴巴集团,互联网,10000人以上,,,NLP,NLP,,liepin,2026-07-22
自然语言处理(NLP),济南,12-18k,12000.0,18000.0,硕士,1-3年,1,3,浪潮通用软件有限公司,计算机软件,10000人以上,C轮,,NLP,NLP,,liepin,2026-07-22
算法专家-自然语言处理(NLP),上海,40-70k·14薪,40000.0,70000.0,本科,6年以上,6,99,某上海知名互联网公司,生活服务O2O,10000人以上,已上市,,NLP,NLP,,liepin,2026-07-22
自然语言处理（NLP）,厦门,10-18k,10000.0,18000.0,本科,1-3年,1,3,今立方,人工智能,白女士·人事,融资未公开,,NLP,NLP,,liepin,2026-07-22
自然语言处理(NLP),济南,15-22k·14薪,15000.0,22000.0,硕士,3-5年,3,5,浪潮软件,IT服务,2000-5000人,,,NLP,NLP,,liepin,2026-07-22
NLP 自然语言处理大模型工程师,深圳,20-30k,20000.0,30000.0,本科,3年以上,3,99,安盾知识产权科技有限公司,知识产权服务,100-499人,,,NLP,NLP,,liepin,2026-07-22
自然语言处理（NLP）,北京,20-40k,20000.0,40000.0,硕士,经验不限,0,20,人民网股份有限公司,互联网,2000-5000人,已上市,,NLP,NLP,,liepin,2026-07-22
NLP自然语言处理专家,重庆,18-25k,18000.0,25000.0,本科,5年以上,5,99,重庆数宜信信用管理有限公司,科技金融,杨女士·人力资源伙伴(HRBP)经理,不需要融资,,NLP,NLP,,liepin,2026-07-22
NLP自然语言处理工程师,南京,20-40k,20000.0,40000.0,本科,经验不限,0,20,南京通达海科技股份有限公司,计算机软件,1000-2000人,,,NLP,NLP,,liepin,2026-07-22
资深nlp自然语言处理工程师,上海,30-60k,30000.0,60000.0,硕士,3-5年,3,5,广东国音智能科技有限公司,互联网,张先生·人事主管,B轮,,NLP,NLP,,liepin,2026-07-22
自然语言处理（NLP）与语言研究专员,杭州,10-20k,10000.0,20000.0,硕士,1-3年,1,3,科伊思(杭州)人工智能科技有限公司,人工智能,张女士·人力资源专员/助理,,,NLP,NLP,,liepin,2026-07-22
nlp自然语言处理工程师,上海,20-40k,20000.0,40000.0,硕士,1-3年,1,3,广东国音智能科技有限公司,互联网,张先生·人事主管,B轮,,NLP,NLP,,liepin,2026-07-22
自然语言处理(NLP),深圳,30-50k·15薪,30000.0,50000.0,不限,5-10年,5,10,某北京大型云计算/大数据公司,云计算/大数据,10000人以上,,,NLP,NLP,,liepin,2026-07-22
自然语言处理（NLP）,北京,20-50k,20000.0,50000.0,硕士,3-5年,3,5,北京数巅科技有限公司,云计算/大数据,50-99人,A轮,,NLP,NLP,,liepin,2026-07-22
资深nlp自然语言处理算法工程师,北京,25-35k,25000.0,35000.0,硕士,经验不限,0,20,北京诚意在线科技有限公司,计算机软件,1-49人,,,NLP,NLP,,liepin,2026-07-22
自然语言处理（NLP）,北京,20-40k,20000.0,40000.0,硕士,1年以下,,,瑞泊(北京)人工智能科技有限公司,计算机软件,李先生·人力主管,,,NLP,NLP,,liepin,2026-07-22
nlp自然语言处理工程师,杭州,12-24k,12000.0,24000.0,本科,经验不限,0,20,杭州聚创方舟科技有限公司,专业技术服务,1-49人,,,NLP,NLP,,liepin,2026-07-22
nlp自然语言处理工程师,上海,18-23k,18000.0,23000.0,本科,3-5年,3,5,上海宜氪数据科技有限公司,计算机软件,蔡女士·人事经理,融资未公开,,NLP,NLP,,liepin,2026-07-22
自然语言处理工程师（NLP）,广州,17-40k·13薪,17000.0,40000.0,本科,3-5年,3,5,新文溯科技,计算机软件,50-99人,,,NLP,NLP,,liepin,2026-07-22
算法开发工程师-自然语言处理NLP(J18619),上海,30-60k,30000.0,60000.0,本科,3年以上,3,99,传音控股,通信设备,10000人以上,,,NLP,NLP,,liepin,2026-07-22
自然语言处理（NLP）,北京,20-40k,20000.0,40000.0,本科,经验不限,0,20,北京中匠云智能科技有限公司,互联网,刘先生·技术负责人,,,NLP,NLP,,liepin,2026-07-22
nlp自然语言处理工程师,北京,40-70k,40000.0,70000.0,硕士,经验不限,0,20,百度时代网络,在线社交/媒体,10000人以上,已上市,,NLP,NLP,,liepin,2026-07-22
自然语言处理（NLP）,郑州,8-13k·13薪,8000.0,13000.0,本科,3-5年,3,5,河南联畅通信科技有限公司,专业技术服务,1-49人,,,NLP,NLP,,liepin,2026-07-22
自然语言处理（NLP）工程师,北京,15-40k,15000.0,40000.0,本科,3-5年,3,5,锐合新创科技(北京)有限公司,专业技术服务,1-49人,,,NLP,NLP,,liepin,2026-07-22
nlp自然语言处理工程师,深圳,20-50k,20000.0,50000.0,本科,3-5年,3,5,TCL实业控股股份有限公司,电子/半导体/集成电路,刘先生·大数据算法负责人,,,NLP,NLP,,liepin,2026-07-22
自然语言处理(NLP),上海,15-26k·16薪,15000.0,26000.0,本科,经验不限,0,20,某上海大型科技金融公司,科技金融,10000人以上,融资未公开,,NLP,NLP,,liepin,2026-07-22
自然语言处理(NLP),北京,40-60k·14薪,40000.0,60000.0,本科,1-3年,1,3,某杭州计算机软件公司,计算机软件,1-49人,,,NLP,NLP,,liepin,2026-07-22
自然语言处理（NLP）,北京,20-50k,20000.0,50000.0,本科,3-5年,3,5,北京知惑科技有限公司,培训服务,100-499人,,,NLP,NLP,,liepin,2026-07-22
NLP自然语言处理工程师,成都,8-13k,8000.0,13000.0,本科,经验不限,0,20,成都升泷科技有限公司,IT服务,1-49人,,,NLP,NLP,,liepin,2026-07-22
自然语言处理（NLP）,苏州,25-35k,25000.0,35000.0,硕士,3-5年,3,5,科大讯飞(苏州)科技有限公司,培训服务,100-499人,融资未公开,,NLP,NLP,,liepin,2026-07-22
NLP自然语言处理工程师,北京,20-30k·13薪,20000.0,30000.0,硕士,1-3年,1,3,基金/证券/期货,A轮,黄女士·人事主管,,,NLP,NLP,,liepin,2026-07-22
NLP自然语言处理算法工程师,上海,18-21k·14薪,18000.0,21000.0,硕士,经验不限,0,20,科库医疗,医疗器械,50-99人,融资未公开,,NLP,NLP,,liepin,2026-07-22
自然语言处理（NLP）,北京,30-60k,30000.0,60000.0,本科,经验不限,0,20,阿里巴巴集团,互联网,10000人以上,,,NLP,NLP,,liepin,2026-07-22
自然语言处理（NLP）,北京,25-40k,25000.0,40000.0,硕士,5-10年,5,10,北京诺道认知医学科技有限公司,IT服务,50-99人,A轮,,NLP,NLP,,liepin,2026-07-22
NLP自然语言处理工程师,南京,17-25k,17000.0,25000.0,硕士,3-5年,3,5,南京绛门信息科技股份有限公司,IT服务,1000-2000人,,,NLP,NLP,,liepin,2026-07-22
自然语言处理（NLP）,北京,20-50k·14薪,20000.0,50000.0,硕士,经验不限,0,20,北京云链金汇数字科技有限公司,科技金融,50-99人,,,NLP,NLP,,liepin,2026-07-22
自然语言处理（NLP）,北京,35-65k·16薪,35000.0,65000.0,硕士,5-10年,5,10,阿里巴巴(北京)软件服务有限公司,计算机软件,10000人以上,融资未公开,,NLP,NLP,,liepin,2026-07-22
NLP自然语言处理工程师,深圳,25-35k,25000.0,35000.0,不限,经验不限,0,20,深圳市智算力数字科技有限公司,互联网,1-49人,,,NLP,NLP,,liepin,2026-07-22
nlp自然语言处理工程师,北京,20-35k,20000.0,35000.0,本科,3-5年,3,5,畅游无限,云计算/大数据,1-49人,融资未公开,,NLP,NLP,,liepin,2026-07-22
自然语言处理（NLP）,郑州,9-14k,9000.0,14000.0,本科,3-5年,3,5,灿光信息,专业技术服务,鲁先生·山高自有可行路，水深自有渡船人,,,NLP,NLP,,liepin,2026-07-22
自然语言处理（NLP）,北京,24-50k·15薪,24000.0,50000.0,硕士,5-7年,5,7,一汽(北京)软件科技有限公司,人工智能,100-499人,,,NLP,NLP,,liepin,2026-07-22
自然语言处理nlp算法工程师,苏州,20-25k·14薪,20000.0,25000.0,硕士,1-3年,1,3,中国科技出版,广播/影视/录音,1000-2000人,,,NLP,NLP,,liepin,2026-07-22
NLP自然语言处理工程师,郑州,8-13k,8000.0,13000.0,本科,1-3年,1,3,河南臻宇科技有限公司,计算机软件,1-49人,,,NLP,NLP,,liepin,2026-07-22
自然语言处理(NLP),南京,15-20k,15000.0,20000.0,本科,1-3年,1,3,南京智云兴禾信息科技有限公司,计算机软件,张女士·人力资源,,,NLP,NLP,,liepin,2026-07-22
自然语言处理（NLP）,上海,30-50k·15薪,30000.0,50000.0,硕士,3-5年,3,5,义橙网络科技(上海)有限公司,互联网,100-499人,C轮,,NLP,NLP,,liepin,2026-07-22
自然语言处理（NLP）,深圳,20-30k·14薪,20000.0,30000.0,硕士,经验不限,0,20,平安科技,科技金融,吴先生·分组负责人,融资未公开,,NLP,NLP,,liepin,2026-07-22
自然语言处理（NLP）,北京,10-30k,10000.0,30000.0,本科,经验不限,0,20,北京鸿鹄求索科技有限公司,计算机软件,1-49人,A轮,,NLP,NLP,,liepin,2026-07-22
自然语言处理（NLP）,上海,15-45k,15000.0,45000.0,本科,经验不限,0,20,汤元(上海)科技有限公司,计算机软件,100-499人,,,NLP,NLP,,liepin,2026-07-22
自然语言处理（NLP）,深圳,20-40k,20000.0,40000.0,硕士,经验不限,0,20,华为,通信设备,10000人以上,,,NLP,NLP,,liepin,2026-07-22
自然语言处理（NLP）,北京,15-25k,15000.0,25000.0,本科,1-3年,1,3,北京燃数科技有限公司,云计算/大数据,100-499人,A轮,,NLP,NLP,,liepin,2026-07-22
自然语言处理(NLP),天津,11-20k·14薪,11000.0,20000.0,本科,1-3年,1,3,汇智星源,人工智能,50-99人,A轮,,NLP,NLP,,liepin,2026-07-22
自然语言处理（NLP）,深圳,30-60k·16薪,30000.0,60000.0,本科,经验不限,0,20,华为,通信设备,10000人以上,,,NLP,NLP,,liepin,2026-07-22
DS/NLP-自然语言处理工程师,沈阳,9-14k,9000.0,14000.0,本科,3-5年,3,5,辽宁科擎数字科技有限公司,计算机软件,1-49人,,,NLP,NLP,,liepin,2026-07-22
自然语言处理（NLP）,上海,20-40k·14薪,20000.0,40000.0,本科,1-3年,1,3,蜗牛保险,科技金融,李先生·Ai团队负责人,B轮,,NLP,NLP,,liepin,2026-07-22
nlp自然语言处理工程师,青岛,15-30k,15000.0,30000.0,硕士,经验不限,0,20,自然语义(青岛)科技有限公司,计算机软件,50-99人,,,NLP,NLP,,liepin,2026-07-22
自然语言处理（NLP）,北京,30-50k,30000.0,50000.0,硕士,3-5年,3,5,阿里巴巴(北京)软件服务有限公司,计算机软件,10000人以上,融资未公开,,NLP,NLP,,liepin,2026-07-22
自然语言处理(NLP),南京,15-30k,15000.0,30000.0,本科,3-5年,3,5,某西安大型IT服务公司,计算机软件,10000人以上,融资未公开,,NLP,NLP,,liepin,2026-07-22
自然语言处理(NLP),北京,10-15k,10000.0,15000.0,本科,经验不限,0,20,上海对答如流人工智能科技有限公司,IT服务,谢女士·人事行政专员,,,NLP,NLP,,liepin,2026-07-22
自然语言处理（NLP）,郑州,8-13k,8000.0,13000.0,本科,2年以上,2,99,郑州磁针石信息科技有限公司,计算机软件,王女士·人事经理,,,NLP,NLP,,liepin,2026-07-22
自然语言处理(NLP),北京,30-60k·16薪,30000.0,60000.0,硕士,3-5年,3,5,美团,生活服务,10000人以上,,,NLP,NLP,,liepin,2026-07-22
自然语言处理（NLP）数据SAAS平台项目经理,上海,10-15k,10000.0,15000.0,本科,3-5年,3,5,上海天会皓闻信息科技有限公司,互联网,100-499人,融资未公开,,NLP,NLP,,liepin,2026-07-22
自然语言处理（NLP）,西宁,6-10k,6000.0,10000.0,本科,经验不限,0,20,青海龙堰工程咨询有限公司,酒店/民宿,1-49人,,,NLP,NLP,,liepin,2026-07-22
算法研究员（NLP自然语言处理）,北京,15-30k,15000.0,30000.0,硕士,经验不限,0,20,北京诺道认知医学科技有限公司,IT服务,50-99人,A轮,,NLP,NLP,,liepin,2026-07-22
自然语言处理(NLP),广州,15-23k,15000.0,23000.0,本科,3-5年,3,5,北京中航云测信息科技有限公司,计算机软件,蔡女士·人事主管,,,NLP,NLP,,liepin,2026-07-22
自然语言处理(NLP),苏州,8-15k,8000.0,15000.0,本科,经验不限,0,20,联滔电子,电子/半导体/集成电路,10000人以上,,,NLP,NLP,,liepin,2026-07-22
自然语言处理(NLP),长沙,20-40k·13薪,20000.0,40000.0,硕士,5-10年,5,10,长沙丹渥智能科技有限公司,科技金融,50-99人,天使轮,,NLP,NLP,,liepin,2026-07-22
自然语言处理(NLP),杭州,20-30k,20000.0,30000.0,本科,1-3年,1,3,三江控股集团,工程施工,余女士·人事行政经理,,,NLP,NLP,,liepin,2026-07-22
自然语言处理(NLP),北京,50-80k·16薪,50000.0,80000.0,硕士,5-10年,5,10,某杭州互联网上市公司,电子商务,10000人以上,已上市,,NLP,NLP,,liepin,2026-07-22
自然语言处理(NLP),北京,50-60k,50000.0,60000.0,硕士,1-3年,1,3,某北京大型互联网公司,互联网,10000人以上,,,NLP,NLP,,liepin,2026-07-22
自然语言处理(NLP),宁波,17-22k·14薪,17000.0,22000.0,不限,3-5年,3,5,某上海大型整车制造公司,整车制造,2000-5000人,融资未公开,,NLP,NLP,,liepin,2026-07-22
自然语言处理(NLP),青岛,薪资面议,,,本科,3-5年,3,5,聚好看科技股份有限公司,互联网,徐先生·人事管理,,,NLP,NLP,,liepin,2026-07-22
自然语言处理(NLP),上海,30-60k,30000.0,60000.0,本科,3年以上,3,99,魔光变换(上海)科技有限公司,专业技术服务,1-49人,,,NLP,NLP,,liepin,2026-07-22
自然语言处理(NLP),上海,25-50k·14薪,25000.0,50000.0,本科,3-5年,3,5,美的集团AI研究院,计算机软件,100-499人,,,NLP,NLP,,liepin,2026-07-22
自然语言处理(NLP),北京,4-5k,4000.0,5000.0,本科,3-5年,3,5,中国电子云,云计算/大数据,2000-5000人,融资未公开,,NLP,NLP,,liepin,2026-07-22
自然语言处理(NLP),上海,50-80k·16薪,50000.0,80000.0,硕士,5-10年,5,10,某杭州互联网上市公司,电子商务,10000人以上,已上市,,NLP,NLP,,liepin,2026-07-22
自然语言处理(NLP),南京,4-5k,4000.0,5000.0,本科,经验不限,0,20,发善新(南京)智能科技有限公司,计算机软件,1-49人,,,NLP,NLP,,liepin,2026-07-22
自然语言处理(NLP),杭州,15-25k·15薪,15000.0,25000.0,本科,1-3年,1,3,杭州骅羲智能科技有限公司,IT服务,1-49人,战略融资,,NLP,NLP,,liepin,2026-07-22
NLP算法工程师,上海,25-45k·14薪,25000.0,45000.0,硕士,3-5年,3,5,某知名上市公司,计算机软件,10000人以上,已上市,,NLP,NLP,,liepin,2026-07-22
NLP算法工程师(座舱）,上海,40-50k·14薪,40000.0,50000.0,硕士,5-10年,5,10,某合肥互联网上市公司,计算机软件,10000人以上,已上市,,NLP,NLP,,liepin,2026-07-22
NLP算法工程师,合肥,25-35k,25000.0,35000.0,硕士,3-5年,3,5,某企业,计算机软件,10000人以上,已上市,,NLP,NLP,,liepin,2026-07-22
NLP算法工程师,上海,25-40k·14薪,25000.0,40000.0,硕士,1-3年,1,3,知名的智能语音和人工智能上市企业,机械/机电/重工,10000人以上,已上市,,NLP,NLP,,liepin,2026-07-22
算法研究员（语音识别，语音交互NLP）,合肥,50-80k,50000.0,80000.0,硕士,3年以上,3,99,某合肥计算机软件上市公司,计算机软件,10000人以上,已上市,,NLP,NLP,,liepin,2026-07-22
算法研究员（智能座舱NLP）,合肥,50-80k,50000.0,80000.0,硕士,3年以上,3,99,某合肥计算机软件上市公司,计算机软件,10000人以上,已上市,,NLP,NLP,,liepin,2026-07-22
NLP算法专家-合肥,合肥,20-35k,20000.0,35000.0,硕士,3-5年,3,5,某国内人力资源服务公司,人力资源服务,50-99人,,,NLP,NLP,,liepin,2026-07-22
算法研究员(NLP),合肥,30-60k·14薪,30000.0,60000.0,硕士,经验不限,0,20,某合肥计算机软件上市公司,计算机软件,10000人以上,已上市,,NLP,NLP,,liepin,2026-07-22
语音交互 NLP 算法研究员,合肥,50-55k,50000.0,55000.0,不限,经验不限,0,20,某合肥计算机软件上市公司,计算机软件,10000人以上,已上市,,NLP,NLP,,liepin,2026-07-22
算法研究员-语音交互NLP,合肥,30-55k·14薪,30000.0,55000.0,硕士,2-7年,2,7,某合肥计算机软件上市公司,计算机软件,10000人以上,已上市,,NLP,NLP,,liepin,2026-07-22
NLP算法工程师（双休，五险一金）,南昌,15-20k·14薪,15000.0,20000.0,本科,3-5年,3,5,某国内计算机软件公司,计算机软件,50-99人,,,NLP,NLP,,liepin,2026-07-22
NLP算法工程师,成都,20-35k·13薪,20000.0,35000.0,本科,3-5年,3,5,某知名互联网公司,互联网,100-499人,B轮,,NLP,NLP,,liepin,2026-07-22
NLP算法工程师,合肥,35-40k·14薪,35000.0,40000.0,硕士,1-3年,1,3,某大型知名计算机软件公司,计算机软件,10000人以上,已上市,,NLP,NLP,,liepin,2026-07-22
NLP算法开发工程师,上海,45-55k,45000.0,55000.0,本科,3-5年,3,5,山子高科技股份有限公司,新能源汽车,10000人以上,,,NLP,NLP,,liepin,2026-07-22
算法工程师(NLP),深圳,25-40k·16薪,25000.0,40000.0,硕士,1-3年,1,3,某深圳大型科技金融公司,计算机软件,2000-5000人,战略融资,,NLP,NLP,,liepin,2026-07-22
智能座舱NLP算法研究员,合肥,35-40k·14薪,35000.0,40000.0,不限,1-3年,1,3,某大型知名计算机软件公司,计算机软件,10000人以上,已上市,,NLP,NLP,,liepin,2026-07-22
NLP Engineer （外企项目，口语流利加分）,广州,13-17k,13000.0,17000.0,本科,2年以上,2,99,信必优信息技术有限公司,IT服务,2000-5000人,,,NLP,NLP,,liepin,2026-07-22
NLP算法工程师,北京,30-50k·14薪,30000.0,50000.0,本科,5-10年,5,10,某计算机软件公司,计算机软件,1-49人,,,NLP,NLP,,liepin,2026-07-22
NLP算法工程师,成都,25-35k·13薪,25000.0,35000.0,本科,1-3年,1,3,某成都互联网公司,互联网,100-499人,B轮,,NLP,NLP,,liepin,2026-07-22
NLP算法专家,北京,30-50k·13薪,30000.0,50000.0,硕士,经验不限,0,20,某大型互联网公司,互联网/电商,10000人以上,已上市,,NLP,NLP,,liepin,2026-07-22
智能座舱 NLP 算法研究员,合肥,50-55k,50000.0,55000.0,不限,经验不限,0,20,某合肥计算机软件上市公司,计算机软件,10000人以上,已上市,,NLP,NLP,,liepin,2026-07-22
NLP算法工程师,西安,10-25k,10000.0,25000.0,硕士,3-5年,3,5,西安爱德华测量设备股份有限公司,仪器仪表,尹女士·人力资源负责人,B轮,,NLP,NLP,,liepin,2026-07-22
NLP算法专家,北京,35-65k,35000.0,65000.0,本科,3-5年,3,5,某头部量化私募团队,基金,100-499人,融资未公开,,NLP,NLP,,liepin,2026-07-22
算法工程师（NLP、自然语言）,上海,15-25k·13薪,15000.0,25000.0,硕士,3-5年,3,5,中国医药工业信息中心,咨询服务,刘先生·人力资源,,,NLP,NLP,,liepin,2026-07-22
NLP算法专家,广州,40-70k·14薪,40000.0,70000.0,不限,5-10年,5,10,某咨询服务公司,咨询服务,100-499人,融资未公开,,NLP,NLP,,liepin,2026-07-22
NLP大模型算法高级工程师,北京,80-110k·14薪,80000.0,110000.0,硕士,经验不限,0,20,某广州大型互联网公司,在线社交/媒体,5000-10000人,,,NLP,NLP,,liepin,2026-07-22
NLP算法工程师,北京,20-45k,20000.0,45000.0,不限,1-3年,1,3,58同城,互联网,10000人以上,,,NLP,NLP,,liepin,2026-07-22
NLP/大模型算法工程师--智能客服,北京,30-60k·16薪,30000.0,60000.0,硕士,3-5年,3,5,某上海计算机软件公司,计算机软件,100-499人,融资未公开,,NLP,NLP,,liepin,2026-07-22
高阶NLP算法工程师（科大讯飞）,北京,25-40k·14薪,25000.0,40000.0,硕士,2年以上,2,99,合肥佰思特,IT服务,2000-5000人,,,NLP,NLP,,liepin,2026-07-22
自然语言处理算法工程师,上海,12-17k,12000.0,17000.0,本科,3年以上,3,99,蓝想大数据科技(上海)有限公司,医疗机构,李女士·人事主管,,,,NLP,,liepin,2026-07-22
NLP算法工程师(J29390),北京,25-35k·15薪,25000.0,35000.0,本科,3年以上,3,99,58同城,互联网,韩女士·人力资源伙伴(HRBP),,,NLP,NLP,,liepin,2026-07-22
NLP算法实习生,上海,3-6k,3000.0,6000.0,本科,经验不限,0,20,万得,科技金融,2000-5000人,,,NLP,NLP,,liepin,2026-07-22
NLP算法工程师,深圳,20-40k·14薪,20000.0,40000.0,硕士,1-3年,1,3,追一科技,互联网,500-999人,,,NLP,NLP,,liepin,2026-07-22
高级NLP算法工程师,广州,40-60k·17薪,40000.0,60000.0,硕士,5-10年,5,10,美的集团,家电,10000人以上,,,NLP,NLP,,liepin,2026-07-22
高级NLP算法工程师,上海,25-45k·13薪,25000.0,45000.0,本科,2年以上,2,99,极兔速递,货运/物流/仓储,10000人以上,,,NLP,NLP,,liepin,2026-07-22
自然语言处理算法工程师,北京,25-35k,25000.0,35000.0,本科,经验不限,0,20,中国司法大数据研究院有限公司,互联网,100-499人,,,,NLP,,liepin,2026-07-22
算法工程师（NLP或CV多模态）,北京,25-30k,25000.0,30000.0,不限,3-5年,3,5,某北京大型通信设备公司,通信设备,5000-10000人,已上市,,计算机视觉;NLP,NLP,,liepin,2026-07-22
高级NLP算法工程师,深圳,40-60k·17薪,40000.0,60000.0,硕士,5-10年,5,10,美的集团,家电,10000人以上,,,NLP,NLP,,liepin,2026-07-22
NLP算法工程师,北京,35-60k·15薪,35000.0,60000.0,本科,1-7年,1,7,某知名公司,专业技术服务,,,,NLP,NLP,,liepin,2026-07-22
NLP算法工程师,上海,40-60k·15薪,40000.0,60000.0,本科,3-5年,3,5,北京合碳咨询有限责任公司,IT服务,1-49人,,,NLP,NLP,,liepin,2026-07-22
高级nlp算法工程师,上海,20-30k·15薪,20000.0,30000.0,本科,3-5年,3,5,氪信科技,云计算/大数据,吴女士·人事总监,C轮,,NLP,NLP,,liepin,2026-07-22
NLP算法工程师,北京,35-55k,35000.0,55000.0,硕士,5-10年,5,10,某知名公司,云计算/大数据,100-499人,融资未公开,,NLP,NLP,,liepin,2026-07-22
nlp研究员,广州,25-50k·14薪,25000.0,50000.0,硕士,3-5年,3,5,某合肥计算机软件上市公司,计算机软件,10000人以上,已上市,,NLP,NLP,,liepin,2026-07-22
自然语言处理算法工程师(J10097),合肥,15-25k,15000.0,25000.0,硕士,经验不限,0,20,中检天帷,网络/信息安全,100-499人,,,,NLP,,liepin,2026-07-22
NLP算法工程师,深圳,20-45k·14薪,20000.0,45000.0,硕士,3年以上,3,99,海能达,通信设备,5000-10000人,,,NLP,NLP,,liepin,2026-07-22
算法工程师（NLP或CV多模态）,北京,20-25k,20000.0,25000.0,不限,3-5年,3,5,某北京通信设备上市公司,通信设备,5000-10000人,已上市,,计算机视觉;NLP,NLP,,liepin,2026-07-22
NLP算法工程师,上海,40-70k·16薪,40000.0,70000.0,本科,3-5年,3,5,某杭州大型计算机软件公司,计算机软件,10000人以上,,,NLP,NLP,,liepin,2026-07-22
NLP/知识图谱算法工程师,长沙,25-50k,25000.0,50000.0,硕士,3-5年,3,5,智慧眼科技股份有限公司,计算机软件,100-499人,已上市,,NLP,NLP,,liepin,2026-07-22
NLP算法工程师,北京,20-30k·13薪,20000.0,30000.0,硕士,3-5年,3,5,中科极限元(杭州)智能科技股份有限公司北京分公司,智能硬件/消费电子,50-99人,融资未公开,,NLP,NLP,,liepin,2026-07-22
nlp算法工程师,北京,20-40k·14薪,20000.0,40000.0,硕士,经验不限,0,20,用友网络科技股份有限公司,计算机软件,10000人以上,已上市,,NLP,NLP,,liepin,2026-07-22
NLP算法工程师,北京,40-70k·16薪,40000.0,70000.0,本科,3-5年,3,5,某杭州大型计算机软件公司,计算机软件,10000人以上,,,NLP,NLP,,liepin,2026-07-22
NLP算法工程师,深圳,30-60k·14薪,30000.0,60000.0,硕士,经验不限,0,20,企知道科技有限公司,云计算/大数据,2000-5000人,不需要融资,,NLP,NLP,,liepin,2026-07-22
NLP算法工程师(扫地机器人),苏州,20-40k·14薪,20000.0,40000.0,硕士,3-5年,3,5,北京顺造科技有限公司,智能硬件/消费电子,500-999人,融资未公开,,NLP,NLP,,liepin,2026-07-22
NLP算法工程师,成都,17-30k·14薪,17000.0,30000.0,本科,5-10年,5,10,海能达,通信设备,5000-10000人,,,NLP,NLP,,liepin,2026-07-22
主任NLP算法专家,北京,50-80k,50000.0,80000.0,本科,10年以上,10,99,BYD,新能源汽车,10000人以上,已上市,,NLP,NLP,,liepin,2026-07-22
NLP算法工程师,南京,25-40k,25000.0,40000.0,本科,5-10年,5,10,亚信科技,人工智能,10000人以上,,,NLP,NLP,,liepin,2026-07-22
自然语言处理算法工程师,北京,25-45k·16薪,25000.0,45000.0,硕士,3-5年,3,5,吉翼具身智能机器人,智能硬件/消费电子,100-499人,,,,NLP,,liepin,2026-07-22
NLP算法工程师,成都,25-40k,25000.0,40000.0,本科,5-10年,5,10,亚信科技,人工智能,10000人以上,,,NLP,NLP,,liepin,2026-07-22
NLP算法工程师,西安,18-28k·14薪,18000.0,28000.0,本科,3-5年,3,5,科大讯飞,互联网,10000人以上,已上市,,NLP,NLP,,liepin,2026-07-22
NLP算法工程师,上海,30-60k,30000.0,60000.0,硕士,经验不限,0,20,某知名上市公司,计算机软件,10000人以上,已上市,,NLP,NLP,,liepin,2026-07-22
NLP算法工程师,北京,25-40k,25000.0,40000.0,本科,5-10年,5,10,亚信科技,人工智能,10000人以上,,,NLP,NLP,,liepin,2026-07-22
NLP算法工程师,深圳,25-40k,25000.0,40000.0,本科,5-10年,5,10,亚信科技,人工智能,10000人以上,,,NLP,NLP,,liepin,2026-07-22
Technology--Data Scientist（NLP/LLM）,上海,薪资面议,,,硕士,5-10年,5,10,埃森哲(中国)有限公司,咨询服务,10000人以上,,,LLM/大模型;NLP,NLP,,liepin,2026-07-22
NLP算法工程师,杭州,25-40k,25000.0,40000.0,本科,5-10年,5,10,亚信科技,人工智能,10000人以上,,,NLP,NLP,,liepin,2026-07-22
NLP算法工程师,重庆,10-15k·13薪,10000.0,15000.0,硕士,1-3年,1,3,某重庆专业技术服务公司,专业技术服务,1-49人,融资未公开,,NLP,NLP,,liepin,2026-07-22
消费金融-NLP算法专家（风管）,杭州,30-60k·16薪,30000.0,60000.0,硕士,3-5年,3,5,蚂蚁集团,科技金融,葛女士·人事管理主管,B轮,,NLP,NLP,,liepin,2026-07-22
资深NLP系统开发工程师,上海,60-90k·15薪,60000.0,90000.0,本科,5-10年,5,10,北京忠喜鸿缘科技发展有限公司,科技推广服务,孙先生·人力资源主管,,,NLP,NLP,,liepin,2026-07-22
NLP算法工程师,武汉,25-40k·14薪,25000.0,40000.0,本科,3-5年,3,5,小米科技(武汉)有限公司,互联网,王先生·智能客服团队负责人,融资未公开,,NLP,NLP,,liepin,2026-07-22
自然语言处理算法专家,杭州,30-50k,30000.0,50000.0,硕士,3-5年,3,5,阿里巴巴集团,互联网,10000人以上,,,,NLP,,liepin,2026-07-22
NLP算法工程师,济南,15-25k·13薪,15000.0,25000.0,硕士,5-10年,5,10,中国华戎科技集团有限公司,人工智能,100-499人,B轮,,NLP,NLP,,liepin,2026-07-22
NLP算法专员/专家-保险-杭州/上海,上海,30-60k·16薪,30000.0,60000.0,硕士,3-5年,3,5,蚂蚁集团,科技金融,葛女士·人事管理主管,B轮,,NLP,NLP,,liepin,2026-07-22
NLP算法专员/专家-保险-杭州/上海,杭州,30-60k·16薪,30000.0,60000.0,硕士,3-5年,3,5,蚂蚁集团,科技金融,葛女士·人事管理主管,B轮,,NLP,NLP,,liepin,2026-07-22
自然语言处理算法工程师 (MJ000107),上海,25-50k·14薪,25000.0,50000.0,不限,3-5年,3,5,星环科技,计算机软件,1000-2000人,,,,NLP,,liepin,2026-07-22
NLP算法工程师,上海,25-50k,25000.0,50000.0,本科,1-3年,1,3,上海星图比特信息技术服务有限公司,互联网,杨女士·人事,A轮,,NLP,NLP,,liepin,2026-07-22
NLP算法工程师,广州,45-75k,45000.0,75000.0,硕士,1-3年,1,3,上海罗莱智家生态科技(集团)有限公司,家具/家居,常女士·人事主管,,,NLP,NLP,,liepin,2026-07-22
大模型 NLP 算法专家,上海,130-200k·16薪,130000.0,200000.0,本科,3-5年,3,5,某北京人工智能公司,人工智能,50-99人,,,NLP,NLP,,liepin,2026-07-22
NLP算法工程师,成都,25-35k,25000.0,35000.0,不限,3-5年,3,5,某北京大型培训服务公司,培训服务,5000-10000人,,,NLP,NLP,,liepin,2026-07-22
NLP算法工程师,苏州,10-20k,10000.0,20000.0,本科,3年以上,3,99,苏州派维斯信息科技有限公司,计算机软件,1-49人,,,NLP,NLP,,liepin,2026-07-22
NLP算法工程师-NLP专项,北京,35-60k·15薪,35000.0,60000.0,本科,1-3年,1,3,作业帮,互联网,10000人以上,,,NLP,NLP,,liepin,2026-07-22
高级自然语言处理算法工程师,北京,30-60k·15薪,30000.0,60000.0,本科,经验不限,0,20,深言科技,计算机软件,王女士·人力资源经理,B轮,,,NLP,,liepin,2026-07-22
NLP算法工程师,北京,30-60k·13薪,30000.0,60000.0,本科,3-5年,3,5,联想诺谛(北京)智能科技有限公司,计算机软件,王女士·人力资源经理,,,NLP,NLP,,liepin,2026-07-22
NLP 算法工程师,深圳,20-40k,20000.0,40000.0,硕士,经验不限,0,20,BYD,新能源汽车,10000人以上,已上市,,NLP,NLP,,liepin,2026-07-22
nlp算法工程师,杭州,15-25k·13薪,15000.0,25000.0,本科,3-5年,3,5,杭州连安科技有限公司,计算机软件,1-49人,融资未公开,,NLP,NLP,,liepin,2026-07-22
NLP算法工程师,深圳,22-28k,22000.0,28000.0,本科,3-5年,3,5,拓保软件,计算机软件,2000-5000人,融资未公开,,NLP,NLP,,liepin,2026-07-22
高级NLP算法工程师,青岛,23-28k,23000.0,28000.0,硕士,3-5年,3,5,青岛洞听智能科技有限公司,计算机软件,100-499人,不需要融资,,NLP,NLP,,liepin,2026-07-22
nlp高级算法工程师,北京,20-40k·14薪,20000.0,40000.0,本科,3-5年,3,5,北京深维智信科技有限公司,计算机软件,何女士·人事经理,A轮,,NLP,NLP,,liepin,2026-07-22
自然语言处理工程师,上海,15-30k,15000.0,30000.0,本科,3-5年,3,5,上海宜氪数据科技有限公司,计算机软件,李女士·人事主管,融资未公开,,,NLP,,liepin,2026-07-22
高级NLP算法工程师,北京,35-65k·14薪,35000.0,65000.0,本科,3-5年,3,5,北京云城思创咨询有限责任公司,互联网,50-99人,融资未公开,,NLP,NLP,,liepin,2026-07-22
NLP算法工程师,北京,15-30k·14薪,15000.0,30000.0,本科,1-3年,1,3,北京深维智信科技有限公司,计算机软件,何女士·人事经理,A轮,,NLP,NLP,,liepin,2026-07-22
NLP算法工程师,北京,15-30k,15000.0,30000.0,本科,3-5年,3,5,含光素问科技(北京)有限公司,专业技术服务,50-99人,A轮,,NLP,NLP,,liepin,2026-07-22
NLP算法工程师,北京,30-60k,30000.0,60000.0,本科,3-5年,3,5,北京云城思创咨询有限责任公司,互联网,50-99人,融资未公开,,NLP,NLP,,liepin,2026-07-22
AI算法工程师（NLP方向）,北京,30-50k,30000.0,50000.0,硕士,3-5年,3,5,某北京通信设备上市公司,通信设备,5000-10000人,已上市,,NLP,NLP,,liepin,2026-07-22
NLP算法工程师,成都,25-35k·13薪,25000.0,35000.0,本科,3-5年,3,5,某知名公司,人力资源服务,50-99人,,,NLP,NLP,,liepin,2026-07-22
NLP算法,成都,25-35k,25000.0,35000.0,本科,1-3年,1,3,某成都大型互联网公司,互联网,100-499人,B轮,,NLP,NLP,,liepin,2026-07-22
NLP算法工程师,深圳,20-35k·14薪,20000.0,35000.0,本科,3-5年,3,5,某深圳电子技术公司,电子/半导体/集成电路,100-499人,融资未公开,,NLP,NLP,,liepin,2026-07-22
自然语言处理高级工程师,上海,25-40k,25000.0,40000.0,大专,1年以上,1,99,高手脉,电子商务,1000-2000人,,,,NLP,,liepin,2026-07-22
（沪）高级nlp算法专家,上海,30-60k·16薪,30000.0,60000.0,本科,5年以上,5,99,淘宝闪购,生活服务O2O,10000人以上,,,NLP,NLP,,liepin,2026-07-22
自然语言处理算法工程师,北京,14-19k·14薪,14000.0,19000.0,大专,3-5年,3,5,某上海汽车零部件及配件公司,汽车零部件及配件,100-499人,融资未公开,,,NLP,,liepin,2026-07-22
NLP算法研究工程师,北京,薪资面议,,,硕士,经验不限,0,20,北京通用人工智能研究院,人工智能,100-499人,,,NLP,NLP,,liepin,2026-07-22
NLP算法工程师-智能产品,北京,30-60k·20薪,30000.0,60000.0,本科,5-10年,5,10,京东科技集团,人工智能,10000人以上,,,NLP,NLP,,liepin,2026-07-22
饿了么-NLP算法专家（大模型）,上海,30-60k·16薪,30000.0,60000.0,本科,经验不限,0,20,淘宝闪购,生活服务O2O,10000人以上,,,NLP,NLP,,liepin,2026-07-22
NLP研发工程师,石家庄,20-30k,20000.0,30000.0,大专,1-3年,1,3,河北因倍数信息技术有限公司,互联网,刘女士·人事,,,NLP,NLP,,liepin,2026-07-22
nlp算法工程师,南京,20-30k·14薪,20000.0,30000.0,本科,经验不限,0,20,中新赛克,通信设备,1000-2000人,,,NLP,NLP,,liepin,2026-07-22
自然语言处理算法专家,上海,20-50k,20000.0,50000.0,硕士,经验不限,0,20,上海元炘执药科技有限公司,制药,1-49人,A轮,,,NLP,,liepin,2026-07-22
NLP高级算法工程师,上海,25-50k,25000.0,50000.0,本科,1-3年,1,3,上海矢合科技有限公司,计算机软件,50-99人,,,NLP,NLP,,liepin,2026-07-22
NLP算法专家,北京,90-120k,90000.0,120000.0,本科,5-10年,5,10,上海矢合科技有限公司,计算机软件,50-99人,,,NLP,NLP,,liepin,2026-07-22
NLP资深算法工程师-电商,上海,30-60k,30000.0,60000.0,硕士,5-10年,5,10,字节跳动,互联网,10000人以上,,,NLP,NLP,,liepin,2026-07-22
NLP算法工程师,上海,1-2k,1000.0,2000.0,硕士,1-3年,1,3,上海澜码科技有限公司,计算机软件,50-99人,A轮,,NLP,NLP,,liepin,2026-07-22
nlp高级算法工程师,杭州,25-40k·15薪,25000.0,40000.0,硕士,3-5年,3,5,浙江同花顺网络科技有限公司,基金/证券/期货,5000-10000人,融资未公开,,NLP,NLP,,liepin,2026-07-22
NLP算法负责人,北京,50-80k,50000.0,80000.0,硕士,5-10年,5,10,中国电信股份有限公司,运营商/增值服务,10000人以上,,,NLP,NLP,,liepin,2026-07-22
算法工程师 （计算机视觉方向）,沈阳,15-30k,15000.0,30000.0,硕士,3-5年,3,5,沈阳新松机器人自动化股份有限公司,工业自动化,2000-5000人,,,,计算机视觉,,liepin,2026-07-22
计算机视觉工程师（大模型方向）,上海,薪资面议,,,硕士,2年以上,2,99,千寻位置网络有限公司,云计算/大数据,500-999人,B轮,,,计算机视觉,,liepin,2026-07-22
数字技术研究部：计算机视觉研究员,北京,20-30k·14薪,20000.0,30000.0,硕士,经验不限,0,20,某知名公司,广告/公关/会展,1-49人,融资未公开,,,计算机视觉,,liepin,2026-07-22
SOC芯片设计专家、工程师（AI算子开发/高级嵌入式软件/硬件/光学结构/计算机视觉算法/系统软件/大模型研/机器人算法研发/架构师/产品）,南京,15-30k,15000.0,30000.0,硕士,3年以上,3,99,某南京大型学术/科研公司,学术/科研,1000-2000人,,,,计算机视觉,,liepin,2026-07-22
计算机视觉算法工程师,北京,30-60k,30000.0,60000.0,硕士,3年以上,3,99,北京星源智机器人科技有限公司,人工智能,董女士·人资,天使轮,,,计算机视觉,,liepin,2026-07-22
计算机视觉算法工程师,南京,20-30k·13薪,20000.0,30000.0,硕士,3年以上,3,99,某南京电气机械/器材公司,电气机械/器材,50-99人,不需要融资,,,计算机视觉,,liepin,2026-07-22
算法工程师（人工智能、计算机视觉方向）,福州,20-30k,20000.0,30000.0,博士,经验不限,0,20,新大陆自动识别,计算机硬件,林先生·人力资源副总监,,,,计算机视觉,,liepin,2026-07-22
计算机视觉工程师,成都,15-25k,15000.0,25000.0,硕士,3年以上,3,99,某电子/半导体/集成电路公司,电子/半导体/集成电路,100-499人,,,,计算机视觉,,liepin,2026-07-22
计算机视觉工程师,天津,25-35k·14薪,25000.0,35000.0,硕士,3-5年,3,5,某国内石化上市公司,石化,5000-10000人,已上市,,,计算机视觉,,liepin,2026-07-22
计算机视觉算法专家,北京,50-60k,50000.0,60000.0,博士,3-5年,3,5,某知名公司,专业技术服务,100-499人,,,,计算机视觉,,liepin,2026-07-22
计算机视觉算法专家（工业视觉方向+双休+五险一金,南宁,20-35k,20000.0,35000.0,硕士,3-5年,3,5,某国内大型人力资源服务公司,人力资源服务,5000-10000人,,,,计算机视觉,,liepin,2026-07-22
AI 算法工程师【某大厂，计算机视觉/视频图像识别/.遥感影像/图像处理等】,昆明,15-30k,15000.0,30000.0,本科,3年以上,3,99,某知名公司,人力资源服务,10000人以上,,,,计算机视觉,,liepin,2026-07-22
计算机视觉算法工程师,南京,20-30k·13薪,20000.0,30000.0,硕士,3-5年,3,5,某南京大型学术/科研公司,电气机械/器材,50-99人,不需要融资,,,计算机视觉,,liepin,2026-07-22
计算机视觉算法工程师（高级）,深圳,30-60k,30000.0,60000.0,本科,3-5年,3,5,某东莞人力资源服务公司,人力资源服务,1-49人,,,,计算机视觉,,liepin,2026-07-22
计算机视觉算法工程师（高级）,深圳,30-60k,30000.0,60000.0,本科,3-5年,3,5,某东莞其他商务服务业公司,人力资源服务,1-49人,,,,计算机视觉,,liepin,2026-07-22
AI 算法工程师（计算机视觉・视频图像识别方向 测绘行业 统本 2年以上同岗工作经验）,昆明,15-30k,15000.0,30000.0,本科,3-5年,3,5,某国内大型专业技术服务公司,专业技术服务,500-999人,,,,计算机视觉,,liepin,2026-07-22
计算机视觉算法工程师,北京,25-50k·15薪,25000.0,50000.0,硕士,3-5年,3,5,某北京人工智能公司,人工智能,1-49人,,,,计算机视觉,,liepin,2026-07-22
计算机视觉算法工程师（三维重建方向）,上海,60-90k,60000.0,90000.0,硕士,3-5年,3,5,某知名公司,房地产租赁/中介,100-499人,融资未公开,,,计算机视觉,,liepin,2026-07-22
计算机视觉算法工程师,上海,20-30k·15薪,20000.0,30000.0,硕士,3-5年,3,5,某上海智能硬件/消费电子上市公司,智能硬件/消费电子,1000-2000人,已上市,,,计算机视觉,,liepin,2026-07-22
高级计算机视觉算法工程师（上海）,上海,40-70k·15薪,40000.0,70000.0,硕士,5-10年,5,10,某深圳大型智能硬件公司,智能硬件/消费电子,10000人以上,C轮,,,计算机视觉,,liepin,2026-07-22
高级计算机视觉算法工程师（深圳）,深圳,40-70k·15薪,40000.0,70000.0,硕士,5-10年,5,10,某深圳大型智能硬件公司,智能硬件/消费电子,10000人以上,C轮,,,计算机视觉,,liepin,2026-07-22
计算机视觉算法专家,杭州,30-50k,30000.0,50000.0,硕士,5年以上,5,99,杭州创锐光测技术有限公司,电子/半导体/集成电路,芦女士·人事,,,,计算机视觉,,liepin,2026-07-22
计算机视觉研究员,北京,15-25k·14薪,15000.0,25000.0,硕士,经验不限,0,20,某知名公司,其他金融,500-999人,不需要融资,,,计算机视觉,,liepin,2026-07-22
计算机视觉算法专家,香港,15-20k,15000.0,20000.0,硕士,经验不限,0,20,寰宇创科有限公司,人工智能,1-49人,,,,计算机视觉,,liepin,2026-07-22
计算机视觉算法主任工程师（半导体图像分析）,苏州,30-50k·14薪,30000.0,50000.0,硕士,3-5年,3,5,英诺赛科(苏州)半导体有限公司,电子/半导体/集成电路,500-999人,,,,计算机视觉,,liepin,2026-07-22
计算机视觉算法专家（工业视觉方向）南宁/玉林,南宁,30-35k,30000.0,35000.0,硕士,3年以上,3,99,某大型知名整车制造公司,机械/设备,10000人以上,不需要融资,,,计算机视觉,,liepin,2026-07-22
计算机视觉算法工程师（三维重建方向）,上海,30-50k,30000.0,50000.0,硕士,3-5年,3,5,某上海人力资源服务公司,人力资源服务,1-49人,,,,计算机视觉,,liepin,2026-07-22
Linux资深软件工程师(边缘AI/计算机视觉方向),上海,30-50k,30000.0,50000.0,本科,5-10年,5,10,上海锐昕普电子科技有限公司,计算机硬件,1-49人,融资未公开,,,计算机视觉,,liepin,2026-07-22
计算机视觉工程师（图像算法方向）,厦门,20-30k,20000.0,30000.0,本科,1-3年,1,3,某厦门计算机软件公司,计算机软件,50-99人,,,,计算机视觉,,liepin,2026-07-22
中/高级计算机视觉算法工程师（多模态/大模型/vla）-深圳/上海,深圳,50-80k·16薪,50000.0,80000.0,本科,4年以上,4,99,某深圳大型智能硬件/消费电子公司,智能硬件/消费电子,10000人以上,C轮,,,计算机视觉,,liepin,2026-07-22
AI 算法工程师（计算机视觉・视频图像识别方向）base昆明，智慧城市经验，双休，10-30k,昆明,15-30k,15000.0,30000.0,本科,2年以上,2,99,某北京大型人力资源服务公司,人力资源服务,5000-10000人,战略融资,,,计算机视觉,,liepin,2026-07-22
算法专家（计算机视觉方向）,北京,50-75k,50000.0,75000.0,不限,3-5年,3,5,某北京专业技术服务公司,科技推广服务,,,,,计算机视觉,,liepin,2026-07-22
计算机视觉算法专家,济南,40-65k·14薪,40000.0,65000.0,不限,5-10年,5,10,某国内大型人工智能公司,人工智能,500-999人,已上市,,,计算机视觉,,liepin,2026-07-22
博士后-体育计算机视觉方向,宁波,40-50k,40000.0,50000.0,博士,经验不限,0,20,某知名公司,其他生活服务,1-49人,,,,计算机视觉,,liepin,2026-07-22
计算机视觉算法工程师（无人机）,深圳,30-55k·16薪,30000.0,55000.0,不限,3-5年,3,5,某深圳智能硬件/消费电子公司,智能硬件/消费电子,100-499人,融资未公开,,,计算机视觉,,liepin,2026-07-22
计算机视觉工程师（立体视觉方向）,上海,薪资面议,,,硕士,3-5年,3,5,千寻位置网络有限公司,云计算/大数据,500-999人,B轮,,,计算机视觉,,liepin,2026-07-22
计算机视觉算法专家（工业视觉方向）,南宁,20-30k,20000.0,30000.0,本科,3年以上,3,99,某知名公司,计算机软件,100-499人,,,,计算机视觉,,liepin,2026-07-22
计算机视觉算法工程师,南京,20-25k·13薪,20000.0,25000.0,本科,3-5年,3,5,某北京计算机软件上市公司,计算机软件,10000人以上,已上市,,,计算机视觉,,liepin,2026-07-22
计算机视觉经理（多模态大模型）,上海,薪资面议,,,博士,10年以上,10,99,美的集团,家电,10000人以上,,,,计算机视觉,,liepin,2026-07-22
计算机视觉算法工程师(三维重建方向),上海,30-50k·14薪,30000.0,50000.0,本科,3年以上,3,99,某上海智能硬件/消费电子上市公司,智能硬件/消费电子,1000-2000人,已上市,,,计算机视觉,,liepin,2026-07-22
计算机视觉算法专家,上海,30-60k,30000.0,60000.0,硕士,3年以上,3,99,某上海大型智能硬件/消费电子公司,智能硬件/消费电子,1000-2000人,已上市,,,计算机视觉,,liepin,2026-07-22
计算机视觉算法工程师/研究员,上海,25-30k,25000.0,30000.0,博士,经验不限,0,20,同济大学,学校教育,10000人以上,,,,计算机视觉,,liepin,2026-07-22
计算机视觉工程师,上海,20-30k·14薪,20000.0,30000.0,硕士,经验不限,0,20,玫德集团有限公司,金属制品,梁先生·高级人才顾问,,,,计算机视觉,,liepin,2026-07-22
AI计算机视觉工程师,青岛,13-20k,13000.0,20000.0,本科,2年以上,2,99,北京国信会视科技有限公司,计算机软件,段女士·集团人力资源主管,融资未公开,,,计算机视觉,,liepin,2026-07-22
高级/首席人工智能工程师（计算机视觉算法工程师）,北京,65-70k,65000.0,70000.0,不限,5-10年,5,10,某深圳知名公司,互联网,10000人以上,已上市,,,计算机视觉,,liepin,2026-07-22
生成式AI安全攻防/人工智能科学家/强化学习/联邦学习算法/计算机视觉预研,上海,40-70k·15薪,40000.0,70000.0,硕士,2年以上,2,99,某大型通信设备公司,通信设备,10000人以上,战略融资,,,计算机视觉,,liepin,2026-07-22
计算机视觉算法工程师 13薪,南京,18-30k·13薪,18000.0,30000.0,硕士,3年以上,3,99,某南京大型学术/科研公司,学术/科研,1000-2000人,,,,计算机视觉,,liepin,2026-07-22
计算机视觉算法专家（工业视觉方向）,玉林,22-35k,22000.0,35000.0,硕士,5-10年,5,10,星网智云,计算机软件,100-499人,,,,计算机视觉,,liepin,2026-07-22
计算机视觉算法工程师,南京,29-35k,29000.0,35000.0,硕士,3-5年,3,5,某南京电气机械/器材公司,电气机械/器材,50-99人,不需要融资,,,计算机视觉,,liepin,2026-07-22
计算机视觉工程师（多模态方向）,深圳,15-30k,15000.0,30000.0,硕士,经验不限,0,20,杭州弓叶科技有限公司,人工智能,100-499人,C轮,,,计算机视觉,,liepin,2026-07-22
计算机视觉算法专家（国企+双休+南宁/玉林）,南宁,25-40k,25000.0,40000.0,硕士,3年以上,3,99,某北京大型人力资源服务公司,人力资源服务,5000-10000人,战略融资,,,计算机视觉,,liepin,2026-07-22
高级计算机视觉工程师,上海,50-60k·15薪,50000.0,60000.0,硕士,3-6年,3,6,跃氪智能科技(上海)有限公司,计算机软件,2000-5000人,不需要融资,,,计算机视觉,,liepin,2026-07-22
计算机视觉工程师,成都,15-20k·13薪,15000.0,20000.0,本科,4年以上,4,99,某电子/半导体/集成电路公司,电子/半导体/集成电路,100-499人,,,,计算机视觉,,liepin,2026-07-22
算法工程师（计算机视觉方向）,上海,30-40k,30000.0,40000.0,硕士,3年以上,3,99,爱医舟科技,互联网医疗,1-49人,融资未公开,,,计算机视觉,,liepin,2026-07-22
计算机视觉工程师（图像算法方向）,厦门,20-35k,20000.0,35000.0,本科,经验不限,0,20,某厦门计算机软件公司,计算机软件,50-99人,,,,计算机视觉,,liepin,2026-07-22
计算机视觉算法工程师,南京,20-30k,20000.0,30000.0,本科,3-5年,3,5,某南京电气机械/器材公司,电气机械/器材,50-99人,不需要融资,,,计算机视觉,,liepin,2026-07-22
计算机视觉工程师,成都,20-28k,20000.0,28000.0,本科,3-5年,3,5,某上海电子/半导体/集成电路公司,电子/半导体/集成电路,100-499人,,,,计算机视觉,,liepin,2026-07-22
计算机视觉算法,深圳,35-65k·16薪,35000.0,65000.0,硕士,经验不限,0,20,某深圳大型科技金融公司,计算机软件,2000-5000人,战略融资,,,计算机视觉,,liepin,2026-07-22
计算机视觉算法高级工程师（工业视觉方向）base广西南宁/玉林,南宁,30-40k,30000.0,40000.0,硕士,5-10年,5,10,某杭州大型专业服务公司,人力资源服务,10000人以上,,,,计算机视觉,,liepin,2026-07-22
计算机视觉工程师（SLAM方向）,上海,薪资面议,,,硕士,3-5年,3,5,千寻位置网络有限公司,云计算/大数据,500-999人,B轮,,,计算机视觉,,liepin,2026-07-22
算法中级工程师（ 计算机视觉）,上海,薪资面议,,,硕士,3年以上,3,99,美的集团,家电,10000人以上,,,,计算机视觉,,liepin,2026-07-22
计算机视觉算法工程师,成都,20-35k,20000.0,35000.0,硕士,1-3年,1,3,超矩科技,人工智能,1-49人,,,,计算机视觉,,liepin,2026-07-22
算法工程师（计算机视觉、Infra算法、数据算法、视频生成/世界模型、3D渲染）,上海,30-50k·14薪,30000.0,50000.0,本科,经验不限,0,20,某上海智能硬件/消费电子上市公司,智能硬件/消费电子,1000-2000人,已上市,,,计算机视觉,,liepin,2026-07-22
计算机视觉算法工程师（iOS/球类运动科技方向）,上海,25-55k·14薪,25000.0,55000.0,本科,经验不限,0,20,鲜猿科技,新能源,100-499人,不需要融资,,,计算机视觉,,liepin,2026-07-22
计算机视觉算法专家,深圳,80-100k,80000.0,100000.0,博士,5年以上,5,99,惠州固尔琦智能设备有限公司,机械/设备,500-999人,融资未公开,,,计算机视觉,,liepin,2026-07-22
计算机视觉算法工程师,南京,20-30k·13薪,20000.0,30000.0,硕士,3-5年,3,5,中国科学院工业人工智能研究所,学术/科研,徐先生·科研人员,不需要融资,,,计算机视觉,,liepin,2026-07-22
计算机视觉算法专家,苏州,30-50k,30000.0,50000.0,博士,经验不限,0,20,苏州万店掌网络科技有限公司,计算机软件,100-499人,B轮,,,计算机视觉,,liepin,2026-07-22
计算机视觉算法专家（北京，上海，深圳）,深圳,40-70k·18薪,40000.0,70000.0,本科,5-10年,5,10,某大型互联网企业,互联网/电商,10000人以上,已上市,,,计算机视觉,,liepin,2026-07-22
计算机视觉工程师（SLAM算法工程化）,上海,薪资面议,,,硕士,3-5年,3,5,千寻位置网络有限公司,云计算/大数据,500-999人,B轮,,,计算机视觉,,liepin,2026-07-22
AI算法工程师（计算机视觉方向）,东莞,11-20k,11000.0,20000.0,硕士,2年以上,2,99,德尔智慧,工程施工,500-999人,,,,计算机视觉,,liepin,2026-07-22
计算机视觉算法工程师（三维重建方向）,上海,40-70k·15薪,40000.0,70000.0,硕士,经验不限,0,20,某知名公司,整车制造,5000-10000人,,,,计算机视觉,,liepin,2026-07-22
计算机视觉算法专家,深圳,45-70k,45000.0,70000.0,硕士,7年以上,7,99,深圳沙与浪科技有限公司,电子/半导体/集成电路,丁女士·人事,B轮,,,计算机视觉,,liepin,2026-07-22
计算机视觉算法工程师（三维重建方向）,上海,30-60k·15薪,30000.0,60000.0,本科,3-5年,3,5,某大型电子/半导体/集成电路公司,电子/半导体/集成电路,2000-5000人,已上市,,,计算机视觉,,liepin,2026-07-22
计算机视觉算法工程师,北京,30-45k·15薪,30000.0,45000.0,硕士,3-5年,3,5,美团,生活服务,10000人以上,,,,计算机视觉,,liepin,2026-07-22
计算机视觉/多模态/AIGC算法工程师,北京,25-55k·16薪,25000.0,55000.0,硕士,1年以上,1,99,Baidu,互联网,10000人以上,,,AIGC,计算机视觉,,liepin,2026-07-22
高级产品/市场经理（计算机视觉芯片方向）,深圳,18-30k·13薪,18000.0,30000.0,本科,3年以上,3,99,科大讯飞,互联网,焦先生·人力资源总监,已上市,,,计算机视觉,,liepin,2026-07-22
计算机视觉算法工程师,成都,26-35k,26000.0,35000.0,硕士,3年以上,3,99,某国内大型电子/半导体/集成电路公司,电子/半导体/集成电路,10000人以上,A轮,,,计算机视觉,,liepin,2026-07-22
计算机视觉算法工程师,南京,20-30k·13薪,20000.0,30000.0,本科,3年以上,3,99,某北京计算机软件上市公司,计算机软件,10000人以上,已上市,,,计算机视觉,,liepin,2026-07-22
算法研究员（计算机视觉，不用加班）,无锡,20-35k·14薪,20000.0,35000.0,硕士,3-5年,3,5,知名的智能语音和人工智能上市企业,机械/机电/重工,10000人以上,已上市,,,计算机视觉,,liepin,2026-07-22
光学/算法/软件/机械/系统/测试/计算机视觉-研发工程师,杭州,28-35k,28000.0,35000.0,硕士,经验不限,0,20,某北京工业自动化公司,工业自动化,100-499人,,,,计算机视觉,,liepin,2026-07-22
计算机视觉算法工程师（三维重建方向）,上海,25-50k,25000.0,50000.0,硕士,5-10年,5,10,某上海汽车零部件及配件上市公司,智能硬件/消费电子,1000-2000人,已上市,,,计算机视觉,,liepin,2026-07-22
计算机视觉算法研究员,北京,40-70k·14薪,40000.0,70000.0,硕士,3年以上,3,99,联想,计算机硬件,10000人以上,,,,计算机视觉,,liepin,2026-07-22
计算机视觉算法专家,南宁,25-40k,25000.0,40000.0,硕士,3-5年,3,5,某知名公司,计算机软件,100-499人,,,,计算机视觉,,liepin,2026-07-22
计算机视觉工程师,成都,14-30k·13薪,14000.0,30000.0,硕士,经验不限,0,20,先进科技,电子/半导体/集成电路,100-499人,融资未公开,,,计算机视觉,,liepin,2026-07-22
中/高级计算机视觉算法工程师,深圳,30-50k·15薪,30000.0,50000.0,硕士,经验不限,0,20,某深圳大型智能硬件公司,智能硬件/消费电子,10000人以上,C轮,,,计算机视觉,,liepin,2026-07-22
图像处理与计算机视觉,上海,30-60k·13薪,30000.0,60000.0,本科,3-5年,3,5,上海帧联信息科技有限公司,计算机软件,100-499人,融资未公开,,,计算机视觉,,liepin,2026-07-22
计算机视觉工程师,北京,20-30k,20000.0,30000.0,本科,1-3年,1,3,北京美照算算智能科技有限公司,专业技术服务,段女士·人力资源,,,,计算机视觉,,liepin,2026-07-22
计算机视觉算法工程师,苏州,35-60k·16薪,35000.0,60000.0,硕士,经验不限,0,20,某国内知名公司,新能源,10000人以上,已上市,,,计算机视觉,,liepin,2026-07-22
视觉工程师（计算机视觉算法方向）,南京,10-13k,10000.0,13000.0,硕士,经验不限,0,20,某知名公司,IT服务,10000人以上,不需要融资,,,计算机视觉,,liepin,2026-07-22
中/高级计算机视觉算法工程师（三维重建）,深圳,50-80k·16薪,50000.0,80000.0,本科,5-10年,5,10,某深圳大型智能硬件/消费电子公司,智能硬件/消费电子,10000人以上,C轮,,,计算机视觉,,liepin,2026-07-22
计算机视觉算法工程师,深圳,15-30k·15薪,15000.0,30000.0,本科,经验不限,0,20,华为,通信设备,10000人以上,,,,计算机视觉,,liepin,2026-07-22
Opencv 计算机视觉,成都,7-12k,7000.0,12000.0,本科,经验不限,0,20,英纳智能科技(成都)有限公司,互联网,曹女士·成都负责人,,,计算机视觉,计算机视觉,,liepin,2026-07-22
计算机视觉算法工程师（三维重建方向）,上海,35-65k·15薪,35000.0,65000.0,不限,经验不限,0,20,禾赛科技,汽车零部件及配件,1000-2000人,,,,计算机视觉,,liepin,2026-07-22
计算机视觉算法专家,成都,10-15k,10000.0,15000.0,本科,经验不限,0,20,成都汇智无限科技有限公司,人工智能,1-49人,,,,计算机视觉,,liepin,2026-07-22
计算机视觉算法工程师（三维重建方向）,上海,30-50k·15薪,30000.0,50000.0,本科,3-5年,3,5,某知名公司,人力资源服务,1-49人,,,,计算机视觉,,liepin,2026-07-22
计算机视觉算法研究员,北京,25-50k,25000.0,50000.0,硕士,3-5年,3,5,深延科技(北京)有限公司,人工智能,100-499人,,,,计算机视觉,,liepin,2026-07-22
高级计算机视觉算法工程师,上海,15-25k·15薪,15000.0,25000.0,硕士,3-5年,3,5,中国海诚工程科技股份有限公司,专业技术服务,杨先生·人事经理,,,,计算机视觉,,liepin,2026-07-22
计算机视觉算法工程师,北京,25-50k,25000.0,50000.0,硕士,3-5年,3,5,融讯伟业,互联网,50-99人,A轮,,,计算机视觉,,liepin,2026-07-22
计算机视觉算法工程师,深圳,15-30k,15000.0,30000.0,本科,经验不限,0,20,华为,通信设备,10000人以上,,,,计算机视觉,,liepin,2026-07-22
计算机视觉算法工程师,深圳,15-30k·15薪,15000.0,30000.0,不限,经验不限,0,20,华为云计算技术有限公司,计算机软件,10000人以上,不需要融资,,,计算机视觉,,liepin,2026-07-22
计算机视觉数据结构化前沿技术研究,北京,15-20k,15000.0,20000.0,博士,经验不限,0,20,数据堂,云计算/大数据,丰先生·联合创始人&副总裁,,,,计算机视觉,,liepin,2026-07-22
研发技术负责人（AI+计算机视觉）,杭州,50-60k·15薪,50000.0,60000.0,本科,10年以上,10,99,某上海大型智能硬件/消费电子公司,智能硬件/消费电子,500-999人,B轮,,,计算机视觉,,liepin,2026-07-22
计算机视觉算法专家,杭州,50-80k·15薪,50000.0,80000.0,本科,经验不限,0,20,某东莞大型通信设备公司,通信设备,10000人以上,融资未公开,,,计算机视觉,,liepin,2026-07-22
计算机视觉（CV）算法工程师,上海,30-60k·15薪,30000.0,60000.0,硕士,2-7年,2,7,某知名IT服务上市公司,IT服务,1000-2000人,已上市,,计算机视觉,计算机视觉,,liepin,2026-07-22
计算机视觉算法工程师（三维重建方向）,上海,30-50k·14薪,30000.0,50000.0,本科,2年以上,2,99,某上海智能硬件/消费电子上市公司,智能硬件/消费电子,1000-2000人,已上市,,,计算机视觉,,liepin,2026-07-22
（上海/北京）计算机视觉（基模/后训练/预训练方向）,上海,70-100k·15薪,70000.0,100000.0,本科,5-10年,5,10,某深圳大型智能硬件/消费电子公司,智能硬件/消费电子,10000人以上,C轮,,,计算机视觉,,liepin,2026-07-22
计算机视觉算法专家,北京,20-35k,20000.0,35000.0,硕士,3年以上,3,99,北京汽车研究总院,整车制造,1000-2000人,,,,计算机视觉,,liepin,2026-07-22
计算机视觉资深算法（从0到1，独立带项目,杭州,50-80k·15薪,50000.0,80000.0,硕士,5-10年,5,10,某国内电气机械/器材公司,电气机械/器材,2000-5000人,已上市,,,计算机视觉,,liepin,2026-07-22
高级算法工程师（计算机视觉）,深圳,35-65k,35000.0,65000.0,硕士,3年以上,3,99,BYD,新能源汽车,10000人以上,已上市,,,计算机视觉,,liepin,2026-07-22
计算机视觉工程师,西安,10-15k,10000.0,15000.0,不限,经验不限,0,20,烟台睿创微纳技术股份有限公司,电子/半导体/集成电路,1000-2000人,,,,计算机视觉,,liepin,2026-07-22
计算机视觉工程师（YS07）,合肥,薪资面议,,,硕士,经验不限,0,20,江淮前沿技术协同创新中心(江淮实验室),人工智能,100-499人,,,,计算机视觉,,liepin,2026-07-22
计算机视觉算法高级研究员,苏州,48-60k,48000.0,60000.0,博士,经验不限,0,20,伊沃人工智能技术(江苏)有限公司,人工智能,50-99人,战略融资,,,计算机视觉,,liepin,2026-07-22
计算机视觉高级算法工程师,深圳,25-35k·15薪,25000.0,35000.0,本科,3-5年,3,5,暗物智能,人工智能,100-499人,B轮,,,计算机视觉,,liepin,2026-07-22
计算机视觉工程师,北京,20-40k·13薪,20000.0,40000.0,本科,3-5年,3,5,江苏智云天工科技有限公司,运营商/增值服务,赵先生·研发负责人,A轮,,,计算机视觉,,liepin,2026-07-22
计算机视觉算法工程师,北京,20-40k,20000.0,40000.0,硕士,3-5年,3,5,珠海粉象全案整装设计有限公司,装饰装修,吴女士·人事经理,,,,计算机视觉,,liepin,2026-07-22
计算机视觉算法工程师（具身机器人）,深圳,40-70k·14薪,40000.0,70000.0,本科,3-5年,3,5,某深圳科技推广服务公司,科技推广服务,50-99人,,,,计算机视觉,,liepin,2026-07-22
计算机视觉科学家 (边缘计算与智能家居)_CR,上海,薪资面议,,,博士,经验不限,0,20,机械/设备,不需要融资,10000人以上,,,,计算机视觉,,liepin,2026-07-22
计算机视觉CV算法工程师,上海,40-50k,40000.0,50000.0,本科,经验不限,0,20,某知名公司,云计算/大数据,10000人以上,,,计算机视觉,计算机视觉,,liepin,2026-07-22
计算机视觉算法软件工程师,苏州,20-40k,20000.0,40000.0,本科,5-10年,5,10,某苏州电子/半导体/集成电路公司,电子/半导体/集成电路,100-499人,融资未公开,,,计算机视觉,,liepin,2026-07-22
中/高级计算机视觉算法工程师,上海,60-90k·17薪,60000.0,90000.0,本科,经验不限,0,20,某深圳大型智能硬件/消费电子公司,智能硬件/消费电子,10000人以上,C轮,,,计算机视觉,,liepin,2026-07-22
高级计算机视觉算法工程师,上海,50-80k·15薪,50000.0,80000.0,硕士,5-10年,5,10,某深圳大型智能硬件/消费电子公司,智能硬件/消费电子,10000人以上,C轮,,,计算机视觉,,liepin,2026-07-22
计算机视觉工程师,北京,20-30k·14薪,20000.0,30000.0,硕士,经验不限,0,20,玫德集团有限公司,金属制品,梁先生·高级人才顾问,,,,计算机视觉,,liepin,2026-07-22
移动端计算机视觉算法工程师,上海,35-45k·14薪,35000.0,45000.0,本科,3年以上,3,99,鲜猿科技,新能源,100-499人,不需要融资,,,计算机视觉,,liepin,2026-07-22
计算机视觉工程师,成都,15-20k·13薪,15000.0,20000.0,硕士,3-5年,3,5,某上海电子/半导体/集成电路公司,电子/半导体/集成电路,100-499人,,,,计算机视觉,,liepin,2026-07-22
图像算法工程师/计算机视觉（AOI缺陷检测）,深圳,15-19k,15000.0,19000.0,本科,3年以上,3,99,领益智造,电子/半导体/集成电路,10000人以上,,,,计算机视觉,,liepin,2026-07-22
计算机视觉算法工程师,上海,30-50k·15薪,30000.0,50000.0,硕士,3-5年,3,5,乐鑫科技,电子/半导体/集成电路,500-999人,不需要融资,,,计算机视觉,,liepin,2026-07-22
计算机视觉算法工程师（UMI/EGO）,深圳,30-60k·14薪,30000.0,60000.0,本科,3-5年,3,5,思谋科技,人工智能,500-999人,B轮,,,计算机视觉,,liepin,2026-07-22
中/高级计算机视觉算法工程师,深圳,30-50k·15薪,30000.0,50000.0,不限,经验不限,0,20,某深圳大型智能硬件/消费电子公司,智能硬件/消费电子,10000人以上,C轮,,,计算机视觉,,liepin,2026-07-22
计算机视觉算法工程师,上海,15-25k·13薪,15000.0,25000.0,本科,1-3年,1,3,昆山积元科技有限公司,电子/半导体/集成电路,50-99人,天使轮,,,计算机视觉,,liepin,2026-07-22
计算机视觉算法⼯程师（药理影像与数字孪⽣）,北京,10-22k,10000.0,22000.0,硕士,经验不限,0,20,康龙化成,医药外包,10000人以上,,,,计算机视觉,,liepin,2026-07-22
技术总监/技术工程师（计算机视觉/视觉大模型/图像处理等）,苏州,35-65k·14薪,35000.0,65000.0,硕士,10年以上,10,99,某深圳人工智能公司,人工智能,,,,,计算机视觉,,liepin,2026-07-22
计算机视觉专家,大连,20-40k,20000.0,40000.0,硕士,5年以上,5,99,豪森智能,整车制造,2000-5000人,,,,计算机视觉,,liepin,2026-07-22
计算机视觉算法工程师,常州,8-20k,8000.0,20000.0,本科,1-3年,1,3,常州奥比利智能科技有限公司,互联网,50-99人,,,,计算机视觉,,liepin,2026-07-22
计算机视觉算法专家,深圳,100-200k·16薪,100000.0,200000.0,博士,经验不限,0,20,荣耀终端股份有限公司,通信设备,常先生·人力资源伙伴(HRBP),,,,计算机视觉,,liepin,2026-07-22
计算机视觉算法工程师（车载视觉算法）,杭州,18-25k·14薪,18000.0,25000.0,本科,3-5年,3,5,鸿泉物联,电子/半导体/集成电路,500-999人,,,,计算机视觉,,liepin,2026-07-22
计算机视觉（医学图像）算法工程师招聘,重庆,10-20k,10000.0,20000.0,本科,经验不限,0,20,华大集团,生物技术,武先生·人力资源高级专员,,,,计算机视觉,,liepin,2026-07-22
计算机视觉算法工程师,上海,80-100k,80000.0,100000.0,本科,5年以上,5,99,某上海大型智能硬件/消费电子公司,智能硬件/消费电子,1000-2000人,已上市,,,计算机视觉,,liepin,2026-07-22
中/高级计算机视觉算法工程师,深圳,30-50k·15薪,30000.0,50000.0,硕士,经验不限,0,20,某深圳知名公司,智能硬件/消费电子,10000人以上,C轮,,,计算机视觉,,liepin,2026-07-22
计算机视觉算法,北京,28-50k·13薪,28000.0,50000.0,本科,3-5年,3,5,创鑫激光,电子/半导体/集成电路,5000-10000人,,,,计算机视觉,,liepin,2026-07-22
计算机视觉算法工程师,武汉,12-24k,12000.0,24000.0,硕士,3-10年,3,10,武汉港迪技术股份有限公司,工业自动化,500-999人,,,,计算机视觉,,liepin,2026-07-22
图像处理/计算机视觉/机器学习/人工智能算法研发实习生,烟台,10-20k,10000.0,20000.0,硕士,经验不限,0,20,烟台睿创微纳技术股份有限公司,电子/半导体/集成电路,1000-2000人,,,,计算机视觉,,liepin,2026-07-22
蚂蚁数字科技-数科技术部-计算机视觉及多模态算法工程师,杭州,30-60k·16薪,30000.0,60000.0,硕士,3-5年,3,5,蚂蚁集团,科技金融,葛女士·人事管理主管,B轮,,,计算机视觉,,liepin,2026-07-22
研发工程师（计算机视觉/交通事件检测）,武汉,15-30k,15000.0,30000.0,本科,1-3年,1,3,中国电子云,云计算/大数据,2000-5000人,融资未公开,,,计算机视觉,,liepin,2026-07-22
算法工程师/助理研究员/研究员 （计算机视觉方向）,上海,20-40k·13薪,20000.0,40000.0,硕士,1-3年,1,3,小i机器人,IT服务,500-999人,,,,计算机视觉,,liepin,2026-07-22
金融科技高级算法岗—计算机视觉方向（工作地点：福州、上海）,上海,30-50k,30000.0,50000.0,硕士,5-10年,5,10,兴业银行股份有限公司,银行,50-99人,已上市,,,计算机视觉,,liepin,2026-07-22
计算机视觉算法专家,杭州,30-60k·16薪,30000.0,60000.0,硕士,3年以上,3,99,得物,互联网,10000人以上,,,,计算机视觉,,liepin,2026-07-22
AI算法资深专家-计算机视觉,北京,90-120k,90000.0,120000.0,博士,10年以上,10,99,丰祺捷盈,计算机硬件,佟女士·人力资源顾问,,,,计算机视觉,,liepin,2026-07-22
计算机视觉算法应用工程师,厦门,25-35k·13薪,25000.0,35000.0,本科,3-5年,3,5,厦门天和至医疗器械有限公司,医疗器械,侯女士·人力行政经理,融资未公开,,,计算机视觉,,liepin,2026-07-22
计算机视觉算法工程师,北京,30-55k·14薪,30000.0,55000.0,本科,3-5年,3,5,北京猿力未来科技有限公司,在线教育,10000人以上,,,,计算机视觉,,liepin,2026-07-22
计算机视觉/深度学习算法研发工程师,北京,30-60k·16薪,30000.0,60000.0,硕士,经验不限,0,20,Baidu,互联网,10000人以上,,,,计算机视觉,,liepin,2026-07-22
计算机视觉算法首席科学家,上海,薪资面议,,,博士,经验不限,0,20,伊沃人工智能技术(江苏)有限公司,人工智能,50-99人,战略融资,,,计算机视觉,,liepin,2026-07-22
计算机视觉算法工程师 (MJ000132),无锡,12-24k·15薪,12000.0,24000.0,本科,1-3年,1,3,太初(杭州)集成电路有限公司,人工智能,鲍女士·人事专员,B轮,,,计算机视觉,,liepin,2026-07-22
计算机视觉算法专家,武汉,15-20k,15000.0,20000.0,本科,经验不限,0,20,湖北裕美达医疗器械有限公司,批发/零售,章先生·人事主管,,,,计算机视觉,,liepin,2026-07-22
计算机视觉高端算法专家,深圳,30-45k·15薪,30000.0,45000.0,硕士,5-10年,5,10,华为,通信设备,10000人以上,,,,计算机视觉,,liepin,2026-07-22
计算机视觉研究员,深圳,15-20k,15000.0,20000.0,硕士,1-3年,1,3,爱贝宝,电子商务,50-99人,B轮,,,计算机视觉,,liepin,2026-07-22
产品线研发负责人（AI+计算机视觉）,杭州,50-75k·16薪,50000.0,75000.0,不限,5-7年,5,7,某上海IT服务公司,IT服务,100-499人,,,,计算机视觉,,liepin,2026-07-22
AI 算法工程师（计算机视觉・视频图像识别方向）,昆明,15-30k,15000.0,30000.0,本科,3年以上,3,99,某国内大型工程施工公司,工程施工,1000-2000人,融资未公开,,,计算机视觉,,liepin,2026-07-22
研发负责人（AI+计算机视觉）,杭州,30-50k·16薪,30000.0,50000.0,本科,6年以上,6,99,某知名上市公司,科技金融,10000人以上,已上市,,,计算机视觉,,liepin,2026-07-22
计算机视觉研发总监,北京,50-70k,50000.0,70000.0,硕士,5-10年,5,10,某沈阳医疗机构上市公司,医疗机构,5000-10000人,已上市,,,计算机视觉,,liepin,2026-07-22
计算机视觉算法,上海,25-45k·14薪,25000.0,45000.0,不限,3-5年,3,5,某合肥互联网上市公司,计算机软件,10000人以上,已上市,,,计算机视觉,,liepin,2026-07-22
计算机视觉/图像算法工程师,济南,10-15k,10000.0,15000.0,硕士,1年以上,1,99,山东金钟科技集团股份有限公司,机械/设备,倪女士·人事经理,,,,计算机视觉,,liepin,2026-07-22
计算机视觉算法工程师（无人机）,深圳,25-50k·14薪,25000.0,50000.0,本科,3年以上,3,99,深圳市海科技术有限公司,智能硬件/消费电子,100-499人,,,,计算机视觉,,liepin,2026-07-22
计算机视觉算法工程师,深圳,35-55k,35000.0,55000.0,本科,3-5年,3,5,TCL科技集团股份有限公司技术中心,电子/半导体/集成电路,,,,,计算机视觉,,liepin,2026-07-22
银泰商业-计算机视觉算法工程师(J11101),杭州,20-40k·16薪,20000.0,40000.0,硕士,1-4年,1,4,银泰商业集团有限公司,房地产开发经营,5000-10000人,不需要融资,,,计算机视觉,,liepin,2026-07-22
计算机视觉算法工程师（数据采集方向）,深圳,35-65k·15薪,35000.0,65000.0,硕士,3-5年,3,5,某深圳大型人工智能公司,人工智能,500-999人,B轮,,,计算机视觉,,liepin,2026-07-22
计算机视觉,重庆,10-12k·18薪,10000.0,12000.0,硕士,1-3年,1,3,某重庆大型学校教育公司,学校教育,500-999人,融资未公开,,,计算机视觉,,liepin,2026-07-22
计算机视觉算法工程师,杭州,30-60k,30000.0,60000.0,硕士,5-10年,5,10,应用材料公司,电子/半导体/集成电路,2000-5000人,,,,计算机视觉,,liepin,2026-07-22
多模态大模型算法工程师(计算机视觉/宜居城市),南京,35-65k·14薪,35000.0,65000.0,不限,3-5年,3,5,某知名上市公司,计算机软件,10000人以上,已上市,,,计算机视觉,,liepin,2026-07-22
计算机视觉算法专家,苏州,25-35k·13薪,25000.0,35000.0,本科,3年以上,3,99,玉柴股份,机械/设备,5000-10000人,,,,计算机视觉,,liepin,2026-07-22
计算机视觉工程师(图像算法方向),厦门,22-26k,22000.0,26000.0,硕士,3-5年,3,5,某厦门计算机软件公司,计算机软件,50-99人,,,,计算机视觉,,liepin,2026-07-22
（三维重建）中/高级计算机视觉算法工程师,深圳,50-80k·15薪,50000.0,80000.0,本科,5-10年,5,10,某深圳大型智能硬件/消费电子公司,智能硬件/消费电子,10000人以上,C轮,,,计算机视觉,,liepin,2026-07-22
计算机视觉算法专家,深圳,25-35k·13薪,25000.0,35000.0,本科,3年以上,3,99,玉柴股份,机械/设备,5000-10000人,,,,计算机视觉,,liepin,2026-07-22
计算机视觉算法工程师,上海,50-80k·14薪,50000.0,80000.0,硕士,3-5年,3,5,某上海电子/半导体/集成电路公司,电子/半导体/集成电路,,,,,计算机视觉,,liepin,2026-07-22
计算机视觉算法专家,南宁,25-35k·13薪,25000.0,35000.0,本科,3年以上,3,99,玉柴股份,机械/设备,5000-10000人,,,,计算机视觉,,liepin,2026-07-22
多模态大模型算法工程师(计算机视觉/宜居城市),无锡,35-65k·14薪,35000.0,65000.0,硕士,3年以上,3,99,某知名上市公司,计算机软件,10000人以上,已上市,,,计算机视觉,,liepin,2026-07-22
兼职计算机视觉线上论文辅导,深圳,20-40k,20000.0,40000.0,硕士,经验不限,0,20,上海马拉火车信息技术有限公司,学术/科研,50-99人,,,,计算机视觉,,liepin,2026-07-22
多模态大模型算法工程师(计算机视觉/宜居城市),苏州,35-60k·14薪,35000.0,60000.0,不限,3-5年,3,5,某知名上市公司,计算机软件,10000人以上,已上市,,,计算机视觉,,liepin,2026-07-22
达摩院-计算机视觉驱动工程师,上海,30-60k·16薪,30000.0,60000.0,本科,5-10年,5,10,阿里巴巴控股集团,互联网,10000人以上,,,,计算机视觉,,liepin,2026-07-22
计算机视觉算法工程师（UMI/EGO） (MJ001181),深圳,25-26k,25000.0,26000.0,本科,1-3年,1,3,思谋科技,人工智能,500-999人,B轮,,,计算机视觉,,liepin,2026-07-22
计算机视觉算法专家,杭州,30-60k·15薪,30000.0,60000.0,硕士,经验不限,0,20,睿魔智能科技(深圳)有限公司,智能硬件/消费电子,500-999人,C轮,,,计算机视觉,,liepin,2026-07-22
计算机视觉算法专家,上海,25-40k,25000.0,40000.0,硕士,2年以上,2,99,联影研究院,医疗器械,100-499人,,,,计算机视觉,,liepin,2026-07-22
计算机视觉专家,常州,20-40k,20000.0,40000.0,硕士,5年以上,5,99,豪森智能,整车制造,2000-5000人,,,,计算机视觉,,liepin,2026-07-22
计算机视觉工程师,上海,25-35k,25000.0,35000.0,硕士,3年以上,3,99,上海沿锋汽车科技股份有限公司,整车制造,100-499人,,,,计算机视觉,,liepin,2026-07-22
计算机视觉/图像算法科学家,深圳,35-55k,35000.0,55000.0,硕士,经验不限,0,20,菲鹏,生物技术,1000-2000人,融资未公开,,,计算机视觉,,liepin,2026-07-22
计算机视觉项目负责人,武汉,35-45k,35000.0,45000.0,博士,经验不限,0,20,某国内电子/半导体/集成电路公司,电子/半导体/集成电路,100-499人,融资未公开,,,计算机视觉,,liepin,2026-07-22
感知与计算机视觉算法工程师,北京,12-24k,12000.0,24000.0,本科,3-5年,3,5,幻力魔方(北京)科技产业有限公司,专业技术服务,,,,,计算机视觉,,liepin,2026-07-22
海外短剧推荐算法工程师,北京,30-60k,30000.0,60000.0,本科,3年以上,3,99,某北京互联网公司,互联网,100-499人,,,,推荐算法,,liepin,2026-07-22
推荐算法工程师,北京,35-65k·15薪,35000.0,65000.0,本科,3-5年,3,5,某知名公司,其他商务服务业,,,,,推荐算法,,liepin,2026-07-22
推荐算法,深圳,20-30k·16薪,20000.0,30000.0,硕士,3-5年,3,5,某大型知名计算机软件公司,计算机软件,10000人以上,融资未公开,,,推荐算法,,liepin,2026-07-22
推荐算法开发专家,深圳,60-80k,60000.0,80000.0,硕士,5-10年,5,10,某集团公司,家具/家电,10000人以上,已上市,,,推荐算法,,liepin,2026-07-22
北京上海推荐算法负责人/推荐技术负责人,北京,100-160k·15薪,100000.0,160000.0,本科,5-10年,5,10,某深圳互联网公司,互联网,50-99人,,,,推荐算法,,liepin,2026-07-22
高级推荐算法工程师,广州,50-70k·16薪,50000.0,70000.0,本科,10年以上,10,99,某知名公司,互联网,1000-2000人,,,,推荐算法,,liepin,2026-07-22
内容推荐算法专家,深圳,35-65k·15薪,35000.0,65000.0,本科,5-10年,5,10,某深圳知名互联网公司,互联网,10000人以上,战略融资,,,推荐算法,,liepin,2026-07-22
漫剧推荐算法工程师(北京),北京,30-60k,30000.0,60000.0,不限,3-5年,3,5,BAT大型互联网公司,互联网/电商,10000人以上,融资未公开,,,推荐算法,,liepin,2026-07-22
推荐算法高级工程师,北京,60-90k·15薪,60000.0,90000.0,本科,10年以上,10,99,某知名互联网大厂,互联网/电商,10000人以上,不需要融资,,,推荐算法,,liepin,2026-07-22
推荐算法工程师,北京,50-65k·15薪,50000.0,65000.0,本科,3-5年,3,5,某北京大型在线社交/媒体公司,在线社交/媒体,10000人以上,战略融资,,,推荐算法,,liepin,2026-07-22
推荐算法工程师,上海,18-25k,18000.0,25000.0,本科,5年以上,5,99,深演智能,互联网,100-499人,,,,推荐算法,,liepin,2026-07-22
HLM-内容推荐算法专家,深圳,70-100k·14薪,70000.0,100000.0,本科,3-10年,3,10,某深圳大型互联网公司,互联网,10000人以上,战略融资,,,推荐算法,,liepin,2026-07-22
推荐算法专家,北京,80-100k·13薪,80000.0,100000.0,本科,4年以上,4,99,某北京大型计算机软件公司,计算机软件,10000人以上,融资未公开,,,推荐算法,,liepin,2026-07-22
推荐算法,北京,50-80k·16薪,50000.0,80000.0,硕士,经验不限,0,20,某北京大型云计算/大数据公司,云计算/大数据,10000人以上,,,,推荐算法,,liepin,2026-07-22
资深推荐算法工程师/leader,北京,45-75k,45000.0,75000.0,本科,经验不限,0,20,某大型互联网公司,互联网/电商,10000人以上,已上市,,,推荐算法,,liepin,2026-07-22
内容推荐算法专家,深圳,40-70k·15薪,40000.0,70000.0,本科,5-10年,5,10,某深圳大型互联网公司,互联网,10000人以上,战略融资,,,推荐算法,,liepin,2026-07-22
推荐算法,杭州,40-55k·16薪,40000.0,55000.0,不限,经验不限,0,20,某上海计算机软件公司,计算机软件,100-499人,融资未公开,,,推荐算法,,liepin,2026-07-22
推荐算法工程师/专家,上海,40-70k,40000.0,70000.0,本科,1-10年,1,10,某北京大型在线社交/媒体公司,在线社交/媒体,10000人以上,,,,推荐算法,,liepin,2026-07-22
推荐算法工程师（深圳OR北京）,深圳,30-60k,30000.0,60000.0,硕士,5-10年,5,10,vivo,互联网,10000人以上,,,,推荐算法,,liepin,2026-07-22
推荐算法专家,青岛,60-80k,60000.0,80000.0,硕士,5-10年,5,10,某集团公司,家具/家电,10000人以上,已上市,,,推荐算法,,liepin,2026-07-22
高级推荐算法工程师,北京,60-90k·16薪,60000.0,90000.0,本科,3年以上,3,99,某深圳互联网上市公司,互联网,10000人以上,已上市,,,推荐算法,,liepin,2026-07-22
内容推荐算法,上海,50-75k·15薪,50000.0,75000.0,本科,5-10年,5,10,某知名公司,人力资源服务,50-99人,,,,推荐算法,,liepin,2026-07-22
推荐算法工程师（深圳OR北京）,北京,30-60k,30000.0,60000.0,硕士,5-10年,5,10,vivo,互联网,10000人以上,,,,推荐算法,,liepin,2026-07-22
推荐算法专家（深圳/山东）,深圳,50-80k·14薪,50000.0,80000.0,硕士,5-10年,5,10,某咨询服务公司,咨询服务,100-499人,融资未公开,,,推荐算法,,liepin,2026-07-22
推荐算法工程师,北京,55-85k·16薪,55000.0,85000.0,本科,经验不限,0,20,某知名公司,计算机软件,100-499人,融资未公开,,,推荐算法,,liepin,2026-07-22
推荐算法—AI二次元—Remote,北京,30-60k,30000.0,60000.0,不限,3-5年,3,5,某知名公司,专业技术服务,50-99人,天使轮,,,推荐算法,,liepin,2026-07-22
高级推荐算法专家,北京,70-100k,70000.0,100000.0,本科,5-10年,5,10,某北京人工智能公司,人工智能,50-99人,A轮,,,推荐算法,,liepin,2026-07-22
多模态大模型推荐算法负责人,北京,95-130k,95000.0,130000.0,本科,3年以上,3,99,国内知名互联网公司,互联网/电商,10000人以上,融资未公开,,,推荐算法,,liepin,2026-07-22
推荐算法Leader,上海,65-70k·16薪,65000.0,70000.0,不限,10年以上,10,99,某上海大型餐饮业公司,餐饮业,10000人以上,战略融资,,,推荐算法,,liepin,2026-07-22
推荐算法专家,杭州,50-80k·16薪,50000.0,80000.0,本科,经验不限,0,20,某大型知名互联网企业,互联网/电商,10000人以上,,,,推荐算法,,liepin,2026-07-22
推荐算法,北京,40-70k·16薪,40000.0,70000.0,硕士,经验不限,0,20,某杭州电子商务上市公司,电子商务,10000人以上,已上市,,,推荐算法,,liepin,2026-07-22
推荐算法,深圳,50-75k·15薪,50000.0,75000.0,本科,5-10年,5,10,某知名公司,人力资源服务,50-99人,,,,推荐算法,,liepin,2026-07-22
推荐算法-大厂正编-北京上海,北京,30-55k·16薪,30000.0,55000.0,本科,3-5年,3,5,某大型知名互联网公司,电子商务,1000-2000人,,,,推荐算法,,liepin,2026-07-22
推荐算法专家,上海,55-85k·16薪,55000.0,85000.0,本科,经验不限,0,20,某大型知名互联网企业,互联网/电商,10000人以上,,,,推荐算法,,liepin,2026-07-22
高级推荐算法工程师,北京,60-90k,60000.0,90000.0,本科,6年以上,6,99,某上海大型互联网公司,互联网,10000人以上,,,,推荐算法,,liepin,2026-07-22
推荐算法工程师,西安,30-60k·14薪,30000.0,60000.0,本科,3-5年,3,5,某西安计算机软件公司,计算机软件,1-49人,融资未公开,,,推荐算法,,liepin,2026-07-22
数据科学家（推荐算法）,杭州,50-75k·15薪,50000.0,75000.0,不限,5-10年,5,10,某知名公司,人力资源服务,50-99人,,,,推荐算法,,liepin,2026-07-22
高级推荐算法专家,北京,35-60k·14薪,35000.0,60000.0,本科,5-10年,5,10,某北京新能源上市公司,新能源,1000-2000人,已上市,,,推荐算法,,liepin,2026-07-22
推荐算法专家（电商平台方向）,广州,25-50k·14薪,25000.0,50000.0,本科,5年以上,5,99,探迹科技,互联网,2000-5000人,C轮,,,推荐算法,,liepin,2026-07-22
大模型推荐算法专家,深圳,45-75k·16薪,45000.0,75000.0,本科,5-10年,5,10,某深圳大型互联网公司,互联网,10000人以上,战略融资,,,推荐算法,,liepin,2026-07-22
大模型推荐算法负责人,北京,100-200k·16薪,100000.0,200000.0,本科,10年以上,10,99,互联网上市集团企业,互联网/电商,10000人以上,已上市,,,推荐算法,,liepin,2026-07-22
推荐算法专家,北京,50-80k·14薪,50000.0,80000.0,本科,3-5年,3,5,某北京知名公司,计算机软件,100-499人,已上市,,,推荐算法,,liepin,2026-07-22
推荐算法负责人,杭州,25-40k,25000.0,40000.0,本科,5年以上,5,99,零一裂变(深圳)科技有限公司,互联网,500-999人,融资未公开,,,推荐算法,,liepin,2026-07-22
大模型推荐算法专家,深圳,40-70k·15薪,40000.0,70000.0,本科,5-10年,5,10,某深圳大型互联网公司,互联网,10000人以上,战略融资,,,推荐算法,,liepin,2026-07-22
推荐算法,上海,55-85k·16薪,55000.0,85000.0,本科,5-10年,5,10,某上海大型电子商务公司,电子商务,10000人以上,A轮,,,推荐算法,,liepin,2026-07-22
推荐算法工程师,北京,40-70k·16薪,40000.0,70000.0,硕士,经验不限,0,20,某知名公司,房地产租赁/中介,10000人以上,已上市,,,推荐算法,,liepin,2026-07-22
推荐算法工程师,上海,50-80k·16薪,50000.0,80000.0,本科,5-10年,5,10,某上海专业技术服务公司,专业技术服务,1-49人,,,,推荐算法,,liepin,2026-07-22
内容推荐算法专家---荣耀---深圳,深圳,40-70k,40000.0,70000.0,本科,5-10年,5,10,某深圳大型互联网公司,互联网,10000人以上,战略融资,,,推荐算法,,liepin,2026-07-22
推荐算法专家（电商）,北京,30-60k·14薪,30000.0,60000.0,本科,5-10年,5,10,瑞幸咖啡(中国)有限公司,互联网,10000人以上,,,,推荐算法,,liepin,2026-07-22
推荐算法工程师,深圳,30-45k·14薪,30000.0,45000.0,本科,3-5年,3,5,万声音乐集团,互联网,100-499人,B轮,,,推荐算法,,liepin,2026-07-22
大模型推荐算法专家-荣耀多职位招聘--详情看职位JD---北京/深圳/西安,深圳,30-60k,30000.0,60000.0,本科,5-10年,5,10,某深圳大型互联网公司,互联网,10000人以上,战略融资,,,推荐算法,,liepin,2026-07-22
推荐算法,北京,30-60k,30000.0,60000.0,本科,3-5年,3,5,某北京互联网公司,互联网,100-499人,,,,推荐算法,,liepin,2026-07-22
推荐算法-多家aigc公司招聘,北京,40-70k·18薪,40000.0,70000.0,本科,2年以上,2,99,某知名公司,计算机软件,,,,AIGC,推荐算法,,liepin,2026-07-22
推荐算法工程师,上海,30-60k·16薪,30000.0,60000.0,本科,6年以上,6,99,往约,计算机软件,张女士·人事,,,,推荐算法,,liepin,2026-07-22
推荐算法工程师,北京,40-70k,40000.0,70000.0,本科,2-9年,2,9,某北京知名公司,批发/零售,1-49人,B轮,,,推荐算法,,liepin,2026-07-22
大模型推荐算法负责人（北京）,杭州,55-85k·20薪,55000.0,85000.0,本科,5-10年,5,10,某知名公司,批发/零售,1-49人,B轮,,,推荐算法,,liepin,2026-07-22
推荐算法,北京,50-80k·18薪,50000.0,80000.0,硕士,5-10年,5,10,互联网上市集团企业,互联网/电商,10000人以上,已上市,,,推荐算法,,liepin,2026-07-22
用户增长推荐算法,上海,30-60k·16薪,30000.0,60000.0,本科,3-5年,3,5,某杭州知名互联网公司,电子商务,10000人以上,已上市,,,推荐算法,,liepin,2026-07-22
搜索/推荐算法工程师,杭州,20-40k,20000.0,40000.0,本科,1年以上,1,99,广州未来一手网络科技有限公司,电子商务,500-999人,C轮,,,推荐算法,,liepin,2026-07-22
AI推荐算法工程师,北京,30-60k·16薪,30000.0,60000.0,不限,5-10年,5,10,某知名互联网大厂,互联网/电商,10000人以上,不需要融资,,,推荐算法,,liepin,2026-07-22
推荐算法工程师,北京,55-85k,55000.0,85000.0,本科,3-5年,3,5,某北京人工智能公司,人工智能,50-99人,,,,推荐算法,,liepin,2026-07-22
推荐算法工程师,广州,50-80k,50000.0,80000.0,本科,5-10年,5,10,某广州大型电子商务公司,电子商务,500-999人,C轮,,,推荐算法,,liepin,2026-07-22
推荐算法工程师,上海,35-50k,35000.0,50000.0,本科,3-5年,3,5,某上海IT服务公司,IT服务,,,,,推荐算法,,liepin,2026-07-22
用户增长推荐算法专家,上海,40-70k·16薪,40000.0,70000.0,硕士,5-10年,5,10,某大型知名生活服务O2O公司,生活服务O2O,10000人以上,,,,推荐算法,,liepin,2026-07-22
推荐算法工程师,上海,35-55k·15薪,35000.0,55000.0,本科,3-5年,3,5,某游戏公司,游戏,50-99人,,,,推荐算法,,liepin,2026-07-22
大模型推荐算法专家-----荣耀---南京,南京,50-80k,50000.0,80000.0,本科,5-10年,5,10,某深圳大型互联网公司,互联网,10000人以上,战略融资,,,推荐算法,,liepin,2026-07-22
蚂蚁集团-首页推荐算法专家-内容技术,杭州,30-60k,30000.0,60000.0,本科,3-5年,3,5,蚂蚁集团,科技金融,5000-10000人,B轮,,,推荐算法,,liepin,2026-07-22
推荐算法工程师,上海,35-65k·15薪,35000.0,65000.0,不限,3-5年,3,5,某知名公司,科技推广服务,,天使轮,,,推荐算法,,liepin,2026-07-22
推荐算法工程师,北京,45-70k,45000.0,70000.0,不限,3-5年,3,5,某北京互联网公司,互联网,100-499人,融资未公开,,,推荐算法,,liepin,2026-07-22
生成式搜索推荐算法专家（精排或召回）,上海,30-60k,30000.0,60000.0,本科,3-5年,3,5,某上海大型生活服务O2O公司,生活服务O2O,10000人以上,,,,推荐算法,,liepin,2026-07-22
推荐算法专家,北京,40-70k,40000.0,70000.0,本科,1-10年,1,10,某北京大型在线社交/媒体公司,在线社交/媒体,10000人以上,,,,推荐算法,,liepin,2026-07-22
推荐算法工程师,北京,80-100k·14薪,80000.0,100000.0,不限,经验不限,0,20,某北京大型在线社交/媒体公司,在线社交/媒体,10000人以上,战略融资,,,推荐算法,,liepin,2026-07-22
推荐算法,北京,30-60k·13薪,30000.0,60000.0,本科,3年以上,3,99,某北京知名公司,云计算/大数据,10000人以上,,,,推荐算法,,liepin,2026-07-22
推荐算法专家,深圳,85-110k·16薪,85000.0,110000.0,不限,5-10年,5,10,某深圳大型互联网公司,互联网,500-999人,融资未公开,,,推荐算法,,liepin,2026-07-22
推荐算法,深圳,20-30k,20000.0,30000.0,本科,3年以上,3,99,某深圳互联网医疗上市公司,互联网医疗,2000-5000人,已上市,,,推荐算法,,liepin,2026-07-22
推荐算法专家（交易）-北上杭,上海,40-60k·16薪,40000.0,60000.0,本科,经验不限,0,20,某上海大型电子商务公司,电子商务,10000人以上,A轮,,,推荐算法,,liepin,2026-07-22
大模型推荐算法专家-----荣耀---深圳,深圳,50-80k,50000.0,80000.0,本科,5-10年,5,10,某深圳大型互联网公司,互联网,10000人以上,战略融资,,,推荐算法,,liepin,2026-07-22
AIGC推荐算法工程师,北京,40-70k·13薪,40000.0,70000.0,本科,2-6年,2,6,某北京人工智能公司,人工智能,50-99人,,,AIGC,推荐算法,,liepin,2026-07-22
推荐算法负责人,广州,25-40k,25000.0,40000.0,本科,5年以上,5,99,零一裂变(深圳)科技有限公司,互联网,500-999人,融资未公开,,,推荐算法,,liepin,2026-07-22
内容推荐算法工程师,深圳,50-80k·15薪,50000.0,80000.0,本科,10年以上,10,99,某北京人工智能公司,人工智能,100-499人,A轮,,,推荐算法,,liepin,2026-07-22
推荐搜索算法工程师,北京,30-50k,30000.0,50000.0,不限,10年以上,10,99,某深圳大型互联网公司,互联网,10000人以上,战略融资,,,推荐算法,,liepin,2026-07-22
推荐算法工程师-多hc,北京,40-70k·16薪,40000.0,70000.0,硕士,5-10年,5,10,某北京知名公司,互联网,1-49人,融资未公开,,,推荐算法,,liepin,2026-07-22
推荐算法-上市企业,北京,50-80k·14薪,50000.0,80000.0,不限,3-5年,3,5,某北京大型互联网公司,互联网,5000-10000人,,,,推荐算法,,liepin,2026-07-22
推荐算法专家,上海,35-60k,35000.0,60000.0,本科,5-10年,5,10,叮咚买菜,新零售,1000-2000人,,,,推荐算法,,liepin,2026-07-22
资深推荐算法工程师-PUSH方向,上海,60-90k·16薪,60000.0,90000.0,本科,5-10年,5,10,某上海在线社交/媒体上市公司,在线社交/媒体,5000-10000人,已上市,,,推荐算法,,liepin,2026-07-22
推荐算法工程师-北上杭深,上海,40-60k·15薪,40000.0,60000.0,本科,经验不限,0,20,某知名公司,云计算/大数据,10000人以上,,,,推荐算法,,liepin,2026-07-22
推荐算法工程师,上海,25-35k,25000.0,35000.0,本科,3年以上,3,99,华钦科技,计算机软件,2000-5000人,,,,推荐算法,,liepin,2026-07-22
内容推荐算法工程师,上海,50-80k·16薪,50000.0,80000.0,硕士,3-5年,3,5,某上海大型互联网公司,在线社交/媒体,1000-2000人,,,,推荐算法,,liepin,2026-07-22
大模型推荐算法专家,深圳,50-80k·15薪,50000.0,80000.0,本科,5-10年,5,10,某深圳大型互联网公司,互联网,10000人以上,战略融资,,,推荐算法,,liepin,2026-07-22
资深搜索推荐算法工程师,杭州,30-50k,30000.0,50000.0,本科,3-10年,3,10,广州未来一手网络科技有限公司,电子商务,500-999人,C轮,,,推荐算法,,liepin,2026-07-22
内容推荐算法专家,深圳,35-65k·15薪,35000.0,65000.0,本科,4-8年,4,8,某大型知名互联网公司,互联网,10000人以上,战略融资,,,推荐算法,,liepin,2026-07-22
推荐算法工程师,上海,70-100k·16薪,70000.0,100000.0,本科,经验不限,0,20,某上海大型电子商务公司,电子商务,1000-2000人,,,,推荐算法,,liepin,2026-07-22
高级推荐算法工程师,杭州,50-80k·15薪,50000.0,80000.0,本科,5-10年,5,10,某深圳大型互联网公司,互联网,500-999人,融资未公开,,,推荐算法,,liepin,2026-07-22
推荐算法工程师,北京,30-60k·15薪,30000.0,60000.0,本科,3-5年,3,5,某北京人工智能公司,人工智能,50-99人,,,,推荐算法,,liepin,2026-07-22
高级推荐算法工程师,北京,30-60k·16薪,30000.0,60000.0,本科,3-5年,3,5,某人工智能公司,人工智能,50-99人,A轮,,,推荐算法,,liepin,2026-07-22
推荐算法专家 AI Agent,上海,70-85k,70000.0,85000.0,不限,5-10年,5,10,某深圳大型互联网公司,互联网,500-999人,融资未公开,,,推荐算法,,liepin,2026-07-22
E-生成式商品推荐算法专家-杭州/上海,上海,35-50k·16薪,35000.0,50000.0,硕士,3-5年,3,5,某上海生活服务O2O上市公司,生活服务O2O,10000人以上,已上市,,,推荐算法,,liepin,2026-07-22
推荐算法工程师,深圳,25-40k·16薪,25000.0,40000.0,本科,5-10年,5,10,荣耀终端股份有限公司,通信设备,10000人以上,,,,推荐算法,,liepin,2026-07-22
推荐算法工程师,上海,35-50k·16薪,35000.0,50000.0,硕士,3-10年,3,10,某国内大型基金/证券/期货公司,基金/证券/期货,5000-10000人,战略融资,,,推荐算法,,liepin,2026-07-22
推荐算法工程师（TA0011）,上海,35-65k·14薪,35000.0,65000.0,本科,5-10年,5,10,万得,科技金融,孙女士·人力资源伙伴(HRBP),,,,推荐算法,,liepin,2026-07-22
搜索推荐算法,杭州,50-80k·15薪,50000.0,80000.0,硕士,经验不限,0,20,某杭州科技金融上市公司,互联网,5000-10000人,已上市,,,推荐算法,,liepin,2026-07-22
推荐算法工程师,上海,35-65k·14薪,35000.0,65000.0,本科,5-10年,5,10,万得,科技金融,孙女士·人力资源伙伴(HRBP),,,,推荐算法,,liepin,2026-07-22
推荐算法,上海,40-65k·15薪,40000.0,65000.0,硕士,5-10年,5,10,某北京大型云计算/大数据公司,云计算/大数据,10000人以上,,,,推荐算法,,liepin,2026-07-22
大模型推荐算法专家,深圳,40-70k·15薪,40000.0,70000.0,硕士,5-10年,5,10,某深圳知名公司,互联网,10000人以上,战略融资,,,推荐算法,,liepin,2026-07-22
推荐算法专家,北京,50-75k·16薪,50000.0,75000.0,本科,5-10年,5,10,某北京科技金融上市公司,科技金融,500-999人,已上市,,,推荐算法,,liepin,2026-07-22
推荐算法工程师,杭州,35-65k,35000.0,65000.0,硕士,1-3年,1,3,台州鑫源铜业股份有限公司,金属冶炼,1-49人,,,,推荐算法,,liepin,2026-07-22
AI推荐算法工程师,杭州,10-25k·14薪,10000.0,25000.0,本科,3-5年,3,5,云憬(上海)科技有限公司,计算机软件,50-99人,,,,推荐算法,,liepin,2026-07-22
推荐算法工程师,上海,25-40k·13薪,25000.0,40000.0,本科,3-5年,3,5,九方智投,专业技术服务,蔡女士·招聘负责人,,,,推荐算法,,liepin,2026-07-22
搜索推荐算法工程师,深圳,20-30k·16薪,20000.0,30000.0,本科,3-5年,3,5,某深圳互联网医疗上市公司,互联网医疗,2000-5000人,已上市,,,推荐算法,,liepin,2026-07-22
资深推荐算法工程师（独角兽）,上海,40-70k·16薪,40000.0,70000.0,硕士,5-10年,5,10,某上海知名公司,在线社交/媒体,1000-2000人,,,,推荐算法,,liepin,2026-07-22
推荐算法工程师,上海,30-60k·17薪,30000.0,60000.0,本科,5-10年,5,10,万得,科技金融,甘女士·人事经理,,,,推荐算法,,liepin,2026-07-22
资深推荐算法工程师,北京,30-55k·15薪,30000.0,55000.0,本科,3-5年,3,5,滴滴,生活服务O2O,张先生·人力行政,,,,推荐算法,,liepin,2026-07-22
电商推荐算法工程师（外企无加班文化）,上海,25-40k,25000.0,40000.0,本科,3年以上,3,99,华钦科技,计算机软件,2000-5000人,,,,推荐算法,,liepin,2026-07-22
推荐算法工程师,杭州,35-50k,35000.0,50000.0,本科,5-10年,5,10,游戏,1000-2000人,,,,,推荐算法,,liepin,2026-07-22
推荐算法工程师,天津,30-40k,30000.0,40000.0,大专,3-5年,3,5,天津天狮生物发展有限公司,电子商务,2000-5000人,融资未公开,,,推荐算法,,liepin,2026-07-22
推荐算法开发专家(J41310),深圳,薪资面议,,,硕士,5年以上,5,99,聚好看科技股份有限公司,互联网,徐先生·人事管理,,,,推荐算法,,liepin,2026-07-22
推荐算法开发工程师(J41312),深圳,薪资面议,,,硕士,5年以上,5,99,聚好看科技股份有限公司,互联网,徐先生·人事管理,,,,推荐算法,,liepin,2026-07-22
推荐算法,北京,50-80k·16薪,50000.0,80000.0,硕士,3-5年,3,5,某北京知名互联网公司,互联网,100-499人,,,,推荐算法,,liepin,2026-07-22
推荐算法专家,深圳,60-90k,60000.0,90000.0,硕士,5-10年,5,10,某深圳大型互联网公司,互联网,500-999人,融资未公开,,,推荐算法,,liepin,2026-07-22
推荐算法工程师,上海,50-80k·14薪,50000.0,80000.0,硕士,经验不限,0,20,上海阅想教育科技有限公司,培训服务,1-49人,,,,推荐算法,,liepin,2026-07-22
搜索推荐算法工程师（研发领域）,合肥,15-25k·13薪,15000.0,25000.0,本科,1-3年,1,3,国轩高科,电气机械/器材,10000人以上,,,,推荐算法,,liepin,2026-07-22
推荐算法工程师,成都,20-30k·13薪,20000.0,30000.0,本科,3-5年,3,5,成都沃达宣智科技有限公司,人工智能,陈女士·HR负责人,天使轮,,,推荐算法,,liepin,2026-07-22
推荐算法工程师,上海,10-20k,10000.0,20000.0,本科,1-3年,1,3,爱搭AIda,人工智能,1-49人,战略融资,,,推荐算法,,liepin,2026-07-22
推荐算法专家,杭州,40-50k·13薪,40000.0,50000.0,本科,3-5年,3,5,慢慢买,电子商务,100-499人,,,,推荐算法,,liepin,2026-07-22
腾讯新闻-多模态大模型推荐算法负责人(北京) 年薪面议,北京,150-180k,150000.0,180000.0,不限,3-5年,3,5,某北京大型在线社交/媒体公司,在线社交/媒体,10000人以上,战略融资,,,推荐算法,,liepin,2026-07-22
蚂蚁集团-推荐算法专家-视频直播方向,北京,35-65k·16薪,35000.0,65000.0,硕士,3-5年,3,5,蚂蚁集团,科技金融,葛女士·人事管理主管,B轮,,,推荐算法,,liepin,2026-07-22
蚂蚁集团-推荐算法专家-视频直播方向,杭州,35-65k·16薪,35000.0,65000.0,硕士,3-5年,3,5,蚂蚁集团,科技金融,葛女士·人事管理主管,B轮,,,推荐算法,,liepin,2026-07-22
推荐算法高级工程师,北京,40-55k·16薪,40000.0,55000.0,本科,5-7年,5,7,某北京大型生活服务O2O公司,生活服务O2O,1000-2000人,,,,推荐算法,,liepin,2026-07-22
推荐算法,杭州,20-50k,20000.0,50000.0,本科,3-5年,3,5,游戏,1000-2000人,,,,,推荐算法,,liepin,2026-07-22
高级推荐算法工程师,深圳,60-80k,60000.0,80000.0,本科,经验不限,0,20,某知名公司,人力资源服务,1-49人,融资未公开,,,推荐算法,,liepin,2026-07-22
推荐算法工程师,上海,30-35k,30000.0,35000.0,本科,3年以上,3,99,华钦科技,计算机软件,2000-5000人,,,,推荐算法,,liepin,2026-07-22
推荐算法工程师,广州,30-50k,30000.0,50000.0,本科,3-5年,3,5,广州华银康医疗集团股份有限公司,医疗机构,5000-10000人,,,,推荐算法,,liepin,2026-07-22
推荐算法工程师,北京,25-40k·16薪,25000.0,40000.0,本科,5-10年,5,10,荣耀终端股份有限公司,通信设备,10000人以上,,,,推荐算法,,liepin,2026-07-22
推荐算法,上海,28-40k,28000.0,40000.0,本科,3-5年,3,5,瞬联软件科技,计算机软件,10000人以上,不需要融资,,,推荐算法,,liepin,2026-07-22
推荐算法工程师,深圳,30-50k,30000.0,50000.0,本科,5-10年,5,10,某上海大型互联网公司,互联网,1000-2000人,,,,推荐算法,,liepin,2026-07-22
资深推荐算法工程师,北京,40-60k,40000.0,60000.0,不限,经验不限,0,20,某知名公司,人力资源服务,50-99人,,,,推荐算法,,liepin,2026-07-22
推荐算法工程师,广州,15-20k,15000.0,20000.0,本科,经验不限,0,20,深圳星睿数智技术有限公司北京分公司,IT服务,1-49人,,,,推荐算法,,liepin,2026-07-22
短视频推荐算法工程师,金华,10-20k,10000.0,20000.0,本科,3年以上,3,99,大盛融资租赁有限公司,汽车交易/后市场,100-499人,融资未公开,,,推荐算法,,liepin,2026-07-22
推荐算法工程师,深圳,30-60k,30000.0,60000.0,本科,3-5年,3,5,BYD,新能源汽车,10000人以上,已上市,,,推荐算法,,liepin,2026-07-22
财富行业推荐算法,北京,40-70k·20薪,40000.0,70000.0,硕士,经验不限,0,20,京东科技集团,人工智能,10000人以上,,,,推荐算法,,liepin,2026-07-22
推荐算法,北京,29-40k,29000.0,40000.0,本科,3-5年,3,5,同道猎聘集团,互联网,2000-5000人,,,,推荐算法,,liepin,2026-07-22
推荐算法工程师,北京,15-30k,15000.0,30000.0,本科,1-3年,1,3,Baidu,互联网,10000人以上,,,,推荐算法,,liepin,2026-07-22
推荐算法专家,北京,40-70k,40000.0,70000.0,本科,5-10年,5,10,阿里巴巴集团,互联网,10000人以上,,,,推荐算法,,liepin,2026-07-22
daraz电商搜索推荐算法,杭州,15-30k,15000.0,30000.0,本科,经验不限,0,20,淘宝软件中国,电子商务,2000-5000人,B轮,,,推荐算法,,liepin,2026-07-22
内容推荐算法专家,深圳,50-80k,50000.0,80000.0,本科,3-5年,3,5,某深圳大型互联网公司,互联网,10000人以上,战略融资,,,推荐算法,,liepin,2026-07-22
内容推荐算法专家,深圳,50-80k·15薪,50000.0,80000.0,本科,5-10年,5,10,某深圳大型互联网公司,互联网,10000人以上,战略融资,,,推荐算法,,liepin,2026-07-22
推荐算法工程师,杭州,40-70k,40000.0,70000.0,不限,3-5年,3,5,某杭州计算机软件公司,计算机软件,100-499人,A轮,,,推荐算法,,liepin,2026-07-22
推荐算法工程师,上海,50-80k·15薪,50000.0,80000.0,硕士,5年以上,5,99,发未,学术/科研,50-99人,不需要融资,,,推荐算法,,liepin,2026-07-22
推荐算法负责人,香港,500-510k·16薪,500000.0,510000.0,博士,10年以上,10,99,某大型科技金融公司,科技金融,10000人以上,融资未公开,,,推荐算法,,liepin,2026-07-22
推荐算法负责人（北京上海新加坡）,北京,100-200k·15薪,100000.0,200000.0,本科,10年以上,10,99,某专业服务公司,咨询服务,1-49人,,,,推荐算法,,liepin,2026-07-22
推荐算法工程师,广州,35-50k,35000.0,50000.0,本科,3年以上,3,99,广州华银康医疗集团股份有限公司,医疗机构,5000-10000人,,,,推荐算法,,liepin,2026-07-22
推荐算法负责人,深圳,90-120k·16薪,90000.0,120000.0,本科,5-10年,5,10,某深圳大型电子商务公司,电子商务,5000-10000人,不需要融资,,,推荐算法,,liepin,2026-07-22
推荐算法工程师,南京,25-40k·16薪,25000.0,40000.0,本科,5-10年,5,10,荣耀终端股份有限公司,通信设备,10000人以上,,,,推荐算法,,liepin,2026-07-22
推荐算法工程师,武汉,40-70k·15薪,40000.0,70000.0,本科,1-3年,1,3,某武汉互联网公司,游戏,1000-2000人,B轮,,,推荐算法,,liepin,2026-07-22
视频推荐算法工程师,上海,70-75k,70000.0,75000.0,硕士,3-5年,3,5,某互联网公司,互联网,100-499人,融资未公开,,,推荐算法,,liepin,2026-07-22
推荐算法工程师,上海,30-60k·14薪,30000.0,60000.0,本科,3-5年,3,5,万得,科技金融,2000-5000人,,,,推荐算法,,liepin,2026-07-22
推荐算法工程师,上海,18-21k,18000.0,21000.0,本科,3-5年,3,5,达观数据,计算机软件,500-999人,C轮,,,推荐算法,,liepin,2026-07-22
推荐算法工程师/算法专家,杭州,35-55k·16薪,35000.0,55000.0,本科,3年以上,3,99,Urbanic,电子商务,500-999人,C轮,,,推荐算法,,liepin,2026-07-22
推荐算法工程师-K6356N,深圳,40-80k,40000.0,80000.0,本科,3-5年,3,5,vivo,互联网,10000人以上,,,,推荐算法,,liepin,2026-07-22
推荐算法工程师-G3908F,北京,50-70k,50000.0,70000.0,本科,5-10年,5,10,vivo,互联网,10000人以上,,,,推荐算法,,liepin,2026-07-22
推荐算法开发工程师(J37309),青岛,薪资面议,,,硕士,5年以上,5,99,聚好看科技股份有限公司,互联网,徐先生·人事管理,,,,推荐算法,,liepin,2026-07-22
推荐算法工程师,北京,30-60k·15薪,30000.0,60000.0,本科,3年以上,3,99,某知名公司,其他商务服务业,,,,,推荐算法,,liepin,2026-07-22
推荐算法专家,北京,35-60k,35000.0,60000.0,本科,3-5年,3,5,天擎丽源,互联网,1000-2000人,融资未公开,,,推荐算法,,liepin,2026-07-22
高级推荐算法工程师,上海,30-45k·14薪,30000.0,45000.0,本科,3年以上,3,99,居然设计家,互联网,100-499人,,,,推荐算法,,liepin,2026-07-22
推荐算法专家（广告业务）,北京,50-80k,50000.0,80000.0,本科,5-10年,5,10,vivo,互联网,10000人以上,,,,推荐算法,,liepin,2026-07-22
推荐算法专家,南京,60-90k,60000.0,90000.0,本科,6年以上,6,99,vivo,互联网,10000人以上,,,,推荐算法,,liepin,2026-07-22
推荐算法专家（广告业务）,深圳,50-80k,50000.0,80000.0,本科,5-10年,5,10,vivo,互联网,10000人以上,,,,推荐算法,,liepin,2026-07-22
推荐算法工程师-远程办公,北京,65-80k·16薪,65000.0,80000.0,本科,经验不限,0,20,某资讯类外资独角兽科技公司,文娱/内容平台,100-499人,融资未公开,,,推荐算法,,liepin,2026-07-22
推荐算法工程师,北京,30-40k,30000.0,40000.0,本科,1-3年,1,3,天津天狮生物发展有限公司,电子商务,2000-5000人,融资未公开,,,推荐算法,,liepin,2026-07-22
腾讯视频-推荐算法工程师(北京),北京,30-60k·15薪,30000.0,60000.0,本科,3-5年,3,5,腾讯,互联网,彭先生·人才猎聘经理,,,,推荐算法,,liepin,2026-07-22
高级推荐算法工程师,北京,25-50k·15薪,25000.0,50000.0,本科,经验不限,0,20,58同城,互联网,10000人以上,,,,推荐算法,,liepin,2026-07-22
推荐算法工程师,北京,20-40k·16薪,20000.0,40000.0,本科,经验不限,0,20,百度网讯,互联网,10000人以上,,,,推荐算法,,liepin,2026-07-22
口碑-推荐算法专家,北京,30-60k,30000.0,60000.0,硕士,3-5年,3,5,阿里巴巴集团,互联网,10000人以上,,,,推荐算法,,liepin,2026-07-22
推荐算法/大模型,北京,40-60k,40000.0,60000.0,不限,3-5年,3,5,某知名互联网公司,互联网/电商,10000人以上,已上市,,,推荐算法,,liepin,2026-07-22
推荐算法工程师,北京,30-60k·14薪,30000.0,60000.0,本科,5-10年,5,10,用友网络科技股份有限公司,计算机软件,10000人以上,已上市,,,推荐算法,,liepin,2026-07-22
推荐算法、AI搜索,北京,40-70k·16薪,40000.0,70000.0,硕士,3-5年,3,5,某上海大型互联网公司,互联网,10000人以上,融资未公开,,,推荐算法,,liepin,2026-07-22
推荐算法工程师,西安,30-50k,30000.0,50000.0,本科,3-5年,3,5,西安立辰远景信息技术有限公司,计算机软件,1-49人,融资未公开,,,推荐算法,,liepin,2026-07-22
得物-推荐算法专家-用增（上海/杭州）(A257502),上海,35-65k·16薪,35000.0,65000.0,本科,2年以上,2,99,得物,互联网,10000人以上,,,,推荐算法,,liepin,2026-07-22
推荐算法工程师,上海,30-60k,30000.0,60000.0,本科,3-5年,3,5,Soul APP,在线社交/媒体,奚先生·招聘负责人,,,,推荐算法,,liepin,2026-07-22
推荐算法,金华,10-15k,10000.0,15000.0,本科,3-5年,3,5,大盛融资租赁有限公司,汽车交易/后市场,100-499人,融资未公开,,,推荐算法,,liepin,2026-07-22
推荐算法工程师（SH）,上海,30-60k·16薪,30000.0,60000.0,硕士,3年以上,3,99,Soul APP,在线社交/媒体,1000-2000人,,,,推荐算法,,liepin,2026-07-22
推荐算法专家,上海,20-50k,20000.0,50000.0,本科,3-5年,3,5,卓易科技,互联网,邢女士·人事经理,,,,推荐算法,,liepin,2026-07-22
高级推荐算法工程师,上海,20-30k,20000.0,30000.0,本科,5-10年,5,10,达观数据,计算机软件,500-999人,C轮,,,推荐算法,,liepin,2026-07-22
推荐算法工程师,广州,35-50k·16薪,35000.0,50000.0,硕士,2年以上,2,99,广州智品网络科技有限公司,互联网,黎先生·人事助理,,,,推荐算法,,liepin,2026-07-22
推荐算法专家,北京,50-70k·14薪,50000.0,70000.0,硕士,8年以上,8,99,爱奇艺,互联网,5000-10000人,,,,推荐算法,,liepin,2026-07-22
推荐算法工程师,深圳,18-25k,18000.0,25000.0,本科,3-5年,3,5,微创软件,计算机软件,朱女士·人事专员,,,,推荐算法,,liepin,2026-07-22
推荐算法,杭州,30-50k·16薪,30000.0,50000.0,本科,3-5年,3,5,支付宝支付科技有限公司,科技金融,10000人以上,融资未公开,,,推荐算法,,liepin,2026-07-22
高级推荐算法工程师,北京,30-50k·16薪,30000.0,50000.0,本科,1-3年,1,3,Baidu,互联网,10000人以上,,,,推荐算法,,liepin,2026-07-22
华为2025校招-推荐算法,南京,20-40k·16薪,20000.0,40000.0,本科,经验不限,0,20,华为,通信设备,10000人以上,,,,推荐算法,,liepin,2026-07-22
推荐算法高级工程师,北京,25-40k·16薪,25000.0,40000.0,本科,3-5年,3,5,途家网,互联网,500-999人,,,,推荐算法,,liepin,2026-07-22
推荐算法工程师,东莞,15-45k·14薪,15000.0,45000.0,硕士,1-3年,1,3,华为云计算技术有限公司,计算机软件,10000人以上,不需要融资,,,推荐算法,,liepin,2026-07-22
［社招］百度APP信息流推荐算法,北京,27-50k·16薪,27000.0,50000.0,本科,经验不限,0,20,Baidu,互联网,10000人以上,,,,推荐算法,,liepin,2026-07-22
推荐算法工程师,北京,35-60k·18薪,35000.0,60000.0,本科,3-5年,3,5,浙江英图信息科技有限公司,互联网,100-499人,战略融资,,,推荐算法,,liepin,2026-07-22
资深推荐算法工程师,北京,50-80k,50000.0,80000.0,硕士,5-10年,5,10,伊对,在线社交/媒体,100-499人,B轮,,,推荐算法,,liepin,2026-07-22
推荐算法机器学习工程师,北京,25-40k·15薪,25000.0,40000.0,本科,3-5年,3,5,滴滴,生活服务O2O,5000-10000人,,,,推荐算法,,liepin,2026-07-22
Data Scientist (数据科学家),上海,30-50k·14薪,30000.0,50000.0,硕士,3年以上,3,99,某上海制药上市公司,制药,5000-10000人,已上市,,,数据科学家,,liepin,2026-07-22
初级数据科学家,上海,20-40k,20000.0,40000.0,本科,2-7年,2,7,医药魔方,制药,100-499人,B轮,,,数据科学家,,liepin,2026-07-22
数据科学家(量化私募),上海,30-60k·16薪,30000.0,60000.0,本科,3-5年,3,5,某上海基金/证券/期货公司,基金/证券/期货,50-99人,融资未公开,,,数据科学家,,liepin,2026-07-22
Data Scientist  AI数据科学家,苏州,70-100k·13薪,70000.0,100000.0,本科,5-10年,5,10,某知名公司,人力资源服务,100-499人,,,,数据科学家,,liepin,2026-07-22
数据科学家,北京,20-35k·14薪,20000.0,35000.0,本科,1-7年,1,7,医药魔方,制药,100-499人,B轮,,,数据科学家,,liepin,2026-07-22
数据科学家-搜索推荐-上海/北京,上海,25-50k·16薪,25000.0,50000.0,本科,3-6年,3,6,淘宝闪购,生活服务O2O,10000人以上,,,,数据科学家,,liepin,2026-07-22
数据科学家/Data Scientist(J11555),上海,薪资面议,,,本科,5-10年,5,10,镁信健康,互联网,陆先生·人力资源,C轮,,,数据科学家,,liepin,2026-07-22
（首席）数据科学家-某银行-上海,上海,60-80k,60000.0,80000.0,硕士,5-10年,5,10,某大型世界500强银行公司,银行,5000-10000人,已上市,,,数据科学家,,liepin,2026-07-22
数据科学家 Data Scientist - Beijing,北京,11-15k·13薪,11000.0,15000.0,本科,经验不限,0,20,IQVIA 艾昆纬,医疗器械,沈女士·人力资源专员,,,,数据科学家,,liepin,2026-07-22
数据科学家,上海,50-80k·15薪,50000.0,80000.0,本科,2-8年,2,8,某上海专业技术服务公司,咨询服务,100-499人,融资未公开,,,数据科学家,,liepin,2026-07-22
数据科学家,上海,15-20k,15000.0,20000.0,本科,1年以上,1,99,微创(上海)网络技术有限公司,计算机软件,10000人以上,A轮,,,数据科学家,,liepin,2026-07-22
数据科学家/研究员,深圳,35-55k·14薪,35000.0,55000.0,硕士,1-3年,1,3,某人工智能软件独角兽,计算机软件,500-999人,C轮,,,数据科学家,,liepin,2026-07-22
资深前台数据科学家-科技链方向,佛山,30-40k·13薪,30000.0,40000.0,本科,5年以上,5,99,海天味业,食品/饮料/酒水,5000-10000人,,,,数据科学家,,liepin,2026-07-22
数据科学家-上海or北京,上海,55-70k·15薪,55000.0,70000.0,硕士,5-10年,5,10,某知名上市公司,生活服务O2O,10000人以上,已上市,,,数据科学家,,liepin,2026-07-22
数据科学家,上海,26-45k·13薪,26000.0,45000.0,本科,2年以上,2,99,某上海互联网公司,互联网,,,,,数据科学家,,liepin,2026-07-22
高级数据科学家,深圳,70-90k·13薪,70000.0,90000.0,本科,10年以上,10,99,某深圳世界500强公司,批发/零售,10000人以上,不需要融资,,,数据科学家,,liepin,2026-07-22
数据科学家(A01644),上海,60-90k·13薪,60000.0,90000.0,硕士,5-10年,5,10,NIO蔚来,新能源汽车,10000人以上,,,,数据科学家,,liepin,2026-07-22
数据科学家,上海,40-70k·18薪,40000.0,70000.0,不限,3-5年,3,5,某上海基金/证券/期货公司,基金/证券/期货,50-99人,融资未公开,,,数据科学家,,liepin,2026-07-22
数据科学家-商业化-p6/p7/p8均需要,上海,30-60k·15薪,30000.0,60000.0,本科,1年以上,1,99,某北京大型互联网公司,在线社交/媒体,10000人以上,融资未公开,,,数据科学家,,liepin,2026-07-22
数据科学家,上海,300-450k,300000.0,450000.0,本科,10年以上,10,99,某上海世界500强公司,银行,10000人以上,已上市,,,数据科学家,,liepin,2026-07-22
toc数据科学家,杭州,50-80k,50000.0,80000.0,本科,3-5年,3,5,某杭州互联网上市公司,电子商务,10000人以上,已上市,,,数据科学家,,liepin,2026-07-22
高级数据科学家-实验科学与分析,上海,30-60k·16薪,30000.0,60000.0,本科,5-10年,5,10,淘宝闪购,生活服务O2O,10000人以上,,,,数据科学家,,liepin,2026-07-22
非常紧急-数据科学家-商业化核心团队,上海,45-75k·15薪,45000.0,75000.0,本科,3-5年,3,5,某北京大型云计算/大数据公司,云计算/大数据,10000人以上,,,,数据科学家,,liepin,2026-07-22
高级数据科学家,北京,40-70k·15薪,40000.0,70000.0,硕士,5年以上,5,99,深圳东壁科技数据有限责任公司,云计算/大数据,柳女士·人事经理,,,,数据科学家,,liepin,2026-07-22
高级数据科学家-实验科学与分析,上海,30-60k·16薪,30000.0,60000.0,本科,5年以上,5,99,某上海大型生活服务O2O公司,生活服务O2O,10000人以上,,,,数据科学家,,liepin,2026-07-22
首席数据科学家（万人企业）,上海,200-400k,200000.0,400000.0,硕士,10年以上,10,99,某上海大型银行公司,银行,10000人以上,已上市,,,数据科学家,,liepin,2026-07-22
数据科学家（人才数据方向）,上海,20-40k·15薪,20000.0,40000.0,不限,5-10年,5,10,某上海互联网上市公司,互联网,10000人以上,已上市,,,数据科学家,,liepin,2026-07-22
数据科学家（策略部门）,上海,30-60k·15薪,30000.0,60000.0,博士,经验不限,0,20,某知名公司,专业技术服务,50-99人,融资未公开,,,数据科学家,,liepin,2026-07-22
大数据科学家,西安,28-50k,28000.0,50000.0,博士,经验不限,0,20,某西安大型轨道交通/船舶设备公司,轨道交通/船舶设备,5000-10000人,战略融资,,,数据科学家,,liepin,2026-07-22
数据科学家-ADME,杭州,12-20k,12000.0,20000.0,本科,经验不限,0,20,德睿智药,制药,姚女士·人力资源经理,A轮,,,数据科学家,,liepin,2026-07-22
数据科学家（智能穿戴产品）(A209958),上海,25-45k·14薪,25000.0,45000.0,本科,5年以上,5,99,NIO蔚来,新能源汽车,蒋女士·人才招募,,,,数据科学家,,liepin,2026-07-22
数据科学家~头部量化~薪资open~base上海北京深圳香港,上海,60-90k·18薪,60000.0,90000.0,本科,1-3年,1,3,某北京基金/证券/期货公司,基金/证券/期货,100-499人,融资未公开,,,数据科学家,,liepin,2026-07-22
人工智能与大语言模型（LLM）数据科学家,上海,21-35k·13薪,21000.0,35000.0,硕士,经验不限,0,20,凯捷咨询(中国)有限公司,IT服务,5000-10000人,,,LLM/大模型,数据科学家,,liepin,2026-07-22
数据科学家（出差上海）,成都,15-20k·14薪,15000.0,20000.0,本科,3-5年,3,5,某上海大型保险公司,保险,1000-2000人,,,,数据科学家,,liepin,2026-07-22
数据科学家（营销增效）,北京,70-100k·15薪,70000.0,100000.0,本科,5-10年,5,10,某北京在线社交/媒体公司,在线社交/媒体,100-499人,B轮,,,数据科学家,,liepin,2026-07-22
数据科学家/AI产品经理,深圳,30-50k·16薪,30000.0,50000.0,本科,经验不限,0,20,某大型世界500强批发/零售公司,批发/零售,10000人以上,不需要融资,,,数据科学家,,liepin,2026-07-22
资深数据科学家,上海,26-35k,26000.0,35000.0,不限,5-10年,5,10,某上海大型人工智能公司,人工智能,10000人以上,融资未公开,,,数据科学家,,liepin,2026-07-22
资深数据科学家-抖音,北京,35-60k,35000.0,60000.0,本科,5-10年,5,10,字节跳动,互联网,10000人以上,,,,数据科学家,,liepin,2026-07-22
AI数据科学家,苏州,40-50k·14薪,40000.0,50000.0,硕士,5年以上,5,99,纯寻智能科技(苏州)有限公司,科技推广服务,,,,,数据科学家,,liepin,2026-07-22
高级数据科学家,北京,200-240k·15薪,200000.0,240000.0,本科,10年以上,10,99,某北京大型互联网公司,互联网,10000人以上,,,,数据科学家,,liepin,2026-07-22
数据科学家（增效度量方向）-对标字节3-1/3-2-北京、深圳,北京,50-80k·16薪,50000.0,80000.0,不限,5-10年,5,10,某北京在线社交/媒体公司,在线社交/媒体,100-499人,B轮,,,数据科学家,,liepin,2026-07-22
数据科学家,深圳,55-80k·14薪,55000.0,80000.0,本科,8年以上,8,99,某上海咨询服务公司,咨询服务,100-499人,融资未公开,,,数据科学家,,liepin,2026-07-22
AI数据科学家   英语面试   动态图像处理  小规模外资,苏州,55-80k·15薪,55000.0,80000.0,硕士,10年以上,10,99,某苏州机械/设备公司,机械/设备,100-499人,融资未公开,,,数据科学家,,liepin,2026-07-22
AI医学数据科学家,天津,25-40k,25000.0,40000.0,硕士,5-10年,5,10,某知名公司,专业技术服务,1-49人,,,,数据科学家,,liepin,2026-07-22
首席数据官/数据科学家/大数据总监,雄安新区,90-120k,90000.0,120000.0,硕士,8年以上,8,99,某国内IT服务公司,IT服务,100-499人,融资未公开,,,数据科学家,,liepin,2026-07-22
高级数据科学家-实验科学与分析（上海/北京）,上海,50-80k·16薪,50000.0,80000.0,硕士,5-10年,5,10,某上海生活服务O2O上市公司,生活服务O2O,10000人以上,已上市,,,数据科学家,,liepin,2026-07-22
具身机器人行业【数据科学家】-北京/苏州/美国硅谷,北京,65-85k·15薪,65000.0,85000.0,本科,5-10年,5,10,某成都IT服务公司,IT服务,,,,,数据科学家,,liepin,2026-07-22
数据科学家（生物医药）,上海,20-50k·14薪,20000.0,50000.0,硕士,3年以上,3,99,希格生科(深圳)有限公司,制药,50-99人,A轮,,,数据科学家,,liepin,2026-07-22
数据科学家（销量预测方向）,上海,25-30k·13薪,25000.0,30000.0,本科,3-5年,3,5,某上海大型珠宝/首饰公司,珠宝/首饰,1000-2000人,融资未公开,,,数据科学家,,liepin,2026-07-22
数据科学家-Commodity Trading,北京,40-55k·13薪,40000.0,55000.0,本科,5-10年,5,10,Michael Page,人力资源服务,5000-10000人,,,,数据科学家,,liepin,2026-07-22
数据科学家,上海,45-55k,45000.0,55000.0,本科,5-10年,5,10,某上海大型日化公司,日化,500-999人,战略融资,,,数据科学家,,liepin,2026-07-22
非常紧急-数据科学家-商业化核心团队,北京,45-75k·15薪,45000.0,75000.0,本科,3-5年,3,5,某北京大型云计算/大数据公司,云计算/大数据,10000人以上,,,,数据科学家,,liepin,2026-07-22
数据科学家/数据分析,上海,45-70k·13薪,45000.0,70000.0,不限,经验不限,0,20,某大型游戏公司,游戏,5000-10000人,,,,数据科学家,,liepin,2026-07-22
数据科学家（一周2-3天）,上海,18-25k,18000.0,25000.0,本科,3-5年,3,5,摩芮思科技咨询,咨询服务,100-499人,不需要融资,,,数据科学家,,liepin,2026-07-22
高级数据科学家-实验科学与分析（上海/北京）,上海,35-55k·16薪,35000.0,55000.0,硕士,5-10年,5,10,某上海生活服务O2O上市公司,生活服务O2O,10000人以上,已上市,,,数据科学家,,liepin,2026-07-22
数据科学家,上海,30-50k·15薪,30000.0,50000.0,本科,经验不限,0,20,字节跳动,互联网,10000人以上,,,,数据科学家,,liepin,2026-07-22
数据科学家/AI(J10796),绍兴,薪资面议,,,硕士,1年以上,1,99,芯联集成电路制造股份有限公司,电子/半导体/集成电路,2000-5000人,,,,数据科学家,,liepin,2026-07-22
高级数据科学家-实验科学与分析,北京,30-60k·16薪,30000.0,60000.0,本科,5年以上,5,99,某上海大型生活服务O2O公司,生活服务O2O,10000人以上,,,,数据科学家,,liepin,2026-07-22
数据科学家（头部量化，不卷996）,深圳,50-80k·16薪,50000.0,80000.0,本科,经验不限,0,20,某深圳基金/证券/期货公司,基金/证券/期货,100-499人,融资未公开,,,数据科学家,,liepin,2026-07-22
AI 数据科学家,上海,25-50k·15薪,25000.0,50000.0,不限,3-5年,3,5,某大型汽车公司,汽车零部件及配件,10000人以上,融资未公开,,,数据科学家,,liepin,2026-07-22
AI数据科学家,苏州,20-40k,20000.0,40000.0,本科,5-10年,5,10,某苏州机械/设备公司,机械/设备,100-499人,融资未公开,,,数据科学家,,liepin,2026-07-22
AI 数据科学家,苏州,25-40k,25000.0,40000.0,本科,5-10年,5,10,某苏州电气机械/器材公司,机械/设备,100-499人,融资未公开,,,数据科学家,,liepin,2026-07-22
数据科学家,杭州,55-85k·15薪,55000.0,85000.0,不限,5-10年,5,10,某大型互联网公司,互联网,10000人以上,融资未公开,,,数据科学家,,liepin,2026-07-22
数据科学家,香港,35-55k·14薪,35000.0,55000.0,硕士,1-3年,1,3,某人工智能软件独角兽,计算机软件,500-999人,C轮,,,数据科学家,,liepin,2026-07-22
数据科学家/Data Scientist,广州,30-50k·14薪,30000.0,50000.0,硕士,7年以上,7,99,友邦资讯科技(广州)有限公司,计算机软件,2000-5000人,,,,数据科学家,,liepin,2026-07-22
数据科学家 Data Scientist - Beijing,北京,11-18k·13薪,11000.0,18000.0,硕士,1-3年,1,3,IQVIA 艾昆纬,医疗器械,1000-2000人,,,,数据科学家,,liepin,2026-07-22
AI数据科学家,苏州,30-60k·14薪,30000.0,60000.0,硕士,5年以上,5,99,乌斯特技术(中国)有限公司,机械/设备,100-499人,,,,数据科学家,,liepin,2026-07-22
数据科学家-杭州,杭州,30-60k·15薪,30000.0,60000.0,本科,5-10年,5,10,某大型知名互联网公司,电子商务,10000人以上,已上市,,,数据科学家,,liepin,2026-07-22
首席数据科学家,上海,300-350k,300000.0,350000.0,本科,10年以上,10,99,某北京大型银行公司,银行,10000人以上,已上市,,,数据科学家,,liepin,2026-07-22
数据科学家,北京,30-60k·15薪,30000.0,60000.0,本科,3-10年,3,10,某北京基金/证券/期货公司,基金/证券/期货,100-499人,融资未公开,,,数据科学家,,liepin,2026-07-22
高级数据科学家,上海,60-90k·14薪,60000.0,90000.0,硕士,5年以上,5,99,某上海生活服务O2O上市公司,生活服务O2O,10000人以上,已上市,,,数据科学家,,liepin,2026-07-22
数据分析/商业分析/数据科学家专家和leader岗位,北京,50-80k·16薪,50000.0,80000.0,本科,5-10年,5,10,某知名公司,计算机软件,100-499人,融资未公开,,,数据科学家,,liepin,2026-07-22
数据科学家（人才数据方向） (MJ035732),上海,25-35k·14薪,25000.0,35000.0,本科,3-5年,3,5,携程集团,互联网,10000人以上,,,,数据科学家,,liepin,2026-07-22
数据分析/商业分析/数据科学家专家和leader岗位,深圳,60-90k·16薪,60000.0,90000.0,不限,5-10年,5,10,某知名公司,计算机软件,100-499人,融资未公开,,,数据科学家,,liepin,2026-07-22
首席大数据科学家/首席数据官（央企）,广州,100-200k,100000.0,200000.0,硕士,10年以上,10,99,某知名通信运营商企业,通信基础设施,5000-10000人,融资未公开,,,数据科学家,,liepin,2026-07-22
数据科学家,上海,60-75k,60000.0,75000.0,不限,经验不限,0,20,某上海制药上市公司,制药,5000-10000人,已上市,,,数据科学家,,liepin,2026-07-22
数据科学家（新能源行业）,杭州,35-55k·15薪,35000.0,55000.0,硕士,经验不限,0,20,某大型互联网企业,专业服务,500-999人,,,,数据科学家,,liepin,2026-07-22
数据科学家（新能源行业）,上海,35-55k·15薪,35000.0,55000.0,硕士,经验不限,0,20,某大型互联网企业,专业服务,500-999人,,,,数据科学家,,liepin,2026-07-22
数据科学家-国企,北京,65-95k,65000.0,95000.0,本科,5-10年,5,10,某北京电子商务公司,互联网,100-499人,融资未公开,,,数据科学家,,liepin,2026-07-22
数据科学家,上海,薪资面议,,,本科,5年以上,5,99,普洛斯,其他金融,1000-2000人,,,,数据科学家,,liepin,2026-07-22
游戏数据科学家,北京,40-70k·16薪,40000.0,70000.0,本科,5-10年,5,10,某北京知名公司,专业技术服务,1-49人,战略融资,,,数据科学家,,liepin,2026-07-22
数据科学家负责人,上海,100-130k·15薪,100000.0,130000.0,本科,10年以上,10,99,某杭州互联网上市公司,电子商务,10000人以上,已上市,,,数据科学家,,liepin,2026-07-22
数据科学家（AI数据与模型服务）,上海,100-200k·16薪,100000.0,200000.0,博士,5年以上,5,99,数传集团,互联网,王女士·人事经理,C轮,,,数据科学家,,liepin,2026-07-22
数据科学家/Data Scientist,成都,30-50k·14薪,30000.0,50000.0,硕士,7年以上,7,99,友邦资讯科技(广州)有限公司,计算机软件,2000-5000人,,,,数据科学家,,liepin,2026-07-22
数据科学家,上海,70-90k·13薪,70000.0,90000.0,硕士,3-5年,3,5,某上海咨询服务公司,咨询服务,100-499人,融资未公开,,,数据科学家,,liepin,2026-07-22
首席数据科学家（数据经营运营领域）-上海,上海,50-70k,50000.0,70000.0,硕士,10年以上,10,99,某世界500强银行上市公司,银行,5000-10000人,已上市,,,数据科学家,,liepin,2026-07-22
AI数据科学家（Xcode方向）,杭州,200-400k·15薪,200000.0,400000.0,硕士,10年以上,10,99,某杭州大型互联网公司,互联网,2000-5000人,,,,数据科学家,,liepin,2026-07-22
数据科学家—BJ,北京,18-30k,18000.0,30000.0,硕士,1-3年,1,3,深演智能,互联网,100-499人,,,,数据科学家,,liepin,2026-07-22
数据科学家-base北上,北京,40-60k·16薪,40000.0,60000.0,本科,经验不限,0,20,某知名公司,计算机软件,100-499人,融资未公开,,,数据科学家,,liepin,2026-07-22
数据科学家-地理位置中台,上海,26-45k,26000.0,45000.0,本科,3-5年,3,5,字节跳动,互联网,10000人以上,,,,数据科学家,,liepin,2026-07-22
Data Scientist/数据科学家,上海,70-100k·14薪,70000.0,100000.0,本科,5年以上,5,99,WHITECROW RESEARCH PTE. LTD.,人力资源服务,100-499人,,,,数据科学家,,liepin,2026-07-22
国际化数据科学家/数据分析师 - 中小企业增长,上海,50-80k·15薪,50000.0,80000.0,本科,5-10年,5,10,字节跳动,互联网,10000人以上,,,,数据科学家,,liepin,2026-07-22
数据科学家（AB测+数据分析）·博士优先·500强外企,深圳,50-80k,50000.0,80000.0,博士,经验不限,0,20,某深圳大型批发/零售公司,批发/零售,10000人以上,不需要融资,,,数据科学家,,liepin,2026-07-22
数据科学家-上海/北京,北京,40-60k·16薪,40000.0,60000.0,本科,5-10年,5,10,某上海大型O2O服务公司,生活服务O2O,10000人以上,,,,数据科学家,,liepin,2026-07-22
Data Scientist 数据科学家,上海,薪资面议,,,硕士,3-5年,3,5,曼合普(上海)管理咨询有限公司,专业技术服务,100-499人,,,,数据科学家,,liepin,2026-07-22
数据科学家,北京,30-50k·14薪,30000.0,50000.0,不限,10年以上,10,99,某电力/热力/燃气/水务公司,电力/热力/燃气/水务,1-49人,,,,数据科学家,,liepin,2026-07-22
熵-数据科学家(J10050),北京,30-50k,30000.0,50000.0,硕士,5-10年,5,10,北京热景生物技术股份有限公司,生物技术,赵女士·人力资源专员,,,,数据科学家,,liepin,2026-07-22
高级数据科学家,上海,25-45k,25000.0,45000.0,硕士,3-5年,3,5,也识科技,互联网,1-49人,,,,数据科学家,,liepin,2026-07-22
数据科学家-地理位置中台,北京,26-45k,26000.0,45000.0,本科,3-5年,3,5,字节跳动,互联网,10000人以上,,,,数据科学家,,liepin,2026-07-22
高级数据科学家-实验科学与分析,上海,40-70k,40000.0,70000.0,本科,3-5年,3,5,某上海大型生活服务O2O公司,生活服务O2O,10000人以上,,,,数据科学家,,liepin,2026-07-22
数据科学家（头部量化）,上海,60-90k·14薪,60000.0,90000.0,本科,经验不限,0,20,某深圳基金/证券/期货公司,基金/证券/期货,100-499人,融资未公开,,,数据科学家,,liepin,2026-07-22
数据科学家（数据管理部 副总经理）,上海,80-110k,80000.0,110000.0,本科,10年以上,10,99,某北京大型银行公司,银行,10000人以上,已上市,,,数据科学家,,liepin,2026-07-22
顶级外资量化机构—数据科学家,上海,150-300k,150000.0,300000.0,不限,经验不限,0,20,某知名公司,咨询服务,100-499人,,,,数据科学家,,liepin,2026-07-22
数据科学家,上海,30-60k·14薪,30000.0,60000.0,硕士,5-10年,5,10,某上海制药上市公司,制药,5000-10000人,已上市,,,数据科学家,,liepin,2026-07-22
数据科学家/AI工程师,北京,薪资面议,,,硕士,经验不限,0,20,EDF(中国)投资有限公司,电力/热力/燃气/水务,1000-2000人,不需要融资,,,数据科学家,,liepin,2026-07-22
数据科学家-商业化-p6/p7/p8均需要,北京,30-60k·15薪,30000.0,60000.0,本科,1年以上,1,99,某北京大型互联网公司,在线社交/媒体,10000人以上,融资未公开,,,数据科学家,,liepin,2026-07-22
数据科学家,上海,60-90k·24薪,60000.0,90000.0,本科,5-7年,5,7,某上海人工智能公司,人工智能,500-999人,,,,数据科学家,,liepin,2026-07-22
数据科学家,北京,40-70k·15薪,40000.0,70000.0,本科,3年以上,3,99,北京多多迦游信息技术有限公司,游戏,500-999人,,,,数据科学家,,liepin,2026-07-22
Data Scientist (数据科学家) (MJ009009),上海,30-50k,30000.0,50000.0,不限,经验不限,0,20,药明生物,制药,10000人以上,,,,数据科学家,,liepin,2026-07-22
AI 数据科学家 – 计算器视觉 & ADC (Entry-Level Welcomed),上海,15-18k·13薪,15000.0,18000.0,硕士,经验不限,0,20,雷傣光电科技(上海)有限公司,电子/半导体/集成电路,50-99人,,,,数据科学家,,liepin,2026-07-22
数据科学家（建模+机器学习）,上海,25-35k·13薪,25000.0,35000.0,本科,5-8年,5,8,凯捷咨询(中国)有限公司,IT服务,5000-10000人,,,,数据科学家,,liepin,2026-07-22
数据科学家·博士·零售行业落地经验,深圳,50-80k,50000.0,80000.0,博士,经验不限,0,20,某深圳大型批发/零售公司,批发/零售,10000人以上,不需要融资,,,数据科学家,,liepin,2026-07-22
助理数据科学家（深圳）,深圳,薪资面议,,,不限,3-5年,3,5,国泰航空,航空/航天设备,500-999人,,,,数据科学家,,liepin,2026-07-22
国际化数据科学家/数据分析师 - 广告策略方向,上海,50-80k·15薪,50000.0,80000.0,本科,5-10年,5,10,字节跳动,互联网,10000人以上,,,,数据科学家,,liepin,2026-07-22
数据科学家- SH,上海,20-40k,20000.0,40000.0,硕士,3-5年,3,5,深演智能,互联网,100-499人,,,,数据科学家,,liepin,2026-07-22
数据科学家（国企职位）,雄安新区,60-90k,60000.0,90000.0,硕士,10年以上,10,99,雄安人才发展集团有限公司,人力资源服务,50-99人,,,,数据科学家,,liepin,2026-07-22
数据分析师/数据科学家,深圳,80-85k·14薪,80000.0,85000.0,本科,3-5年,3,5,成都寰徒信息技术有限公司,IT服务,1-49人,,,,数据科学家,,liepin,2026-07-22
数据科学家（用户增长方向）,北京,30-60k·15薪,30000.0,60000.0,本科,3-10年,3,10,北京多多迦游信息技术有限公司,游戏,500-999人,,,,数据科学家,,liepin,2026-07-22
Data Scientist 数据科学家,上海,35-65k,35000.0,65000.0,硕士,经验不限,0,20,药明生物,制药,10000人以上,,,,数据科学家,,liepin,2026-07-22
NGS生信数据分析科学家,杭州,10-20k,10000.0,20000.0,硕士,1-3年,1,3,科百特,制药,申先生·病毒清除实验室负责人,不需要融资,,,数据科学家,,liepin,2026-07-22
数据科学家,北京,30-60k·15薪,30000.0,60000.0,本科,5年以上,5,99,北京多多迦游信息技术有限公司,游戏,500-999人,,,,数据科学家,,liepin,2026-07-22
数据分析科学家（世界500强）,北京,80-100k,80000.0,100000.0,本科,5-10年,5,10,某国内学术/科研公司,学术/科研,,,,,数据科学家,,liepin,2026-07-22
数据科学家,深圳,60-75k·14薪,60000.0,75000.0,硕士,5-10年,5,10,某上海咨询服务公司,咨询服务,100-499人,融资未公开,,,数据科学家,,liepin,2026-07-22
数据分析师/数据科学家,深圳,薪资面议,,,硕士,3年以上,3,99,沃尔玛中国,批发/零售,10000人以上,,,,数据科学家,,liepin,2026-07-22
数据科学家（投放增长）,北京,40-70k·15薪,40000.0,70000.0,本科,5-10年,5,10,北京多多迦游信息技术有限公司,游戏,500-999人,,,,数据科学家,,liepin,2026-07-22
数据科学家（Agentic项目经验）,上海,薪资面议,,,本科,3-5年,3,5,IQVIA 艾昆纬,医疗器械,李女士·人力资源伙伴(HRBP),,,,数据科学家,,liepin,2026-07-22
数据科学家,上海,20-50k,20000.0,50000.0,硕士,经验不限,0,20,新索拉(深圳)科技咨询有限公司,咨询服务,1-49人,,,,数据科学家,,liepin,2026-07-22
资深策略数据科学家 / 数据科学家(A233897),北京,100-200k·13薪,100000.0,200000.0,硕士,5年以上,5,99,多点Dmall,计算机软件,2000-5000人,C轮,,,数据科学家,,liepin,2026-07-22
数据科学家-生物,北京,20-40k,20000.0,40000.0,硕士,1-3年,1,3,字节跳动,互联网,10000人以上,,,,数据科学家,,liepin,2026-07-22
QQ-#数据科学家#(深圳),深圳,20-50k·16薪,20000.0,50000.0,硕士,1-3年,1,3,腾讯,互联网,10000人以上,,,,数据科学家,,liepin,2026-07-22
数据科学家-生物,上海,20-40k,20000.0,40000.0,硕士,1-3年,1,3,字节跳动,互联网,10000人以上,,,,数据科学家,,liepin,2026-07-22
数据科学家-分析,杭州,25-40k,25000.0,40000.0,本科,经验不限,0,20,也识科技,互联网,1-49人,,,,数据科学家,,liepin,2026-07-22
Data Scientist 数据科学家,上海,25-35k,25000.0,35000.0,硕士,1-3年,1,3,泰格医药,制药,5000-10000人,,,,数据科学家,,liepin,2026-07-22
数据科学家（医药行业）,广州,40-60k·14薪,40000.0,60000.0,本科,8年以上,8,99,广州中康数字科技有限公司,云计算/大数据,1000-2000人,,,,数据科学家,,liepin,2026-07-22
资深数据科学家 （百亿量化base北京上海）,上海,60-90k,60000.0,90000.0,本科,5-10年,5,10,百亿量化私募公司,基金/证券/投资,100-499人,融资未公开,,,数据科学家,,liepin,2026-07-22
数据科学家（阿里云）,上海,30-40k·13薪,30000.0,40000.0,本科,5-10年,5,10,某大型知名计算机软件公司,计算机软件,10000人以上,已上市,,,数据科学家,,liepin,2026-07-22
数据科学家（生信方向）,上海,22-50k,22000.0,50000.0,硕士,3-10年,3,10,小荷医学,医疗器械,100-499人,不需要融资,,,数据科学家,,liepin,2026-07-22
数据分析/商业分析/数据科学家专家和leader岗位,杭州,60-90k·16薪,60000.0,90000.0,本科,经验不限,0,20,某知名公司,计算机软件,100-499人,融资未公开,,,数据科学家,,liepin,2026-07-22
AI数据科学家,上海,20-30k,20000.0,30000.0,硕士,1年以下,,,三生制药,制药,1000-2000人,已上市,,,数据科学家,,liepin,2026-07-22
数据科学家,广州,60-90k,60000.0,90000.0,博士,5-10年,5,10,某知名公司,基金/证券/期货,10000人以上,已上市,,,数据科学家,,liepin,2026-07-22
高级数据科学家：全球数据分析 — 内部审计职能,北京,20-50k·15薪,20000.0,50000.0,本科,经验不限,0,20,字节跳动,互联网,10000人以上,,,,数据科学家,,liepin,2026-07-22
数据科学家（量化私募）,上海,40-70k·19薪,40000.0,70000.0,本科,5-10年,5,10,某知名公司,区块链,100-499人,战略融资,,,数据科学家,,liepin,2026-07-22
数据科学家（销量预测与品类规划⽅向）,长沙,25-40k·14薪,25000.0,40000.0,本科,10年以上,10,99,益丰大药房,批发/零售,10000人以上,,,,数据科学家,,liepin,2026-07-22
数据科学家,苏州,40-70k,40000.0,70000.0,硕士,5年以上,5,99,环泰先创,新零售,50-99人,不需要融资,,,数据科学家,,liepin,2026-07-22
数据科学家,上海,30-45k·13薪,30000.0,45000.0,本科,5-8年,5,8,凯捷咨询(中国)有限公司,IT服务,5000-10000人,,,,数据科学家,,liepin,2026-07-22
数据科学家,上海,薪资面议,,,本科,5-10年,5,10,镁信健康,互联网,500-999人,C轮,,,数据科学家,,liepin,2026-07-22
数据科学家,西安,30-40k,30000.0,40000.0,博士,经验不限,0,20,浙江鉴湖海外才智开发有限公司,人力资源服务,1-49人,,,,数据科学家,,liepin,2026-07-22
数据科学家—商业化,上海,30-60k·15薪,30000.0,60000.0,本科,经验不限,0,20,字节跳动,互联网,10000人以上,,,,数据科学家,,liepin,2026-07-22
首席数据科学家-广告算法方向,北京,100-150k,100000.0,150000.0,博士,10年以上,10,99,某知名公司,电子商务,5000-10000人,已上市,,,数据科学家,,liepin,2026-07-22
数据科学家(J13930),南京,25-40k·13薪,25000.0,40000.0,本科,2年以上,2,99,万辰集团,批发/零售,5000-10000人,,,,数据科学家,,liepin,2026-07-22
数据科学家,深圳,35-60k,35000.0,60000.0,硕士,5-10年,5,10,梦享,生活服务O2O,100-499人,B轮,,,数据科学家,,liepin,2026-07-22
资深数据科学家Lead-外企wlb氛围,上海,50-70k·16薪,50000.0,70000.0,本科,10年以上,10,99,某上海世界500强公司,餐饮业,10000人以上,战略融资,,,数据科学家,,liepin,2026-07-22
数据科学家,北京,50-80k·15薪,50000.0,80000.0,本科,5-10年,5,10,某北京游戏公司,游戏,50-99人,B轮,,,数据科学家,,liepin,2026-07-22
游戏数据科学家（数据驱动增长｜强化学习｜Kaggle Master）,北京,90-95k·14薪,90000.0,95000.0,不限,5-10年,5,10,某北京知名科技推广服务公司,科技推广服务,50-99人,A轮,,,数据科学家,,liepin,2026-07-22
国际化数据科学家,北京,30-50k·15薪,30000.0,50000.0,本科,3年以上,3,99,滴滴,生活服务O2O,5000-10000人,,,,数据科学家,,liepin,2026-07-22
数据科学家（央企）,雄安新区,50-55k,50000.0,55000.0,不限,经验不限,0,20,运营商旗下公司,互联网/电商,100-499人,,,,数据科学家,,liepin,2026-07-22
德勤-数据科学家-AI应用（咨询方向）-上海,上海,20-50k,20000.0,50000.0,本科,5-8年,5,8,德勤Deloitte,专业技术服务,10000人以上,,,,数据科学家,,liepin,2026-07-22
数据科学家,上海,70-100k,70000.0,100000.0,不限,1年以下,,,某基金/证券/期货公司,基金/证券/期货,50-99人,,,,数据科学家,,liepin,2026-07-22
数据科学家,深圳,30-40k·13薪,30000.0,40000.0,本科,5-10年,5,10,某知名公司,食品/饮料/酒水,2000-5000人,战略融资,,,数据科学家,,liepin,2026-07-22
数据科学家,北京,15-35k,15000.0,35000.0,本科,1-3年,1,3,友邦资讯科技(广州)有限公司,计算机软件,李女士·人力资源伙伴(HRBP),,,,数据科学家,,liepin,2026-07-22
AI数据科学家,上海,50-80k·15薪,50000.0,80000.0,硕士,5-10年,5,10,震坤行,互联网,2000-5000人,,,,数据科学家,,liepin,2026-07-22
工业大数据科学家,上海,薪资面议,,,博士,10年以上,10,99,上汽云计算中心,整车制造,荣女士·人力资源伙伴(HRBP),战略融资,,,数据科学家,,liepin,2026-07-22
AI数据科学家（药物模型/数据,上海,25-35k,25000.0,35000.0,硕士,1年以上,1,99,某上海学术/科研公司,学术/科研,1-49人,天使轮,,,数据科学家,,liepin,2026-07-22
物流部-AI 数据科学家（经营方向）,杭州,30-50k·16薪,30000.0,50000.0,本科,3年以上,3,99,阿里巴巴集团,互联网,胡先生·人力资源专员,,,,数据科学家,,liepin,2026-07-22
数据开发工程师/数据科学家（头部量化）,上海,30-60k·18薪,30000.0,60000.0,本科,3-5年,3,5,某基金/证券/期货公司,基金/证券/期货,50-99人,,,,数据科学家,,liepin,2026-07-22
数据科学家-TikTok安全产品,北京,20-40k,20000.0,40000.0,硕士,2年以上,2,99,字节跳动,互联网,10000人以上,,,,数据科学家,,liepin,2026-07-22
数据科学家-抖音短剧,北京,30-60k,30000.0,60000.0,本科,1-3年,1,3,字节跳动,互联网,10000人以上,,,,数据科学家,,liepin,2026-07-22
AI4S 数据科学家(A27728),上海,30-60k·15薪,30000.0,60000.0,博士,3-5年,3,5,思朗科技,电子/半导体/集成电路,100-499人,,,,数据科学家,,liepin,2026-07-22
数据科学家,上海,80-110k,80000.0,110000.0,本科,10年以上,10,99,某上海银行上市公司,银行,10000人以上,已上市,,,数据科学家,,liepin,2026-07-22
AI数据科学家,苏州,18-35k·14薪,18000.0,35000.0,本科,经验不限,0,20,某苏州电气机械/器材公司,机械/设备,100-499人,融资未公开,,,数据科学家,,liepin,2026-07-22
数据科学家,广州,30-40k·13薪,30000.0,40000.0,本科,5-10年,5,10,某知名公司,食品/饮料/酒水,2000-5000人,战略融资,,,数据科学家,,liepin,2026-07-22
数据科学家-TikTok安全平台,北京,30-60k,30000.0,60000.0,硕士,2年以上,2,99,字节跳动,互联网,10000人以上,,,,数据科学家,,liepin,2026-07-22
淘天集团-数据科学家-AI方向,杭州,25-50k·16薪,25000.0,50000.0,本科,3年以上,3,99,阿里巴巴集团,互联网,王女士·人力资源伙伴(HRBP),,,,数据科学家,,liepin,2026-07-22
数据科学家 Data Scientist,上海,12-15k,12000.0,15000.0,本科,1-3年,1,3,尼尔森IQ,云计算/大数据,2000-5000人,,,,数据科学家,,liepin,2026-07-22
数据科学家（药企）,北京,30-50k,30000.0,50000.0,硕士,3-5年,3,5,北京热景生物技术股份有限公司,生物技术,1000-2000人,,,,数据科学家,,liepin,2026-07-22
数据科学家-商业化,上海,30-60k,30000.0,60000.0,本科,3-5年,3,5,字节跳动,互联网,10000人以上,,,,数据科学家,,liepin,2026-07-22
整合营销数据科学家(A224777),深圳,30-60k,30000.0,60000.0,本科,3-5年,3,5,Shoplazza,计算机软件,100-499人,C轮,,,数据科学家,,liepin,2026-07-22
数据科学家（医药 数据模型）,上海,30-45k,30000.0,45000.0,本科,4-8年,4,8,倍通数据集团,办公用品/设备,500-999人,,,,数据科学家,,liepin,2026-07-22
数据科学家-ROI方向,上海,40-70k·16薪,40000.0,70000.0,本科,4年以上,4,99,小红书,互联网,1000-2000人,,,,数据科学家,,liepin,2026-07-22
数据分析师/数据科学家,北京,20-50k·15薪,20000.0,50000.0,本科,2年以上,2,99,北京多多迦游信息技术有限公司,游戏,500-999人,,,,数据科学家,,liepin,2026-07-22
数据科学家-搜索广告,上海,30-60k,30000.0,60000.0,本科,3-5年,3,5,字节跳动,互联网,10000人以上,,,,数据科学家,,liepin,2026-07-22
广告归因数据科学家（互联网行业独角兽）,上海,40-70k·16薪,40000.0,70000.0,本科,5-10年,5,10,某上海大型生活服务O2O公司,生活服务O2O,10000人以上,已上市,,,数据科学家,,liepin,2026-07-22
数据科学家-商业化,北京,30-60k,30000.0,60000.0,本科,3-5年,3,5,字节跳动,互联网,10000人以上,,,,数据科学家,,liepin,2026-07-22
AI数据科学家,北京,50-80k·15薪,50000.0,80000.0,硕士,5-10年,5,10,震坤行,互联网,2000-5000人,,,,数据科学家,,liepin,2026-07-22
数据科学家,北京,30-50k·14薪,30000.0,50000.0,硕士,4年以上,4,99,某知名公司,云计算/大数据,50-99人,,,,数据科学家,,liepin,2026-07-22
数据科学家—商业化,北京,30-60k,30000.0,60000.0,本科,经验不限,0,20,字节跳动,互联网,10000人以上,,,,数据科学家,,liepin,2026-07-22
数据科学家-动态视觉算法,苏州,45-72k·14薪,45000.0,72000.0,本科,经验不限,0,20,Michael Page,人力资源服务,5000-10000人,,,,数据科学家,,liepin,2026-07-22
数据科学家-CQ,重庆,15-26k·13薪,15000.0,26000.0,本科,1-3年,1,3,深演智能,互联网,100-499人,,,,数据科学家,,liepin,2026-07-22
数据科学家 -医药行业(A52765),杭州,20-50k·15薪,20000.0,50000.0,本科,3-5年,3,5,动势,咨询服务,1-49人,不需要融资,,,数据科学家,,liepin,2026-07-22
数据科学家（搜索方向）-TikTok平台安全,上海,25-40k·15薪,25000.0,40000.0,本科,1-6年,1,6,字节跳动,互联网,10000人以上,,,,数据科学家,,liepin,2026-07-22
燃料电池汽车数据科学家_CR,上海,薪资面议,,,博士,经验不限,0,20,机械/设备,不需要融资,10000人以上,,,,数据科学家,,liepin,2026-07-22
AI Research Engineer（LLM / VLM / Agent）,北京,50-80k,50000.0,80000.0,不限,1-3年,1,3,某北京科技推广服务公司,科技推广服务,,,,LLM/大模型;搜索,AIGC,,liepin,2026-07-22
LLM 算法专家/架构师/Lead,上海,55-85k·14薪,55000.0,85000.0,本科,10年以上,10,99,世界知名互联网外企,互联网/电商,500-999人,已上市,,LLM/大模型,AIGC,,liepin,2026-07-22
英语大语言模型工程师LLM Engineer - GPUOD,北京,100-120k,100000.0,120000.0,硕士,5年以上,5,99,某知名电子商务上市公司,电子商务,10000人以上,已上市,,LLM/大模型,AIGC,,liepin,2026-07-22
LLM后训练算法研究员,北京,60-80k·17薪,60000.0,80000.0,硕士,3-5年,3,5,某北京人工智能公司,人工智能,100-499人,,,LLM/大模型,AIGC,,liepin,2026-07-22
研究科学家/工程师 - 大语言模型（LLM）与视觉语言模型（VLM）,上海,90-120k,90000.0,120000.0,硕士,经验不限,0,20,某知名公司,人力资源服务,100-499人,融资未公开,,LLM/大模型,AIGC,,liepin,2026-07-22
LLM预训练算法工程师,北京,45-60k·15薪,45000.0,60000.0,硕士,3年以上,3,99,某北京人工智能公司,人工智能,100-499人,已上市,,LLM/大模型,AIGC,,liepin,2026-07-22
LLM算法工程师（Agents与Skill调度方向）,上海,15-28k,15000.0,28000.0,本科,1年以上,1,99,上海飒智智能科技有限公司,机械/设备,50-99人,,,LLM/大模型,AIGC,,liepin,2026-07-22
Senior Data Scientist - LLM,上海,30-60k,30000.0,60000.0,本科,3-5年,3,5,励德爱思唯尔,学术/科研,10000人以上,,,LLM/大模型,AIGC,,liepin,2026-07-22
AI应用工程师（LLM + 知识图谱方向）,西安,25-40k,25000.0,40000.0,不限,1-3年,1,3,某西安大型食品/饮料/酒水公司,食品/饮料/酒水,10000人以上,A轮,,LLM/大模型,AIGC,,liepin,2026-07-22
LLM 算法训练工程师,南京,30-35k,30000.0,35000.0,不限,经验不限,0,20,某知名公司,基金/证券/期货,100-499人,融资未公开,,LLM/大模型,AIGC,,liepin,2026-07-22
日语生成AI项目经理,上海,20-30k·15薪,20000.0,30000.0,本科,3-5年,3,5,野村综研(北京)系统集成有限公司,IT服务,100-499人,,,,AIGC,,liepin,2026-07-22
LLM 算法工程师（私有化部署与微调方向）,雄安新区,25-40k,25000.0,40000.0,本科,3-5年,3,5,某知名上市公司,在线教育,2000-5000人,已上市,,LLM/大模型,AIGC,,liepin,2026-07-22
Machine Learning Engineer: Applied LLM & Retrieval,上海,40-70k·16薪,40000.0,70000.0,本科,3-10年,3,10,某上海互联网上市公司,互联网,50-99人,已上市,,LLM/大模型;机器学习,AIGC,,liepin,2026-07-22
大语言算法模型,北京,30-60k·16薪,30000.0,60000.0,不限,经验不限,0,20,泰康保险集团股份有限公司,保险,10000人以上,,,,AIGC,,liepin,2026-07-22
AI Agent工程师（做医药这块的 大语言模型）,大连,30-60k,30000.0,60000.0,硕士,1-3年,1,3,某大连大型制药公司,制药,10000人以上,融资未公开,,,AIGC,,liepin,2026-07-22
LLM大模型与AI Agent-Skill开发,北京,15-40k,15000.0,40000.0,本科,3-5年,3,5,北京阳朗科技有限公司,科技推广服务,50-99人,,,LLM/大模型,AIGC,,liepin,2026-07-22
GPU训练优化工程师（LLM),上海,80-90k·14薪,80000.0,90000.0,本科,3-5年,3,5,某北京大型互联网公司,互联网,2000-5000人,融资未公开,,LLM/大模型,AIGC,,liepin,2026-07-22
外企正编AI应用测试主管 - LLM大模型应用测试,广州,18-25k,18000.0,25000.0,本科,3-5年,3,5,某知名公司,食品/饮料/酒水,10000人以上,融资未公开,,LLM/大模型,AIGC,,liepin,2026-07-22
AI平台架构专家/LLM架构师,深圳,150-200k·15薪,150000.0,200000.0,本科,经验不限,0,20,某深圳互联网上市公司,互联网,10000人以上,已上市,,LLM/大模型,AIGC,,liepin,2026-07-22
LLM Agent Intern,北京,6-8k,6000.0,8000.0,本科,经验不限,0,20,某大型专业技术服务公司,专业技术服务,10000人以上,已上市,,LLM/大模型,AIGC,,liepin,2026-07-22
LLM Engineer - GPUOD (英语大语言模型工程师),上海,90-100k·14薪,90000.0,100000.0,本科,3-5年,3,5,某北京电子商务上市公司,电子商务,10000人以上,已上市,,LLM/大模型,AIGC,,liepin,2026-07-22
AI产品工程师（LLM）,南京,18-30k·13薪,18000.0,30000.0,本科,2年以上,2,99,沁恒微电子,电子/半导体/集成电路,蔡女士·人事专员,不需要融资,,LLM/大模型,AIGC,,liepin,2026-07-22
AI 应用工程师(LLM Applications & Agent Platform),上海,25-35k,25000.0,35000.0,本科,3-5年,3,5,计算机软件,500-999人,,,,LLM/大模型,AIGC,,liepin,2026-07-22
大模型算法 Leader（LLM+NLP）,上海,150-240k·18薪,150000.0,240000.0,本科,3-5年,3,5,某上海大型计算机软件公司,计算机软件,10000人以上,融资未公开,,LLM/大模型;NLP,AIGC,,liepin,2026-07-22
LLM算法工程师,上海,30-50k,30000.0,50000.0,不限,经验不限,0,20,某上海制药公司,制药,100-499人,已上市,,LLM/大模型,AIGC,,liepin,2026-07-22
AI 应用开发工程师 (LLM/Agent 方向),西安,15-25k,15000.0,25000.0,本科,3-5年,3,5,西安多普多信息科技有限公司,IT服务,50-99人,A轮,,LLM/大模型,AIGC,,liepin,2026-07-22
Agent开发工程师(Agent系统 / LLM应用架构 / 智能体,深圳,40-70k,40000.0,70000.0,本科,1-3年,1,3,某深圳互联网上市公司,互联网,5000-10000人,已上市,,LLM/大模型,AIGC,,liepin,2026-07-22
"Senior Manager-AI LLM, Agent,GenAI, agentic AI",上海,40-60k·18薪,40000.0,60000.0,硕士,3-5年,3,5,某上海大型制药公司,制药,2000-5000人,融资未公开,,LLM/大模型,AIGC,,liepin,2026-07-22
Agent开发工程师(Agent系统 / LLM应用架构 / 智能体,深圳,30-60k,30000.0,60000.0,本科,3-5年,3,5,某知名公司,房地产租赁/中介,100-499人,融资未公开,,LLM/大模型,AIGC,,liepin,2026-07-22
GPU运维工程师（LLM Agent方向）,上海,35-55k·15薪,35000.0,55000.0,本科,5年以上,5,99,某知名电子/半导体/集成电路公司,电气机械/器材,5000-10000人,融资未公开,,LLM/大模型,AIGC,,liepin,2026-07-22
AI Agent工程师(医药研发大语言模型智能体)包食宿双休六险一金,大连,20-40k,20000.0,40000.0,硕士,1-3年,1,3,某大连大型制药公司,制药,10000人以上,融资未公开,,,AIGC,,liepin,2026-07-22
GPU训练优化工程师（LLM),北京,80-90k·14薪,80000.0,90000.0,本科,3-5年,3,5,某北京大型互联网公司,互联网,2000-5000人,融资未公开,,LLM/大模型,AIGC,,liepin,2026-07-22
LLM全栈应用工程师,广州,20-40k,20000.0,40000.0,本科,3-5年,3,5,某广州互联网公司,IT服务,,,,LLM/大模型,AIGC,,liepin,2026-07-22
Agent开发工程师（LLM方向）,杭州,30-60k·14薪,30000.0,60000.0,硕士,经验不限,0,20,西湖原力科技(杭州)有限公司,计算机软件,孙女士·HR负责人,,,LLM/大模型,AIGC,,liepin,2026-07-22
LLM 系统 / AI 架构（外企）,西安,35-65k,35000.0,65000.0,博士,经验不限,0,20,某知名公司,电气机械/器材,100-499人,融资未公开,,LLM/大模型,AIGC,,liepin,2026-07-22
大模型算法工程师LLM,武汉,20-30k,20000.0,30000.0,本科,经验不限,0,20,某武汉计算机软件公司,计算机软件,50-99人,不需要融资,,LLM/大模型,AIGC,,liepin,2026-07-22
AI工程师（LLM + Ontology方向）,西安,25-35k,25000.0,35000.0,本科,经验不限,0,20,某西安大型食品/饮料/酒水公司,食品/饮料/酒水,10000人以上,A轮,,LLM/大模型,AIGC,,liepin,2026-07-22
LLM/VLM大模型,上海,40-65k·15薪,40000.0,65000.0,不限,2年以上,2,99,某北京人工智能公司,人工智能,100-499人,战略融资,,LLM/大模型,AIGC,,liepin,2026-07-22
人工智能/大语言模型工程师,常州,13-26k,13000.0,26000.0,硕士,经验不限,0,20,某国内电子/半导体/集成电路公司,电子/半导体/集成电路,100-499人,,,,AIGC,,liepin,2026-07-22
安全大模型算法专家 (LLM / VLM),北京,50-80k,50000.0,80000.0,本科,5-10年,5,10,某上海大型科技推广服务公司,科技推广服务,500-999人,,,LLM/大模型,AIGC,,liepin,2026-07-22
AI Agent 工程师 / LLM 应用开发工程师（中高级）,金华,20-40k,20000.0,40000.0,本科,经验不限,0,20,某国内批发/零售公司,批发/零售,50-99人,,,LLM/大模型,AIGC,,liepin,2026-07-22
AI Agent工程师（Agent系统 / LLM应用架构 / 智能体工程）,深圳,60-90k,60000.0,90000.0,本科,1-3年,1,3,某深圳互联网上市公司,互联网,5000-10000人,已上市,,LLM/大模型,AIGC,,liepin,2026-07-22
大模型算法（LLM算法）,上海,40-70k·13薪,40000.0,70000.0,本科,2-6年,2,6,某上海IT服务公司,IT服务,50-99人,天使轮,,LLM/大模型,AIGC,,liepin,2026-07-22
算法工程师（医疗NLP/LLM/多智能体）,杭州,24-50k·14薪,24000.0,50000.0,本科,3-5年,3,5,璞睿生命科技,制药,顾女士·人力资源经理,A轮,,LLM/大模型;NLP,AIGC,,liepin,2026-07-22
AI算法工程师（具身智能-大语言模型及多模态大模型）,杭州,28-50k,28000.0,50000.0,本科,3-5年,3,5,某杭州计算机软件公司,计算机软件,,,,,AIGC,,liepin,2026-07-22
大语言模型负责人 / LLM技术负责人 / 大模型算法负责人（薪资可面议）,西安,75-100k,75000.0,100000.0,本科,经验不限,0,20,西部航天科技(陕西)集团有限公司,计算机软件,100-499人,,,LLM/大模型,AIGC,,liepin,2026-07-22
大模型数据研发负责人（LLM方向）,北京,40-60k,40000.0,60000.0,本科,3-5年,3,5,某杭州互联网公司,互联网,100-499人,C轮,,LLM/大模型,AIGC,,liepin,2026-07-22
AI/大语言模型应用工程师,苏州,35-55k,35000.0,55000.0,本科,10年以上,10,99,飞利浦中国,医疗器械,10000人以上,,,,AIGC,,liepin,2026-07-22
LLM后训练算法工程师-杭州滨江,杭州,80-110k·15薪,80000.0,110000.0,硕士,3-5年,3,5,某知名公司,人工智能,1-49人,A轮,,LLM/大模型,AIGC,,liepin,2026-07-22
AI算法工程师（agent/LLM）,北京,30-60k·14薪,30000.0,60000.0,本科,1-3年,1,3,某北京大型互联网公司,互联网,10000人以上,不需要融资,,LLM/大模型,AIGC,,liepin,2026-07-22
算法工程师/数据科学家-NLP/LLM/RAG,上海,25-45k·13薪,25000.0,45000.0,硕士,3年以上,3,99,某上海互联网公司,互联网,,,,LLM/大模型;RAG;NLP,AIGC,,liepin,2026-07-22
大模型开发工程师（LLM开发）,西安,20-40k,20000.0,40000.0,硕士,3-5年,3,5,某西安知名机械/设备公司,机械/设备,5000-10000人,战略融资,,LLM/大模型,AIGC,,liepin,2026-07-22
AI/大语言模型应用工程师,上海,35-55k,35000.0,55000.0,硕士,10年以上,10,99,飞利浦中国,医疗器械,10000人以上,,,,AIGC,,liepin,2026-07-22
大语言模型算法工程师/专家-上海(A176242),武汉,30-55k·13薪,30000.0,55000.0,本科,5-10年,5,10,NIO蔚来,新能源汽车,10000人以上,,,,AIGC,,liepin,2026-07-22
30-40万 学校老师  三亚 方向1 熟悉精通大语言模型 2 世界模型、空间智能 3 具身智能、VLA/V2X 4 智能驾驶、智能座舱,三亚,25-30k,25000.0,30000.0,博士,5-10年,5,10,某北京大型人力资源服务公司,人力资源服务,5000-10000人,战略融资,,,AIGC,,liepin,2026-07-22
大语言模型算法工程师/专家-上海(A176242),合肥,30-55k·13薪,30000.0,55000.0,本科,5-10年,5,10,NIO蔚来,新能源汽车,10000人以上,,,,AIGC,,liepin,2026-07-22
ios逆向、iOS漏洞、LLM 安全智能体、漏洞挖掘、安卓逆向、安卓系统、嵌入式linux,上海,30-60k,30000.0,60000.0,不限,经验不限,0,20,某上海网络/信息安全公司,网络/信息安全,1-49人,不需要融资,,LLM/大模型,AIGC,,liepin,2026-07-22
算法工程师（LLM/RAG/NLP）,上海,26-45k,26000.0,45000.0,本科,经验不限,0,20,某上海互联网公司,互联网,,,,LLM/大模型;RAG;NLP,AIGC,,liepin,2026-07-22
大语言模型算法工程师/专家-上海(A176242),上海,30-55k·13薪,30000.0,55000.0,本科,5-10年,5,10,NIO蔚来,新能源汽车,10000人以上,,,,AIGC,,liepin,2026-07-22
内容中心 BU - 算法专家（旅行助手 LLM+Agent）,上海,200-260k·18薪,200000.0,260000.0,本科,3-5年,3,5,某上海大型计算机软件公司,计算机软件,10000人以上,融资未公开,,LLM/大模型,AIGC,,liepin,2026-07-22
智能产线（主任）工程师（LLM+Agent+工业）,宁德,25-50k·18薪,25000.0,50000.0,本科,10年以上,10,99,某国内新能源上市公司,新能源,10000人以上,已上市,,LLM/大模型,AIGC,,liepin,2026-07-22
AI 产品总监（Agent / LLM 应用方向）,上海,50-65k·15薪,50000.0,65000.0,本科,10年以上,10,99,某知名上市公司,互联网,10000人以上,已上市,,LLM/大模型,AIGC,,liepin,2026-07-22
大语言模型算法工程师/专家-上海(A176242),北京,30-55k·13薪,30000.0,55000.0,本科,5-10年,5,10,NIO蔚来,新能源汽车,10000人以上,,,,AIGC,,liepin,2026-07-22
技术中心 - 算法专家（LLM + 业务 NLP）,上海,130-170k·18薪,130000.0,170000.0,本科,3-5年,3,5,某上海大型计算机软件公司,计算机软件,10000人以上,融资未公开,,LLM/大模型;NLP,AIGC,,liepin,2026-07-22
AI Agent工程师 / LLM应用工程师（天津）(J13616),郑州,30-60k,30000.0,60000.0,不限,3-5年,3,5,曙光信息产业(北京),专业技术服务,1000-2000人,,,LLM/大模型,AIGC,,liepin,2026-07-22
Data Analyst - LLM agentic AI（J10949）,深圳,25-50k,25000.0,50000.0,本科,5-10年,5,10,深圳市万邑通信息科技有限公司,货运/物流/仓储,曹先生·招聘负责人,不需要融资,,LLM/大模型,AIGC,,liepin,2026-07-22
首席AI架构师（私有化LLM+多智能体+工业大模型落地）,常州,35-55k·14薪,35000.0,55000.0,博士,3年以上,3,99,某国内网络/信息安全公司,网络/信息安全,1-49人,A轮,,LLM/大模型,AIGC,,liepin,2026-07-22
LLM高级经理,上海,40-50k·16薪,40000.0,50000.0,硕士,5-10年,5,10,某上海大型制药公司,制药,10000人以上,融资未公开,,LLM/大模型,AIGC,,liepin,2026-07-22
Agent开发工程师(Agent系统 / LLM应用架构 / 智能体),深圳,40-60k·14薪,40000.0,60000.0,本科,1-3年,1,3,某知名公司,餐饮业,10000人以上,,,LLM/大模型,AIGC,,liepin,2026-07-22
大模型数据研发负责人（LLM方向）,北京,30-50k·15薪,30000.0,50000.0,本科,5-10年,5,10,某杭州知名公司,互联网,100-499人,C轮,,LLM/大模型,AIGC,,liepin,2026-07-22
高级 AI Agent / LLM 工程师（教育行业）,珠海,15-30k·13薪,15000.0,30000.0,本科,3-5年,3,5,某北京人工智能公司,人工智能,100-499人,,,LLM/大模型,AIGC,,liepin,2026-07-22
中厂正编aigc大模型算法 一号位,北京,100-200k,100000.0,200000.0,本科,5-10年,5,10,某北京在线社交/媒体上市公司,在线社交/媒体,2000-5000人,已上市,,AIGC,AIGC,,liepin,2026-07-22
"Strategic Sales Manager, AI & LLM",上海,42-58k·18薪,42000.0,58000.0,不限,经验不限,0,20,Michael Page,人力资源服务,5000-10000人,,,LLM/大模型,AIGC,,liepin,2026-07-22
算法岗（vla、vlm、llm、规控、或感知）,深圳,45-75k·20薪,45000.0,75000.0,博士,经验不限,0,20,某深圳大型智能硬件/消费电子公司,电子/半导体/集成电路,1000-2000人,A轮,,LLM/大模型,AIGC,,liepin,2026-07-22
招聘经理-精LLM大模型行业招聘-本3及以上-北京杭州,北京,30-60k·15薪,30000.0,60000.0,本科,3-10年,3,10,某知名公司,专业技术服务,100-499人,融资未公开,,LLM/大模型,AIGC,,liepin,2026-07-22
高级Ai Agent开发 （LLM应用架构/Agent)）,深圳,40-70k·16薪,40000.0,70000.0,本科,1-3年,1,3,某深圳互联网上市公司,互联网,5000-10000人,已上市,,LLM/大模型,AIGC,,liepin,2026-07-22
国际化项目交付专家（大模型LLM）,北京,16-26k·13薪,16000.0,26000.0,本科,经验不限,0,20,某北京大型云计算/大数据公司,云计算/大数据,10000人以上,,,LLM/大模型,AIGC,,liepin,2026-07-22
大模型算法工程师（LLM）,成都,18-35k,18000.0,35000.0,硕士,3-5年,3,5,某成都知名公司,IT服务,100-499人,战略融资,,LLM/大模型,AIGC,,liepin,2026-07-22
AI Agent工程师 / LLM应用工程师（郑州）(J13628),郑州,25-50k,25000.0,50000.0,不限,3-5年,3,5,曙光信息产业(北京),专业技术服务,1000-2000人,,,LLM/大模型,AIGC,,liepin,2026-07-22
LLM 后训练算法工程师,杭州,50-80k·17薪,50000.0,80000.0,本科,1-3年,1,3,某杭州专业技术服务公司,人工智能,1-49人,A轮,,LLM/大模型,AIGC,,liepin,2026-07-22
LLM/VLM大模型算法,苏州,40-65k·15薪,40000.0,65000.0,不限,2年以上,2,99,某北京人工智能公司,人工智能,100-499人,战略融资,,LLM/大模型,AIGC,,liepin,2026-07-22
AI/大语言模型应用架构师,上海,40-70k,40000.0,70000.0,硕士,10年以上,10,99,飞利浦中国,医疗器械,10000人以上,,,,AIGC,,liepin,2026-07-22
算法工程师(LLM+RAG方向),福州,13-25k·13薪,13000.0,25000.0,不限,3-5年,3,5,某国内网络/信息安全公司,网络/信息安全,100-499人,B轮,,LLM/大模型;RAG,AIGC,,liepin,2026-07-22
30-40万人工智能博士老师（base三亚  计算机、大语言模型、世界模型、空间智能、具身智能、VLA/V2X、智能驾驶、智能座舱 方向）,三亚,25-35k,25000.0,35000.0,本科,5-10年,5,10,某北京大型人力资源服务公司,人力资源服务,5000-10000人,战略融资,,,AIGC,,liepin,2026-07-22
AI Agent工程师（1-3年）（Agent系统 / LLM应用架构 / 智能体工程）,深圳,40-70k·16薪,40000.0,70000.0,本科,1-4年,1,4,某深圳互联网上市公司,互联网,5000-10000人,已上市,,LLM/大模型,AIGC,,liepin,2026-07-22
软件开发工程师（LLM)大模型,深圳,20-40k,20000.0,40000.0,硕士,3-5年,3,5,某国内电子/半导体/集成电路公司,电子/半导体/集成电路,50-99人,C轮,,LLM/大模型,AIGC,,liepin,2026-07-22
国际 BU-AI 增长算法（搜广推 + LLM）,上海,85-100k·18薪,85000.0,100000.0,本科,3-5年,3,5,某上海大型计算机软件公司,计算机软件,10000人以上,融资未公开,,LLM/大模型,AIGC,,liepin,2026-07-22
大模型算法研究员（LLM）-**创新研究院,北京,70-100k,70000.0,100000.0,硕士,经验不限,0,20,某基金/证券/期货公司,基金/证券/期货,100-499人,融资未公开,,LLM/大模型,AIGC,,liepin,2026-07-22
大模型评测研发负责人（LLM / Agent / 多模态方向）,北京,60-90k·15薪,60000.0,90000.0,本科,3年以上,3,99,某北京知名人工智能公司,人工智能,100-499人,A轮,,LLM/大模型,AIGC,,liepin,2026-07-22
人工智能/大语言模型工程师（半导体测试脚本生成方向）,常州,12-24k·15薪,12000.0,24000.0,硕士,经验不限,0,20,某国内电子/半导体/集成电路上市公司,电子/半导体/集成电路,100-499人,已上市,,,AIGC,,liepin,2026-07-22
AI/大语言模型应用工程师,沈阳,35-55k,35000.0,55000.0,硕士,10年以上,10,99,飞利浦中国,医疗器械,10000人以上,,,,AIGC,,liepin,2026-07-22
大模型评测研发（LLM / Agent / 多模态方向）,北京,60-90k·13薪,60000.0,90000.0,本科,7-10年,7,10,某互联网公司,互联网,50-99人,A轮,,LLM/大模型,AIGC,,liepin,2026-07-22
机器人智能体算法工程师｜LLM Agent/任务规划方向,杭州,薪资面议,,,硕士,经验不限,0,20,云深处科技,计算机硬件,500-999人,C轮,,LLM/大模型,AIGC,,liepin,2026-07-22
AI开发工程师（大语言模型),天津,25-35k,25000.0,35000.0,本科,3-5年,3,5,恩恩科技,IT服务,500-999人,,,,AIGC,,liepin,2026-07-22
内容中心 BU - 旅行助手算法专家（LLM+NLP+Agent）,上海,240-260k·18薪,240000.0,260000.0,不限,3-5年,3,5,某上海大型计算机软件公司,计算机软件,10000人以上,融资未公开,,LLM/大模型;NLP,AIGC,,liepin,2026-07-22
LLM大语言模型工程师,北京,20-40k,20000.0,40000.0,硕士,1-3年,1,3,某大型专业技术服务公司,专业技术服务,10000人以上,已上市,,LLM/大模型,AIGC,,liepin,2026-07-22
LLM 算法工程师（精调/对齐方向）,北京,20-30k,20000.0,30000.0,本科,3-5年,3,5,某上海互联网公司,互联网,100-499人,,,LLM/大模型,AIGC,,liepin,2026-07-22
大模型评测研发负责人（LLM / Agent / 多模态方向）,北京,50-70k·14薪,50000.0,70000.0,本科,6年以上,6,99,某国内大型计算机软件公司,计算机软件,10000人以上,,,LLM/大模型,AIGC,,liepin,2026-07-22
算法工程师-NLP-大语言模型,深圳,25-40k·16薪,25000.0,40000.0,硕士,5-10年,5,10,某深圳大型科技金融公司,计算机软件,2000-5000人,战略融资,,NLP,AIGC,,liepin,2026-07-22
AI/大语言模型应用架构师,苏州,40-70k,40000.0,70000.0,硕士,10年以上,10,99,飞利浦中国,医疗器械,10000人以上,,,,AIGC,,liepin,2026-07-22
AI 产品总监（Agent / LLM 应用方向）,上海,45-65k·14薪,45000.0,65000.0,本科,经验不限,0,20,某知名公司,科技推广服务,,,,LLM/大模型,AIGC,,liepin,2026-07-22
大语言模型后训练/Agentic算法工程师,上海,40-70k·13薪,40000.0,70000.0,硕士,2年以上,2,99,NIO蔚来,新能源汽车,10000人以上,,,,AIGC,,liepin,2026-07-22
LLM 安全智能体研究员 / 工程师（漏洞挖掘方向）,上海,30-60k,30000.0,60000.0,不限,经验不限,0,20,某上海网络/信息安全公司,网络/信息安全,1-49人,不需要融资,,LLM/大模型,AIGC,,liepin,2026-07-22
大模型评测研发负责人（LLM / Agent / ）,北京,50-70k,50000.0,70000.0,硕士,3年以上,3,99,某北京人工智能公司,人工智能,1-49人,,,LLM/大模型,AIGC,,liepin,2026-07-22
大模型研发算法（多模态/全模态/LLM），base北京/杭州,杭州,55-85k·16薪,55000.0,85000.0,本科,5-10年,5,10,某知名互联网上市公司,互联网,10000人以上,已上市,,LLM/大模型,AIGC,,liepin,2026-07-22
AI Agent工程师（Agent系统 / LLM应用架构 / 智能体工程）,深圳,50-80k·15薪,50000.0,80000.0,本科,1-3年,1,3,某深圳互联网上市公司,互联网,5000-10000人,已上市,,LLM/大模型,AIGC,,liepin,2026-07-22
技术中心 - 算法专家（LLM+NLP 业务方向）,上海,180-200k·18薪,180000.0,200000.0,不限,3-5年,3,5,某上海大型计算机软件公司,计算机软件,10000人以上,融资未公开,,LLM/大模型;NLP,AIGC,,liepin,2026-07-22
LLM算法工程师,雄安新区,20-30k,20000.0,30000.0,本科,3-5年,3,5,南京华清智言科技有限公司,人工智能,1-49人,,,LLM/大模型,AIGC,,liepin,2026-07-22
大模型数据研发负责人（LLM方向）,北京,25-40k,25000.0,40000.0,本科,经验不限,0,20,某杭州互联网公司,互联网,100-499人,C轮,,LLM/大模型,AIGC,,liepin,2026-07-22
AI/大语言模型应用架构师,沈阳,40-70k,40000.0,70000.0,硕士,10年以上,10,99,飞利浦中国,医疗器械,10000人以上,,,,AIGC,,liepin,2026-07-22
大语言模型负责人 / LLM技术负责人 / 大模型算法负责人,西安,薪资面议,,,本科,经验不限,0,20,西部航天科技(陕西)集团有限公司,计算机软件,王女士·人力资源,,,LLM/大模型,AIGC,,liepin,2026-07-22
LLM  Agent开发工程师,北京,18-22k·13薪,18000.0,22000.0,硕士,3-5年,3,5,某北京大型工业自动化公司,工业自动化,10000人以上,融资未公开,,LLM/大模型,AIGC,,liepin,2026-07-22
LLM 后训练算法研究员,杭州,90-95k·17薪,90000.0,95000.0,不限,经验不限,0,20,某杭州专业技术服务公司,人工智能,1-49人,A轮,,LLM/大模型,AIGC,,liepin,2026-07-22
LLM安全智能体研究员（漏洞优先，安全实验室可接受应届）,上海,30-50k·14薪,30000.0,50000.0,本科,1年以上,1,99,某上海网络/信息安全公司,网络/信息安全,1-49人,不需要融资,,LLM/大模型,AIGC,,liepin,2026-07-22
大语言模型算法工程师,杭州,15-35k·14薪,15000.0,35000.0,硕士,3-5年,3,5,中科盈德(杭州)科技有限公司,专业技术服务,徐女士·人事专员,,,,AIGC,,liepin,2026-07-22
Agent/LLM应用工程师（上海/张家港）,上海,18-35k·14薪,18000.0,35000.0,本科,3-5年,3,5,某苏州大型金属冶炼公司,金属冶炼,10000人以上,不需要融资,,LLM/大模型,AIGC,,liepin,2026-07-22
模型部署工程师（VLM / LLM / Vision / Edge AI / CUDA / Jetson）,上海,25-40k·13薪,25000.0,40000.0,本科,3-5年,3,5,某北京IT服务公司,IT服务,50-99人,,,计算机视觉;LLM/大模型,AIGC,,liepin,2026-07-22
AI/大语言模型应用架构师,北京,40-70k,40000.0,70000.0,硕士,10年以上,10,99,飞利浦中国,医疗器械,10000人以上,,,,AIGC,,liepin,2026-07-22
NLP/LLM Intern,北京,6-8k,6000.0,8000.0,本科,经验不限,0,20,某大型专业技术服务公司,专业技术服务,10000人以上,已上市,,LLM/大模型;NLP,AIGC,,liepin,2026-07-22
大模型训练工程师（LLM Training Engineer）,上海,40-70k·14薪,40000.0,70000.0,本科,5-10年,5,10,某知名公司,人力资源服务,1-49人,融资未公开,,LLM/大模型,AIGC,,liepin,2026-07-22
LLM理科数据标注,北京,15-24k·13薪,15000.0,24000.0,本科,经验不限,0,20,某北京大型云计算/大数据公司,云计算/大数据,10000人以上,,,LLM/大模型,AIGC,,liepin,2026-07-22
广告平台开发负责人（海外广告 SaaS 后端研发 LLM 智能应用开发 Python / Go / Java）,深圳,30-60k,30000.0,60000.0,本科,5-10年,5,10,某知名公司,批发/零售,,,,Python;LLM/大模型,AIGC,,liepin,2026-07-22
LLM Infra 工程师,雄安新区,28-35k,28000.0,35000.0,本科,3-5年,3,5,南京华清智言科技有限公司,人工智能,1-49人,,,LLM/大模型,AIGC,,liepin,2026-07-22
AI大语言模型应用工程师,北京,35-55k,35000.0,55000.0,硕士,10年以上,10,99,飞利浦中国,医疗器械,10000人以上,,,,AIGC,,liepin,2026-07-22
LLM 性能优化,深圳,20-35k·13薪,20000.0,35000.0,本科,5-10年,5,10,奕罗思科技,科技推广服务,50-99人,不需要融资,,LLM/大模型,AIGC,,liepin,2026-07-22
LLM后训练,上海,29-50k,29000.0,50000.0,本科,1-3年,1,3,某上海基金/证券/期货公司,基金/证券/期货,1-49人,融资未公开,,LLM/大模型,AIGC,,liepin,2026-07-22
大模型数据开发负责人（LLM方向）,北京,30-60k,30000.0,60000.0,本科,3年以上,3,99,某杭州互联网公司,互联网,100-499人,C轮,,LLM/大模型,AIGC,,liepin,2026-07-22
模型部署工程师-VLM  LLM  jetson CUDA,上海,25-40k,25000.0,40000.0,本科,3-5年,3,5,某杭州人工智能公司,人工智能,1-49人,,,LLM/大模型,AIGC,,liepin,2026-07-22
蚂蚁数字科技-算法工程师-大语言模型,杭州,30-60k,30000.0,60000.0,本科,3-5年,3,5,蚂蚁集团,科技金融,5000-10000人,B轮,,,AIGC,,liepin,2026-07-22
AI Agent工程师 / LLM应用工程师,天津,30-55k·16薪,30000.0,55000.0,本科,3-5年,3,5,某天津计算机硬件上市公司,计算机硬件,5000-10000人,已上市,,LLM/大模型,AIGC,,liepin,2026-07-22
大语言模型后训练/Agentic算法工程师,北京,40-70k·13薪,40000.0,70000.0,硕士,2年以上,2,99,NIO蔚来,新能源汽车,10000人以上,,,,AIGC,,liepin,2026-07-22
强化学习与贝叶斯优化算法工程师（LLM 方向）,宁德,25-40k·17薪,25000.0,40000.0,硕士,1-3年,1,3,宁德时代,新能源,10000人以上,,,LLM/大模型,AIGC,,liepin,2026-07-22
AI应用开发工程师（LLM）,西安,15-20k,15000.0,20000.0,硕士,1-3年,1,3,某西安大型机械/设备公司,机械/设备,5000-10000人,战略融资,,LLM/大模型,AIGC,,liepin,2026-07-22
AI解决方案产品经理（Agent /AIGC/CV/多模态模型/LLM方向）,杭州,40-60k·16薪,40000.0,60000.0,不限,5-10年,5,10,某杭州大型互联网公司,互联网,10000人以上,已上市,,AIGC;LLM/大模型;计算机视觉,AIGC,,liepin,2026-07-22
LLM 安全智能体研究员 / 工程师（漏洞挖掘方向）,上海,30-45k,30000.0,45000.0,本科,5年以上,5,99,某知名公司,学校教育,50-99人,,,LLM/大模型,AIGC,,liepin,2026-07-22
AI Agent/LLM/NLP算法工程师,上海,40-60k·13薪,40000.0,60000.0,本科,3-5年,3,5,励德爱思唯尔,学术/科研,10000人以上,,,LLM/大模型;NLP,AIGC,,liepin,2026-07-22
AI解决方案产品经理（Agent /AIGC/CV/多模态模型/LLM方向）-杭州,杭州,70-100k·16薪,70000.0,100000.0,本科,5-10年,5,10,某知名公司,人力资源服务,100-499人,,,AIGC;LLM/大模型;计算机视觉,AIGC,,liepin,2026-07-22
AI算法工程师（LLM/Agent/RAG方向）,杭州,20-25k,20000.0,25000.0,本科,经验不限,0,20,某杭州大型人工智能公司,人工智能,500-999人,,,LLM/大模型;RAG,AIGC,,liepin,2026-07-22
人工智能算法工程师（大语言模型）,扬州,30-50k·17薪,30000.0,50000.0,本科,3-5年,3,5,某国内大型专业技术服务公司,专业技术服务,5000-10000人,融资未公开,,,AIGC,,liepin,2026-07-22
AI 应用工程师(LLM Applications & Agent Platform),成都,25-35k,25000.0,35000.0,本科,3-5年,3,5,计算机软件,500-999人,,,,LLM/大模型,AIGC,,liepin,2026-07-22
AI agent / RAG / LLM / 文档智能平台,西安,30-60k·13薪,30000.0,60000.0,本科,5-10年,5,10,某广州大型计算机软件公司,计算机软件,5000-10000人,,,LLM/大模型;RAG,AIGC,,liepin,2026-07-22
大模型芯片部署工程师 / LLM Deployment Engineer (NPU方向),北京,30-60k·15薪,30000.0,60000.0,本科,2年以上,2,99,某深圳人力资源服务公司,人力资源服务,50-99人,融资未公开,,LLM/大模型,AIGC,,liepin,2026-07-22
大模型算法（生成式AI方向）,上海,100-200k,100000.0,200000.0,博士,经验不限,0,20,某知名公司,互联网,100-499人,,,,AIGC,,liepin,2026-07-22
大语言模型算法,北京,30-60k,30000.0,60000.0,不限,经验不限,0,20,泰康科技有限公司,IT服务,叶女士·人力资源伙伴(HRBP),,,,AIGC,,liepin,2026-07-22
LLM工程师-GPUOD,上海,35-60k·16薪,35000.0,60000.0,不限,5-10年,5,10,某北京大型互联网公司,互联网,2000-5000人,融资未公开,,LLM/大模型,AIGC,,liepin,2026-07-22
高级算法工程师（LLM Agent与智能交互方向）,苏州,20-35k·16薪,20000.0,35000.0,本科,1-3年,1,3,某杭州大型计算机硬件公司,通信设备,10000人以上,战略融资,,LLM/大模型,AIGC,,liepin,2026-07-22
LLM 安全智能体研究专家（漏洞挖掘方向）,上海,40-70k,40000.0,70000.0,本科,3-5年,3,5,某上海网络/信息安全公司,网络/信息安全,1-49人,不需要融资,,LLM/大模型,AIGC,,liepin,2026-07-22
LLM Agent,上海,35-65k·16薪,35000.0,65000.0,本科,1年以下,,,全球TOP软件系统服务商,计算机软件,100-499人,融资未公开,,LLM/大模型,AIGC,,liepin,2026-07-22
LLM Agent 应用 / 产品 / 框架方向,上海,45-75k·16薪,45000.0,75000.0,本科,1-3年,1,3,上海学珍企业管理咨询事务所,人工智能,100-499人,,,LLM/大模型,AIGC,,liepin,2026-07-22
AI Infra研发工程师（LLM方向）,北京,30-60k·20薪,30000.0,60000.0,硕士,3年以上,3,99,某基金/证券/期货公司,基金/证券/期货,100-499人,融资未公开,,LLM/大模型,AIGC,,liepin,2026-07-22
LLM后训练算法研究员,杭州,60-80k·17薪,60000.0,80000.0,硕士,经验不限,0,20,某杭州人工智能公司,人工智能,1-49人,A轮,,LLM/大模型,AIGC,,liepin,2026-07-22
LLM Agent开发工程师,北京,20-25k,20000.0,25000.0,本科,3-5年,3,5,江苏优闼数据科技有限公司,IT服务,50-99人,,,LLM/大模型,AIGC,,liepin,2026-07-22
软件开发工程师（LLM),深圳,25-40k,25000.0,40000.0,本科,1-3年,1,3,某国内电子/半导体/集成电路公司,电子/半导体/集成电路,50-99人,C轮,,LLM/大模型,AIGC,,liepin,2026-07-22
研究科学家/工程师-大语言模型（LLM）与视觉语言模型,上海,40-70k·16薪,40000.0,70000.0,硕士,3-5年,3,5,某上海人工智能公司,人工智能,100-499人,A轮,,LLM/大模型,AIGC,,liepin,2026-07-22
AI 产品总监（Agent / LLM 应用方向）,上海,40-60k·14薪,40000.0,60000.0,本科,5-10年,5,10,某深圳智能硬件/消费电子公司,智能硬件/消费电子,100-499人,C轮,,LLM/大模型,AIGC,,liepin,2026-07-22
Research Scientist - LLM,上海,200-250k,200000.0,250000.0,博士,10年以上,10,99,某北京大型人力资源服务公司,人力资源服务,5000-10000人,战略融资,,LLM/大模型;搜索,AIGC,,liepin,2026-07-22
"导航Agent,HMI机能,语言大模型(LLM)开发技术员(日语岗位)",北京,12-24k,12000.0,24000.0,本科,经验不限,0,20,某大型新能源汽车公司,整车制造,500-999人,融资未公开,,LLM/大模型,AIGC,,liepin,2026-07-22
产品经理（AI/LLM方向）,金华,15-25k,15000.0,25000.0,本科,3-5年,3,5,深圳港钛科技有限公司,计算机软件,100-499人,,,LLM/大模型,AIGC,,liepin,2026-07-22
GPU运维工程师（LLM Agent方向）,武汉,50-80k·14薪,50000.0,80000.0,本科,5-10年,5,10,某武汉大型电子/半导体/集成电路公司,电气机械/器材,5000-10000人,融资未公开,,LLM/大模型,AIGC,,liepin,2026-07-22
LLM Agent,杭州,40-70k·13薪,40000.0,70000.0,本科,1年以下,,,某知名公司,基金/证券/期货,,,,LLM/大模型,AIGC,,liepin,2026-07-22
AI解决方案产品经理（Agent /AIGC/CV/多模态模型/LLM方向）,杭州,40-70k·16薪,40000.0,70000.0,本科,5-10年,5,10,某北京其他商务服务业公司,其他商务服务业,1-49人,,,AIGC;LLM/大模型;计算机视觉,AIGC,,liepin,2026-07-22
资深 AI 全栈工程师（端到端交付    AI-Native产品思维     LLM应用开发范式    Base上海 ）,上海,30-60k,30000.0,60000.0,不限,5-10年,5,10,某上海计算机软件公司,计算机软件,100-499人,,,LLM/大模型,AIGC,,liepin,2026-07-22
Y6-10-大模型研发算法专家/高级算法专家（多模态/全模态/LLM）-北京/杭州,杭州,35-55k·16薪,35000.0,55000.0,硕士,3-5年,3,5,某杭州互联网上市公司,互联网,10000人以上,已上市,,LLM/大模型,AIGC,,liepin,2026-07-22
后端开发工程师（AIGC/ 大模型方向）,北京,30-60k,30000.0,60000.0,本科,3-5年,3,5,某北京机械/设备上市公司,机械/设备,10000人以上,已上市,,AIGC,AIGC,,liepin,2026-07-22
AI解决方案产品经理(Agent/AIGC/CV/多模态/LLM方向）,杭州,30-60k·15薪,30000.0,60000.0,本科,5-10年,5,10,某互联网头部企业某互联网头部企业,互联网金融,5000-10000人,B轮,,AIGC;LLM/大模型;计算机视觉,AIGC,,liepin,2026-07-22
大模型算法专家（大语言模型）,广州,40-70k,40000.0,70000.0,硕士,5-10年,5,10,某培训服务公司,培训服务,50-99人,,,,AIGC,,liepin,2026-07-22
LLM 安全智能体研究员 / 工程师（漏洞挖掘方向）,广州,30-60k,30000.0,60000.0,不限,3-5年,3,5,某计算机软件公司,计算机软件,50-99人,不需要融资,,LLM/大模型,AIGC,,liepin,2026-07-22
大语言模型算法专家/Lead(深圳/上海),深圳,50-80k·20薪,50000.0,80000.0,本科,经验不限,0,20,某知名公司,人力资源服务,1-49人,融资未公开,,,AIGC,,liepin,2026-07-22
LLM Agent开发工程师（高级）,北京,20-23k,20000.0,23000.0,本科,3-5年,3,5,某北京大型智能硬件公司,工业自动化,10000人以上,融资未公开,,LLM/大模型,AIGC,,liepin,2026-07-22
【大模型独角兽公司】LLM 算法工程师(Agent 与对齐方向),北京,50-55k,50000.0,55000.0,不限,经验不限,0,20,某知名公司,食品/饮料/酒水,10000人以上,融资未公开,,LLM/大模型,AIGC,,liepin,2026-07-22
大语言模型LLM开发及优化调整,芜湖,3-6k,3000.0,6000.0,硕士,3-5年,3,5,奇瑞新能源汽车股份有限公司,电子/半导体/集成电路,2000-5000人,A轮,,LLM/大模型,LLM,,liepin,2026-07-22
大语言模型（LLM）研发,上海,20-40k·14薪,20000.0,40000.0,本科,1-10年,1,10,世芯可铭(北京)智能科技有限公司,人工智能,1-49人,,,LLM/大模型,LLM,,liepin,2026-07-22
LLM算法工程师（NLP+大语言模型/聚焦纯文本类内容风险治理）,深圳,25-50k,25000.0,50000.0,硕士,3-5年,3,5,某深圳人工智能公司,人工智能,50-99人,A轮,,LLM/大模型;NLP,LLM,,liepin,2026-07-22
【大语言模型(LLM)质检】文本标注,成都,7-10k,7000.0,10000.0,本科,3-5年,3,5,北京中谦数智科技有限公司,互联网,100-499人,,,LLM/大模型,LLM,,liepin,2026-07-22
大语言模型(LLM）工程师,苏州,15-30k,15000.0,30000.0,硕士,3年以上,3,99,凹凸科技 O2micro,电子/半导体/集成电路,100-499人,,,LLM/大模型,LLM,,liepin,2026-07-22
大语言模型（LLM）,北京,30-50k,30000.0,50000.0,硕士,3年以下,,,某量化对冲基金,基金,100-499人,融资未公开,,LLM/大模型,LLM,,liepin,2026-07-22
【大语言模型(LLM)质检】文本标注（成都岗）,成都,7-9k,7000.0,9000.0,本科,1-3年,1,3,北京中谦数智科技有限公司太原第一分公司,专业技术服务,刘先生·人事,,,LLM/大模型,LLM,,liepin,2026-07-22
AI科学家 - 大语言模型（LLM）与AI Agent,深圳,50-80k·15薪,50000.0,80000.0,本科,5年以上,5,99,深圳灵动软件开发有限公司,IT服务,100-499人,不需要融资,,LLM/大模型,LLM,,liepin,2026-07-22
CTO 大语言模型（LLM）算法工程师,北京,40-70k,40000.0,70000.0,不限,5-10年,5,10,深度加速(北京)投资管理有限公司,基金/证券/期货,50-99人,,,LLM/大模型,LLM,,liepin,2026-07-22
LLM工程师（大语言模型）,苏州,10-20k·14薪,10000.0,20000.0,本科,3年以上,3,99,亚翔系统集成科技(苏州)股份有限公司,工程管理/勘察/监理,500-999人,,,LLM/大模型,LLM,,liepin,2026-07-22
大语言模型(LLM)算法工程师 (MJ000347),北京,20-40k,20000.0,40000.0,硕士,1-3年,1,3,北京万方数据,互联网,1000-2000人,A轮,,LLM/大模型,LLM,,liepin,2026-07-22
资深算法工程师（LLM）,深圳,25-40k·14薪,25000.0,40000.0,本科,3年以上,3,99,拉普拉斯新能源科技股份有限公司,新能源,2000-5000人,,,LLM/大模型,LLM,,liepin,2026-07-22
初级AI开发工程师（大语言模型）,天津,15-25k,15000.0,25000.0,本科,1-3年,1,3,华林泽云科技(天津)有限公司,IT服务,1-49人,,,,LLM,,liepin,2026-07-22
高级AI工程师（医疗大语言模型方向）,成都,25-40k·13薪,25000.0,40000.0,硕士,2年以上,2,99,全景恒升,医疗器械,姚女士·人事,A轮,,,LLM,,liepin,2026-07-22
数字化专家(LLM/Agents方向),上海,20-30k·14薪,20000.0,30000.0,硕士,经验不限,0,20,上海药明合联生物技术有限公司,制药,2000-5000人,,,LLM/大模型,LLM,,liepin,2026-07-22
资深AI算法工程师（大语言模型方向）,深圳,20-40k·18薪,20000.0,40000.0,本科,经验不限,0,20,招联金融,互联网,500-999人,,,,LLM,,liepin,2026-07-22
LLM算法工程师,长沙,12-20k,12000.0,20000.0,本科,经验不限,0,20,湖南旭能致承科技有限公司,计算机软件,,,,LLM/大模型,LLM,,liepin,2026-07-22
LLM算法工程师,上海,40-60k,40000.0,60000.0,硕士,5年以上,5,99,星空计划(上海)汽车科技有限责任公司,整车制造,500-999人,,,LLM/大模型,LLM,,liepin,2026-07-22
LLM大模型算法研究员,上海,60-90k·15薪,60000.0,90000.0,不限,5-10年,5,10,某上海大型互联网公司,互联网,10000人以上,融资未公开,,LLM/大模型,LLM,,liepin,2026-07-22
广告投放优化算法专家 (LLM & RL方向),杭州,薪资面议,,,硕士,3年以上,3,99,极术(杭州)科技有限公司,IT服务,邓女士·人事主管,,,LLM/大模型,LLM,,liepin,2026-07-22
大模型算子优化工程师（LLM/AIGC方向）,上海,35-50k,35000.0,50000.0,本科,3-5年,3,5,某上海专业技术服务公司,专业技术服务,100-499人,A轮,,AIGC;LLM/大模型,LLM,,liepin,2026-07-22
高级算法工程师（大语言模型方向）,上海,10-15k,10000.0,15000.0,本科,1-3年,1,3,科技推广服务,500-999人,,,,,LLM,,liepin,2026-07-22
AI产品经理/专家（大语言模型方向）,广州,15-45k·13薪,15000.0,45000.0,本科,5年以上,5,99,大参林集团,制药,10000人以上,,,,LLM,,liepin,2026-07-22
模型算法研究员(侧重LLM)(博士)(J10015),深圳,35-60k,35000.0,60000.0,博士,1-3年,1,3,臻络科学,医疗机构,100-499人,B轮,,LLM/大模型,LLM,,liepin,2026-07-22
模型算法研究员（侧重LLM）(J10016),深圳,28-50k,28000.0,50000.0,硕士,5-10年,5,10,臻络科学,医疗机构,100-499人,B轮,,LLM/大模型,LLM,,liepin,2026-07-22
电商推荐策略产品经理（LLM）,北京,20-40k,20000.0,40000.0,本科,1-3年,1,3,北京虾皮信息科技有限公司,电子商务,10000人以上,,,LLM/大模型,LLM,,liepin,2026-07-22
电商推荐策略产品经理（LLM）,深圳,20-40k,20000.0,40000.0,本科,1-3年,1,3,北京虾皮信息科技有限公司,电子商务,10000人以上,,,LLM/大模型,LLM,,liepin,2026-07-22
电商推荐策略产品经理（LLM）,上海,20-40k,20000.0,40000.0,本科,1-3年,1,3,北京虾皮信息科技有限公司,电子商务,10000人以上,,,LLM/大模型,LLM,,liepin,2026-07-22
数据科学家（LLM与无监督学习方向）-应用人工智能,上海,20-40k·15薪,20000.0,40000.0,本科,3-5年,3,5,字节跳动,互联网,10000人以上,,,LLM/大模型,LLM,,liepin,2026-07-22
服务端开发-智能客服(大模型/LLM/Agent)-杭州,杭州,30-60k,30000.0,60000.0,本科,3年以上,3,99,小红书,互联网,1000-2000人,,,LLM/大模型,LLM,,liepin,2026-07-22
人工智能/大语言模型工程师,常州,12-24k·15薪,12000.0,24000.0,硕士,经验不限,0,20,某国内电子/半导体/集成电路上市公司,电子/半导体/集成电路,100-499人,已上市,,,LLM,,liepin,2026-07-22
大语言模型算法专家,北京,30-60k·16薪,30000.0,60000.0,本科,3年以上,3,99,某杭州互联网上市公司,电子商务,10000人以上,已上市,,,LLM,,liepin,2026-07-22
LLM算法工程师,上海,30-50k·16薪,30000.0,50000.0,硕士,经验不限,0,20,某上海计算机软件公司,计算机软件,50-99人,天使轮,,LLM/大模型,LLM,,liepin,2026-07-22
大模型算法研究员（LLM方向）,杭州,30-60k,30000.0,60000.0,硕士,5年以上,5,99,浙江鉴湖海外才智开发有限公司,人力资源服务,1-49人,,,LLM/大模型,LLM,,liepin,2026-07-22
高级算法工程师（LLM Agent与智能交互方向）,苏州,20-40k·14薪,20000.0,40000.0,本科,3-5年,3,5,某大型知名云计算/大数据公司,通信设备,10000人以上,战略融资,,LLM/大模型,LLM,,liepin,2026-07-22
LLM Agent 应用 / 产品 / 框架方向,杭州,45-75k·16薪,45000.0,75000.0,本科,1-3年,1,3,上海学珍企业管理咨询事务所,人工智能,100-499人,,,LLM/大模型,LLM,,liepin,2026-07-22
数字化专家(LLM/Agents 方向),上海,10-20k,10000.0,20000.0,本科,经验不限,0,20,药明合联,生物技术,2000-5000人,,,LLM/大模型,LLM,,liepin,2026-07-22
LLM后训练⼯程师,上海,40-50k·15薪,40000.0,50000.0,本科,经验不限,0,20,某人工智能公司,人工智能,100-499人,A轮,,LLM/大模型,LLM,,liepin,2026-07-22
NLP/LLM算法工程师/专家,北京,40-70k·15薪,40000.0,70000.0,不限,1年以上,1,99,滴滴,生活服务O2O,5000-10000人,,,LLM/大模型;NLP,LLM,,liepin,2026-07-22
算法工程师（LLM Agent 应用 / 产品 / 框架方向）,杭州,30-60k·13薪,30000.0,60000.0,本科,10年以下,,,西湖原力科技(杭州)有限公司,人工智能,1-49人,,,LLM/大模型,LLM,,liepin,2026-07-22
座舱LLM模型工程师,苏州,25-55k·15薪,25000.0,55000.0,本科,5年以上,5,99,星空计划(上海)汽车科技有限责任公司,整车制造,500-999人,,,LLM/大模型,LLM,,liepin,2026-07-22
座舱LLM模型工程师,北京,25-55k·15薪,25000.0,55000.0,本科,5年以上,5,99,星空计划(上海)汽车科技有限责任公司,整车制造,500-999人,,,LLM/大模型,LLM,,liepin,2026-07-22
座舱LLM模型工程师,上海,25-55k·15薪,25000.0,55000.0,本科,5年以上,5,99,星空计划(上海)汽车科技有限责任公司,整车制造,500-999人,,,LLM/大模型,LLM,,liepin,2026-07-22
蚂蚁集团-大语言模型-研究算法工程师,杭州,35-60k·15薪,35000.0,60000.0,硕士,5年以上,5,99,蚂蚁集团,科技金融,武女士·人力资源专员,B轮,,,LLM,,liepin,2026-07-22
大语言模型算法工程师,北京,18-40k,18000.0,40000.0,硕士,经验不限,0,20,中科院自动化研究所,人工智能,顿女士·人事,,,,LLM,,liepin,2026-07-22
LLM 解决方案工程师,北京,20-45k,20000.0,45000.0,本科,3-5年,3,5,北京码搜智能科技有限公司,互联网,罗先生·联合创始人,,,LLM/大模型,LLM,,liepin,2026-07-22
大语言模型算法研究员（上海/深圳）,上海,50-80k·16薪,50000.0,80000.0,本科,经验不限,0,20,腾讯,互联网,10000人以上,,,,LLM,,liepin,2026-07-22
AI工程师（大语言模型与智能育种方向）,长沙,15-24k,15000.0,24000.0,硕士,3-5年,3,5,长沙百奥云数据科技有限公司,计算机软件,1-49人,A轮,,,LLM,,liepin,2026-07-22
LLM大模型算法工程师,杭州,30-60k·15薪,30000.0,60000.0,本科,1-3年,1,3,字节跳动,互联网,10000人以上,,,LLM/大模型,LLM,,liepin,2026-07-22
LLM大模型算法工程师,北京,30-60k·15薪,30000.0,60000.0,本科,1-3年,1,3,字节跳动,互联网,10000人以上,,,LLM/大模型,LLM,,liepin,2026-07-22
LLM大模型算法工程师,上海,30-60k·15薪,30000.0,60000.0,本科,1-3年,1,3,字节跳动,互联网,10000人以上,,,LLM/大模型,LLM,,liepin,2026-07-22
LLM大模型算法工程师,武汉,30-60k·15薪,30000.0,60000.0,本科,1-3年,1,3,字节跳动,互联网,10000人以上,,,LLM/大模型,LLM,,liepin,2026-07-22
LLM大模型算法工程师,深圳,30-60k·15薪,30000.0,60000.0,本科,1-3年,1,3,字节跳动,互联网,10000人以上,,,LLM/大模型,LLM,,liepin,2026-07-22
LLM算法工程师,深圳,25-50k,25000.0,50000.0,硕士,3-5年,3,5,某深圳人工智能公司,人工智能,50-99人,A轮,,LLM/大模型,LLM,,liepin,2026-07-22
大语言模型算法工程师-外派康明斯,北京,18-24k,18000.0,24000.0,本科,1-3年,1,3,科技推广服务,500-999人,,,,,LLM,,liepin,2026-07-22
"AI产品经理（LLM, AIGC方向），集团管理",上海,20-35k·14薪,20000.0,35000.0,本科,3-5年,3,5,亚朵集团,酒店/民宿,10000人以上,,,AIGC;LLM/大模型,LLM,,liepin,2026-07-22
大模型芯片部署工程师 / LLM Deployment Engineer (NPU方向),北京,30-60k·15薪,30000.0,60000.0,本科,1年以上,1,99,影微创新,电子/半导体/集成电路,100-499人,,,LLM/大模型,LLM,,liepin,2026-07-22
算法工程师(LLM+RAG方向),福州,13-22k,13000.0,22000.0,本科,3-5年,3,5,福建正孚软件有限公司,网络/信息安全,朱女士·人事行政经理,B轮,,LLM/大模型;RAG,LLM,,liepin,2026-07-22
算法工程师 (LLM Fine-Tuning),上海,15-25k·13薪,15000.0,25000.0,本科,1-3年,1,3,易保网络技术(上海)有限公司,IT服务,1000-2000人,,,LLM/大模型,LLM,,liepin,2026-07-22
LLM产品经理,上海,25-45k·14薪,25000.0,45000.0,硕士,3-5年,3,5,上海库帕思科技有限公司,IT服务,50-99人,,,LLM/大模型,LLM,,liepin,2026-07-22
工业领域AI/LLM算法工程师,深圳,15-20k·13薪,15000.0,20000.0,硕士,1-3年,1,3,富士康总部,电子/半导体/集成电路,10000人以上,,,LLM/大模型,LLM,,liepin,2026-07-22
AI算法工程师 - RAG流程与大语言模型优化,杭州,20-40k,20000.0,40000.0,本科,1-10年,1,10,亚特兰迪斯智能科技(上海)有限公司,学术/科研,50-99人,,,RAG,LLM,,liepin,2026-07-22
大语言模型算法负责人,深圳,28-45k·18薪,28000.0,45000.0,本科,5-10年,5,10,招联金融,互联网,500-999人,,,,LLM,,liepin,2026-07-22
LLM算法产品经理,上海,45-65k,45000.0,65000.0,本科,1-3年,1,3,某上海人工智能公司,人工智能,100-499人,,,LLM/大模型,LLM,,liepin,2026-07-22
医药保健行业Ai Agent工程师（大语言模型，双休六险一金包食宿）,大连,50-70k,50000.0,70000.0,硕士,3-5年,3,5,某大连大型制药公司,制药,10000人以上,融资未公开,,,LLM,,liepin,2026-07-22
Agent开发（LLM方向）,杭州,50-70k,50000.0,70000.0,本科,3年以上,3,99,某杭州计算机软件公司,计算机软件,1-49人,天使轮,,LLM/大模型,LLM,,liepin,2026-07-22
Agent 开发（LLM 方向）,杭州,40-70k,40000.0,70000.0,本科,经验不限,0,20,某杭州计算机软件公司,计算机软件,1-49人,天使轮,,LLM/大模型,LLM,,liepin,2026-07-22
大模型与具身智能工程师（含 LLM 、时空）,重庆,12-20k,12000.0,20000.0,硕士,1-3年,1,3,嘉陵江实验室,学术/科研,100-499人,,,LLM/大模型,LLM,,liepin,2026-07-22
大语言模型算法工程师,北京,20-30k,20000.0,30000.0,本科,1年以上,1,99,河南东微电子材料有限公司,电子/半导体/集成电路,何先生·人事专员,C轮,,,LLM,,liepin,2026-07-22
LLM大模型算法研究员（核心lab）,北京,110-140k·13薪,110000.0,140000.0,硕士,3-5年,3,5,某知名上市公司,在线社交/媒体,10000人以上,已上市,,LLM/大模型,LLM,,liepin,2026-07-22
大语言模型算法工程师,北京,35-55k,35000.0,55000.0,本科,3-5年,3,5,和讯网,科技金融,500-999人,,,,LLM,,liepin,2026-07-22
大语言模型算法工程师,北京,20-40k,20000.0,40000.0,硕士,3-5年,3,5,深圳十沣科技有限公司,计算机软件,郭女士·人力资源专员,B轮,,,LLM,,liepin,2026-07-22
淘天算法技术-商品内容理解算法专家（LLM/VLM）-北京/杭州,北京,50-65k·16薪,50000.0,65000.0,硕士,3-7年,3,7,阿里巴巴集团,互联网,10000人以上,,,LLM/大模型,LLM,,liepin,2026-07-22
LLM应用工程师,苏州,薪资面议,,,本科,1-3年,1,3,苏州同泰新能源科技股份有限公司,新能源,许女士·人事行政主管,,,LLM/大模型,LLM,,liepin,2026-07-22
llm算法工程师,北京,20-45k·14薪,20000.0,45000.0,本科,5-10年,5,10,专业技术服务,50-99人,,,,LLM/大模型,LLM,,liepin,2026-07-22
大语言模型算法研发工程师,上海,20-50k,20000.0,50000.0,硕士,3年以上,3,99,上海三菱电梯有限公司,机械/设备,许先生·人事,战略融资,,,LLM,,liepin,2026-07-22
LLM算法工程师,北京,30-50k·14薪,30000.0,50000.0,硕士,3-5年,3,5,互联网,100-499人,,,,LLM/大模型,LLM,,liepin,2026-07-22
算法工程师（大语言模型方向）,广州,18-35k,18000.0,35000.0,硕士,2年以上,2,99,广州一找网络科技有限公司,互联网,50-99人,,,,LLM,,liepin,2026-07-22
LLM 工具链工程师,北京,25-50k,25000.0,50000.0,本科,3-5年,3,5,北京码搜智能科技有限公司,互联网,罗先生·联合创始人,,,LLM/大模型,LLM,,liepin,2026-07-22
AI Agent算法专家（科研方向/LLM Agent架构）,杭州,30-50k·17薪,30000.0,50000.0,本科,3-5年,3,5,某杭州人工智能公司,人工智能,1-49人,A轮,,LLM/大模型,LLM,,liepin,2026-07-22
大语言模型算法专家-北京/上海/杭州（agi）,北京,40-70k·14薪,40000.0,70000.0,硕士,3-5年,3,5,某杭州大型计算机软件公司,计算机软件,10000人以上,,,,LLM,,liepin,2026-07-22
大模型LLM 强化学习算法工程师-北京/上海,上海,80-110k,80000.0,110000.0,硕士,3-5年,3,5,某北京大型电子商务公司,电子商务,10000人以上,,,LLM/大模型,LLM,,liepin,2026-07-22
NLP算法工程师,杭州,60-90k·14薪,60000.0,90000.0,本科,5-10年,5,10,某杭州计算机软件公司,计算机软件,1-49人,,,NLP,自然语言处理,,liepin,2026-07-22
NLP算法,北京,40-60k·15薪,40000.0,60000.0,本科,经验不限,0,20,某上海专业技术服务公司,咨询服务,1-49人,融资未公开,,NLP,自然语言处理,,liepin,2026-07-22
AI技术经理(J10217),上海,15-20k·18薪,15000.0,20000.0,本科,5-10年,5,10,光大期货有限公司,基金/证券/期货,潘女士·人力资源,,,,AI产品经理,,liepin,2026-07-22
人工智能/AI产品经理（AI Product Manager）,东莞,12-20k,12000.0,20000.0,本科,经验不限,0,20,广东高驰运动科技有限公司,智能硬件/消费电子,100-499人,,,,AI产品经理,,liepin,2026-07-22
AI产品经理（生产制造场景）,上海,20-40k·14薪,20000.0,40000.0,不限,经验不限,0,20,某大型机械/设备公司,机械/设备,10000人以上,融资未公开,,,AI产品经理,,liepin,2026-07-22
AI产品经理（企业内部提效工具）,深圳,20-40k·14薪,20000.0,40000.0,不限,经验不限,0,20,某大型机械/设备公司,机械/设备,10000人以上,融资未公开,,,AI产品经理,,liepin,2026-07-22
AI产品经理（供应链/跨境业务方向）,上海,15-25k·14薪,15000.0,25000.0,本科,3年以上,3,99,某知名公司,金属制品,100-499人,,,,AI产品经理,,liepin,2026-07-22
AI产品经理,深圳,14-17k,14000.0,17000.0,大专,1-3年,1,3,某专业技术服务公司,专业技术服务,2000-5000人,,,,AI产品经理,,liepin,2026-07-22
AI产品经理（深圳）,深圳,30-35k,30000.0,35000.0,本科,1-3年,1,3,某国内大型电子/半导体/集成电路公司,电子/半导体/集成电路,10000人以上,融资未公开,,,AI产品经理,,liepin,2026-07-22
AI产品经理,深圳,25-35k·14薪,25000.0,35000.0,不限,5-10年,5,10,某国内大型专业技术服务公司,专业技术服务,10000人以上,融资未公开,,,AI产品经理,,liepin,2026-07-22
信息化AI产品经理,北京,35-55k·13薪,35000.0,55000.0,本科,5-10年,5,10,某上海知名计算机软件公司,计算机软件,100-499人,融资未公开,,,AI产品经理,,liepin,2026-07-22
AI产品经理,上海,35-40k·15薪,35000.0,40000.0,本科,3-5年,3,5,某国内大型电子/半导体/集成电路公司,电子/半导体/集成电路,10000人以上,融资未公开,,,AI产品经理,,liepin,2026-07-22
AI产品经理（AI产品专项负责人）,广州,25-40k,25000.0,40000.0,本科,3年以上,3,99,海大集团,农/林/牧/渔,周女士·人事行政总监,,,,AI产品经理,,liepin,2026-07-22
AI产品经理,上海,25-35k·14薪,25000.0,35000.0,不限,5-10年,5,10,某国内大型专业技术服务公司,专业技术服务,10000人以上,融资未公开,,,AI产品经理,,liepin,2026-07-22
AI产品经理,上海,25-35k·14薪,25000.0,35000.0,本科,3-5年,3,5,某国内知名公司,电子/半导体/集成电路,10000人以上,已上市,,,AI产品经理,,liepin,2026-07-22
AI产品经理（头部独角兽企业）,武汉,15-25k,15000.0,25000.0,本科,3-5年,3,5,沃丰科技,计算机软件,500-999人,C轮,,,AI产品经理,,liepin,2026-07-22
科技子公司-AI产品经理,上海,30-50k,30000.0,50000.0,本科,3-5年,3,5,某上海大型银行公司,银行,10000人以上,已上市,,,AI产品经理,,liepin,2026-07-22
AI产品经理,广州,15-20k,15000.0,20000.0,本科,经验不限,0,20,小鹏汽车,整车制造,10000人以上,,,,AI产品经理,,liepin,2026-07-22
基金-AI产品经理【陆家嘴职场，上市券商】,上海,25-35k·20薪,25000.0,35000.0,本科,5-10年,5,10,某大型基金/证券/期货公司,基金/证券/期货,5000-10000人,已上市,,,AI产品经理,,liepin,2026-07-22
Agent AI Product Manager（Agent AI 产品经理）,上海,30-60k·15薪,30000.0,60000.0,本科,3-6年,3,6,某上海制药上市公司,制药,5000-10000人,已上市,,,AI产品经理,,liepin,2026-07-22
AI产品经理（AI专项负责人）,广州,40-50k,40000.0,50000.0,本科,5-10年,5,10,某广州农林牧渔上市公司,农/林/牧/渔,10000人以上,已上市,,,AI产品经理,,liepin,2026-07-22
科技研发部-AI产品经理,上海,30-60k,30000.0,60000.0,本科,2年以上,2,99,某大型基金/证券/期货公司,基金/证券/期货,5000-10000人,已上市,,,AI产品经理,,liepin,2026-07-22
AI产品经理（电商行业）,长沙,25-40k·13薪,25000.0,40000.0,大专,5-10年,5,10,某长沙电子商务公司,电子商务,100-499人,,,,AI产品经理,,liepin,2026-07-22
法律ai产品经理,深圳,45-50k,45000.0,50000.0,本科,5-10年,5,10,某深圳知名公司,智能硬件/消费电子,10000人以上,C轮,,,AI产品经理,,liepin,2026-07-22
AI产品经理（苏州市人工智能有限公司）,苏州,15-20k,15000.0,20000.0,硕士,3年以上,3,99,苏州数智科技集团有限公司,云计算/大数据,100-499人,融资未公开,,,AI产品经理,,liepin,2026-07-22
AI产品经理（AI应用方向）(J12182),深圳,25-45k,25000.0,45000.0,本科,5-10年,5,10,深圳市晨北科技有限公司,智能硬件/消费电子,1000-2000人,不需要融资,,,AI产品经理,,liepin,2026-07-22
AI 产品经理,上海,20-30k·15薪,20000.0,30000.0,本科,经验不限,0,20,某知名公司,计算机软件,,,,,AI产品经理,,liepin,2026-07-22
AI产品经理（国企）,北京,25-40k,25000.0,40000.0,本科,5-10年,5,10,某北京IT服务上市公司,IT服务,1000-2000人,已上市,,,AI产品经理,,liepin,2026-07-22
AI产品经理（To B）,北京,70-100k·15薪,70000.0,100000.0,本科,3-10年,3,10,某大数据数字化平台公司,数据服务商,2000-5000人,,,,AI产品经理,,liepin,2026-07-22
【开平】AI产品经理,上海,30-50k,30000.0,50000.0,本科,5-10年,5,10,众安在线财产保险,互联网,2000-5000人,,,,AI产品经理,,liepin,2026-07-22
ai产品销售经理（工具）,北京,30-50k,30000.0,50000.0,大专,1年以上,1,99,某知名上市公司,电子商务,500-999人,已上市,,,AI产品经理,,liepin,2026-07-22
AI产品经理（机器人）,北京,40-60k·15薪,40000.0,60000.0,本科,3年以上,3,99,栖息地,智能硬件/消费电子,500-999人,A轮,,,AI产品经理,,liepin,2026-07-22
高级金融AI产品经理/Leader,深圳,30-60k·16薪,30000.0,60000.0,本科,5-10年,5,10,某世界500强上市公司,保险,10000人以上,已上市,,,AI产品经理,,liepin,2026-07-22
AI产品经理（国企）,北京,35-50k,35000.0,50000.0,本科,5-10年,5,10,某北京知名公司,IT服务,1000-2000人,已上市,,,AI产品经理,,liepin,2026-07-22
AI产品经理 - 教育方向,北京,40-60k·15薪,40000.0,60000.0,不限,3-5年,3,5,某知名公司,互联网,100-499人,,,,AI产品经理,,liepin,2026-07-22
AI产品经理,广州,18-25k,18000.0,25000.0,本科,5-10年,5,10,IT服务,500-999人,,,,,AI产品经理,,liepin,2026-07-22
AI产品经理（石化行业）(J10131),宁波,20-40k·14薪,20000.0,40000.0,本科,3-5年,3,5,和利时科技集团,工业自动化,5000-10000人,,,,AI产品经理,,liepin,2026-07-22
AI产品经理(J10287),杭州,15-25k,15000.0,25000.0,本科,5-10年,5,10,明度数智,IT服务,100-499人,C轮,,,AI产品经理,,liepin,2026-07-22
AI产品经理,深圳,35-60k,35000.0,60000.0,不限,1年以上,1,99,某深圳人工智能公司,人工智能,1-49人,天使轮,,,AI产品经理,,liepin,2026-07-22
AI产品经理,深圳,70-100k,70000.0,100000.0,本科,5-10年,5,10,某北京大型在线教育公司,在线教育,10000人以上,,,,AI产品经理,,liepin,2026-07-22
AI产品经理（AI Native 创新部）(A67326),北京,15-30k,15000.0,30000.0,本科,1-3年,1,3,北京猎户星空科技有限公司,人工智能,100-499人,B轮,,,AI产品经理,,liepin,2026-07-22
AI产品专家 / AI产品经理【大型科技集团】,北京,30-50k·17薪,30000.0,50000.0,本科,经验不限,0,20,某青岛知名上市公司,家电,500-999人,已上市,,,AI产品经理,,liepin,2026-07-22
AI产品经理-不设限-多大厂多hc，open聊，base北上杭深,北京,40-60k·16薪,40000.0,60000.0,本科,经验不限,0,20,某知名互联网公司,科技金融,10000人以上,已上市,,,AI产品经理,,liepin,2026-07-22
AI软件产品经理,深圳,30-45k·13薪,30000.0,45000.0,本科,5年以上,5,99,某深圳人工智能公司,人工智能,100-499人,B轮,,,AI产品经理,,liepin,2026-07-22
AI产品经理,北京,60-90k·14薪,60000.0,90000.0,本科,5-10年,5,10,某北京大型培训服务公司,培训服务,5000-10000人,,,,AI产品经理,,liepin,2026-07-22
AI产品经理（国央企）,北京,20-40k·13薪,20000.0,40000.0,硕士,3-5年,3,5,某北京知名上市公司,通信设备,5000-10000人,已上市,,,AI产品经理,,liepin,2026-07-22
AI产品经理 - ToB,上海,75-92k·15薪,75000.0,92000.0,不限,经验不限,0,20,Michael Page,人力资源服务,5000-10000人,,,,AI产品经理,,liepin,2026-07-22
AI产品经理（AI Coding公司）,北京,30-60k·15薪,30000.0,60000.0,本科,3-5年,3,5,千帆策略(北京)管理咨询有限公司,人力资源服务,郭先生·招聘负责人,,,,AI产品经理,,liepin,2026-07-22
B端/办公/展业-AI产品经理【上市券商，金桥金粤路】,上海,25-35k·20薪,25000.0,35000.0,本科,3-5年,3,5,某大型基金/证券/期货公司,基金/证券/期货,5000-10000人,已上市,,,AI产品经理,,liepin,2026-07-22
系统AI产品经理（AI OS Product Manager）,深圳,25-40k·14薪,25000.0,40000.0,本科,3年以上,3,99,深圳纳欣科技有限公司,智能硬件/消费电子,500-999人,,,,AI产品经理,,liepin,2026-07-22
AI产品经理/高级产品经理（TOB端）,上海,30-55k·15薪,30000.0,55000.0,本科,5-10年,5,10,某上海人工智能上市公司,人工智能,1000-2000人,已上市,,,AI产品经理,,liepin,2026-07-22
AI产品经理【B端产品经验优先】,上海,35-50k·16薪,35000.0,50000.0,本科,经验不限,0,20,某上海大型人工智能公司,人工智能,1000-2000人,已上市,,,AI产品经理,,liepin,2026-07-22
AI产品经理（跨境电商）,深圳,15-30k,15000.0,30000.0,本科,1年以上,1,99,伟跃电子商务,电子商务,100-499人,不需要融资,,,AI产品经理,,liepin,2026-07-22
AI产品经理（双休+餐补）,广州,16-25k,16000.0,25000.0,本科,3年以上,3,99,IT服务,500-999人,黄女士·人力资源专员,,,,AI产品经理,,liepin,2026-07-22
AI产品经理,深圳,12-18k,12000.0,18000.0,本科,3-5年,3,5,某人力资源服务上市公司,人力资源服务,2000-5000人,已上市,,,AI产品经理,,liepin,2026-07-22
移动-AI产品经理,上海,15-25k,15000.0,25000.0,本科,3-5年,3,5,某上海大型通信设备公司,通信设备,10000人以上,融资未公开,,,AI产品经理,,liepin,2026-07-22
AI 产品经理-ASR 方向,深圳,35-65k·15薪,35000.0,65000.0,本科,3-5年,3,5,某大型知名互联网公司,互联网,10000人以上,已上市,,,AI产品经理,,liepin,2026-07-22
AI产品经理,北京,30-60k,30000.0,60000.0,本科,经验不限,0,20,泰康科技有限公司,IT服务,叶女士·人力资源伙伴(HRBP),,,,AI产品经理,,liepin,2026-07-22
总公司-AI产品经理(J81906),北京,15-35k·14薪,15000.0,35000.0,硕士,3-5年,3,5,泰康养老保险股份有限公司,保险,10000人以上,,,,AI产品经理,,liepin,2026-07-22
AI产品经理(J19661),深圳,30-50k·14薪,30000.0,50000.0,本科,5-10年,5,10,传音控股,通信设备,10000人以上,,,,AI产品经理,,liepin,2026-07-22
AI产品经理/总监,上海,50-80k·15薪,50000.0,80000.0,本科,5-10年,5,10,钛动科技,互联网,500-999人,B轮,,,AI产品经理,,liepin,2026-07-22
AI产品经理(A108820),深圳,20-30k,20000.0,30000.0,本科,1-3年,1,3,零差云控(深圳)科技股份有限公司,电气机械/器材,100-499人,B轮,,,AI产品经理,,liepin,2026-07-22
AI产品经理（智能对话与AI员工）-抖音生活服务,北京,30-50k·15薪,30000.0,50000.0,本科,3年以上,3,99,字节跳动,互联网,10000人以上,,,,AI产品经理,,liepin,2026-07-22
AI产品经理（Agent方向）,北京,35-45k,35000.0,45000.0,本科,3年以上,3,99,理想汽车,整车制造,10000人以上,,,,AI产品经理,,liepin,2026-07-22
电商商家端AI产品经理,上海,40-70k·16薪,40000.0,70000.0,本科,5年以上,5,99,得物,互联网,10000人以上,,,,AI产品经理,,liepin,2026-07-22
AI产品经理（B端）-抖音生活服务,北京,30-60k·15薪,30000.0,60000.0,本科,2年以上,2,99,字节跳动,互联网,10000人以上,,,,AI产品经理,,liepin,2026-07-22
AI产品经理-AI教育工具,北京,25-45k·15薪,25000.0,45000.0,本科,2年以上,2,99,字节跳动,互联网,10000人以上,,,,AI产品经理,,liepin,2026-07-22
AI软件产品经理,深圳,25-40k·15薪,25000.0,40000.0,本科,3年以上,3,99,绿联科技,智能硬件/消费电子,2000-5000人,,,,AI产品经理,,liepin,2026-07-22
AI产品经理(J42524),青岛,20-40k,20000.0,40000.0,本科,2年以上,2,99,海信集团,家电,10000人以上,,,,AI产品经理,,liepin,2026-07-22
AI产品经理-AI创新业务,深圳,30-60k,30000.0,60000.0,本科,经验不限,0,20,字节跳动,互联网,10000人以上,,,,AI产品经理,,liepin,2026-07-22
AI产品经理（女性向游戏）,上海,30-60k·13薪,30000.0,60000.0,本科,1-3年,1,3,某上海互联网公司,互联网,50-99人,,,,AI产品经理,,liepin,2026-07-22
AI产品经理/总监,广州,60-90k·15薪,60000.0,90000.0,本科,5-10年,5,10,钛动科技,互联网,500-999人,B轮,,,AI产品经理,,liepin,2026-07-22
医疗AI产品经理（政府科研机构）,上海,40-70k,40000.0,70000.0,硕士,3-5年,3,5,某上海人工智能公司,人工智能,100-499人,,,,AI产品经理,,liepin,2026-07-22
AI产品经理,北京,20-30k·14薪,20000.0,30000.0,本科,3-5年,3,5,泰康在线财产保险股份有限公司,互联网,500-999人,,,,AI产品经理,,liepin,2026-07-22
急  AI产品经理,广州,17-20k,17000.0,20000.0,本科,3-5年,3,5,某上海互联网上市公司,互联网,100-499人,已上市,,,AI产品经理,,liepin,2026-07-22
AI产品经理(智能体),杭州,20-40k,20000.0,40000.0,本科,5-10年,5,10,某杭州知名公司,计算机软件,100-499人,B轮,,,AI产品经理,,liepin,2026-07-22
证券AI产品经理/专家,上海,28-40k·18薪,28000.0,40000.0,不限,3-5年,3,5,某国内基金/证券/投资上市公司,基金/证券/期货,2000-5000人,已上市,,,AI产品经理,,liepin,2026-07-22
AI 产品经理（Agent / Skill 方向）（可远程）,深圳,13-15k·14薪,13000.0,15000.0,本科,3-5年,3,5,奕罗思科技,科技推广服务,50-99人,不需要融资,,,AI产品经理,,liepin,2026-07-22
AI产品经理（AI应用，淀山湖）,苏州,40-65k·14薪,40000.0,65000.0,本科,5年以上,5,99,某上海航空/航天设备公司,航空/航天设备,500-999人,A轮,,,AI产品经理,,liepin,2026-07-22
AI产品经理（textin B端用户）,上海,30-40k·18薪,30000.0,40000.0,本科,5-10年,5,10,某上海大型人工智能公司,人工智能,1000-2000人,已上市,,,AI产品经理,,liepin,2026-07-22
Gen-AI产品经理,广州,15-30k·13薪,15000.0,30000.0,本科,1-3年,1,3,完美（中国）,日化,2000-5000人,,,,AI产品经理,,liepin,2026-07-22
远程AI产品经理,深圳,25-30k·13薪,25000.0,30000.0,大专,3-5年,3,5,某知名互联网公司,互联网,10000人以上,已上市,,,AI产品经理,,liepin,2026-07-22
(Sr.)Consultant-AI产品经理,北京,20-35k,20000.0,35000.0,本科,3年以上,3,99,德勤Deloitte,专业技术服务,10000人以上,,,,AI产品经理,,liepin,2026-07-22
AI产品经理（情绪价值场景方向）,上海,25-40k,25000.0,40000.0,本科,5年以上,5,99,某杭州整车制造上市公司,整车制造,10000人以上,已上市,,,AI产品经理,,liepin,2026-07-22
AI产品经理（金融业务Agent方向）,上海,30-60k,30000.0,60000.0,本科,2年以上,2,99,美团,生活服务,10000人以上,,,,AI产品经理,,liepin,2026-07-22
AI产品经理（1-3年经验）,杭州,20-30k,20000.0,30000.0,本科,1-3年,1,3,杭州昊晟投资管理有限公司,科技金融,50-99人,,,,AI产品经理,,liepin,2026-07-22
AI产品经理,广州,25-35k,25000.0,35000.0,本科,5-10年,5,10,某广州互联网公司,互联网,1-49人,,,,AI产品经理,,liepin,2026-07-22
AI产品经理-AI创新业务,北京,30-60k,30000.0,60000.0,本科,经验不限,0,20,字节跳动,互联网,10000人以上,,,,AI产品经理,,liepin,2026-07-22
AI产品经理（上市公司+To B方向）,广州,15-22k,15000.0,22000.0,本科,3-5年,3,5,某上海互联网上市公司,互联网,100-499人,已上市,,,AI产品经理,,liepin,2026-07-22
数字化BP（AI产品经理方向）,北京,25-35k·14薪,25000.0,35000.0,本科,3-5年,3,5,康比特,食品/饮料/酒水,黄女士·人力资源专员/助理,,,,AI产品经理,,liepin,2026-07-22
AI产品经理（远程居家办公）,上海,40-60k,40000.0,60000.0,本科,5-10年,5,10,某深圳互联网公司,互联网,1-49人,,,,AI产品经理,,liepin,2026-07-22
高级AI产品经理（AI BOX）,深圳,15-30k·13薪,15000.0,30000.0,本科,4年以上,4,99,禾苗通信,电子/通信/半导体,1000-2000人,,,,AI产品经理,,liepin,2026-07-22
AI 产品经理（智能营销 / AI Agent方向）,深圳,20-30k·15薪,20000.0,30000.0,本科,3-5年,3,5,xTool,智能硬件/消费电子,1000-2000人,C轮,,,AI产品经理,,liepin,2026-07-22
【红杉成员企业】医疗数据AI产品经理,北京,薪资面议,,,本科,3-5年,3,5,红杉中国,基金/证券/期货,100-499人,,,,AI产品经理,,liepin,2026-07-22
医生端AI产品经理,上海,50-80k·16薪,50000.0,80000.0,本科,5-10年,5,10,某上海知名医疗器械公司,医疗器械,50-99人,,,,AI产品经理,,liepin,2026-07-22
AI 产品经理,深圳,35-50k·14薪,35000.0,50000.0,不限,3-5年,3,5,某深圳大型计算机硬件公司,电子/半导体/集成电路,2000-5000人,融资未公开,,,AI产品经理,,liepin,2026-07-22
AI产品经理（核赔 AI Agent 方向）,深圳,30-40k·15薪,30000.0,40000.0,本科,3-5年,3,5,某深圳计算机软件公司,计算机软件,2000-5000人,战略融资,,,AI产品经理,,liepin,2026-07-22
高级AI产品经理,深圳,25-40k·14薪,25000.0,40000.0,本科,1-3年,1,3,某深圳大型电子/半导体/集成电路公司,电子/半导体/集成电路,2000-5000人,融资未公开,,,AI产品经理,,liepin,2026-07-22
信息化AI产品经理,上海,30-50k·15薪,30000.0,50000.0,本科,3-5年,3,5,某上海知名计算机软件公司,计算机软件,100-499人,融资未公开,,,AI产品经理,,liepin,2026-07-22
AI产品经理,广州,30-50k·24薪,30000.0,50000.0,不限,2-10年,2,10,某大型基金/证券/期货公司,基金/证券/期货,500-999人,战略融资,,,AI产品经理,,liepin,2026-07-22
医疗AI产品经理,杭州,15-30k,15000.0,30000.0,本科,3-5年,3,5,知名互联网医疗公司,保险,2000-5000人,,,,AI产品经理,,liepin,2026-07-22
AI产品经理（通信服务方向）,深圳,15-30k,15000.0,30000.0,本科,1-3年,1,3,大众通信,运营商/增值服务,50-99人,,,,AI产品经理,,liepin,2026-07-22
AI产品经理（Marketing方向AI PO）,上海,30-60k·16薪,30000.0,60000.0,本科,5年以上,5,99,某上海大型日化公司,日化,5000-10000人,不需要融资,,,AI产品经理,,liepin,2026-07-22
AI产品经理（J10040）,深圳,薪资面议,,,本科,3-5年,3,5,招商基金,资产管理,100-499人,,,,AI产品经理,,liepin,2026-07-22
AI产品经理（1-2年经验）,深圳,12-15k·16薪,12000.0,15000.0,本科,1-3年,1,3,金融壹账通,科技金融,2000-5000人,,,,AI产品经理,,liepin,2026-07-22
AI产品经理,北京,45-75k·15薪,45000.0,75000.0,本科,经验不限,0,20,某北京大型人工智能公司,人工智能,1000-2000人,已上市,,,AI产品经理,,liepin,2026-07-22
AI产品经理（AI产品专项负责人）,广州,25-35k,25000.0,35000.0,本科,5-10年,5,10,某广州农林牧渔上市公司,农/林/牧/渔,10000人以上,已上市,,,AI产品经理,,liepin,2026-07-22
AI产品经理（国企）,上海,30-45k·17薪,30000.0,45000.0,本科,7年以上,7,99,某上海大型保险公司,保险,1000-2000人,,,,AI产品经理,,liepin,2026-07-22
作业帮直签AI产品经理,北京,40-70k·15薪,40000.0,70000.0,不限,5-10年,5,10,某北京大型培训服务公司,培训服务,5000-10000人,,,,AI产品经理,,liepin,2026-07-22
AI产品经理（平台迭代 & 运营赋能）,广州,12-25k,12000.0,25000.0,本科,3-10年,3,10,彩讯科技股份有限公司,计算机软件,2000-5000人,,,,AI产品经理,,liepin,2026-07-22
AI软件产品经理,青岛,30-60k·13薪,30000.0,60000.0,本科,5年以上,5,99,海信视像科技,互联网,10000人以上,已上市,,,AI产品经理,,liepin,2026-07-22
AI产品经理（全国出差）,苏州,12-20k,12000.0,20000.0,本科,3-5年,3,5,盟拓数字科技,计算机软件,500-999人,,,,AI产品经理,,liepin,2026-07-22
AI产品经理-90M0151481,武汉,35-50k,35000.0,50000.0,本科,3-5年,3,5,某北京大型保险公司,保险,500-999人,天使轮,,,AI产品经理,,liepin,2026-07-22
AI 产品经理（能源智能化）(A44870),上海,30-50k·13薪,30000.0,50000.0,本科,5年以上,5,99,NIO蔚来,新能源汽车,10000人以上,,,,AI产品经理,,liepin,2026-07-22
AI产品经理（智能体）,成都,18-28k,18000.0,28000.0,本科,2-4年,2,4,四川川能智网实业有限公司,电力/热力/燃气/水务,100-499人,战略融资,,,AI产品经理,,liepin,2026-07-22
AI产品经理（AI医疗）,深圳,20-35k·16薪,20000.0,35000.0,本科,1-3年,1,3,某知名公司,装饰装修,500-999人,,,,AI产品经理,,liepin,2026-07-22
AI产品经理,广州,30-50k,30000.0,50000.0,本科,4-10年,4,10,某广州农林牧渔上市公司,农/林/牧/渔,10000人以上,已上市,,,AI产品经理,,liepin,2026-07-22
高级AI产品经理,广州,20-35k,20000.0,35000.0,本科,5年以上,5,99,大旗财税,财务/审计/税务,100-499人,,,,AI产品经理,,liepin,2026-07-22
AI 产品经理,深圳,20-25k,20000.0,25000.0,本科,3-5年,3,5,某深圳互联网医疗上市公司,互联网医疗,2000-5000人,已上市,,,AI产品经理,,liepin,2026-07-22
AI产品经理,上海,28-55k,28000.0,55000.0,大专,经验不限,0,20,高手脉,电子商务,1000-2000人,,,,AI产品经理,,liepin,2026-07-22
AI产品经理(A107756),上海,20-25k·13薪,20000.0,25000.0,本科,5年以上,5,99,上海链接者集团有限公司,贸易/进出口,100-499人,融资未公开,,,AI产品经理,,liepin,2026-07-22
AI 产品经理（薪资天花板，弹性入职窗口）,上海,40-70k,40000.0,70000.0,本科,3-5年,3,5,某知名计算机软件公司,计算机软件,100-499人,融资未公开,,,AI产品经理,,liepin,2026-07-22
AI产品经理（智能对话与AI员工）-抖音生活服务,上海,30-50k·15薪,30000.0,50000.0,本科,3年以上,3,99,字节跳动,互联网,10000人以上,,,,AI产品经理,,liepin,2026-07-22
AI产品经理,广州,15-25k·13薪,15000.0,25000.0,大专,3-5年,3,5,某广州大型医疗器械公司,医疗器械,5000-10000人,不需要融资,,,AI产品经理,,liepin,2026-07-22
AI产品经理-Trae,上海,40-70k·18薪,40000.0,70000.0,本科,3年以上,3,99,字节跳动,互联网,祝女士·人事专员,,,,AI产品经理,,liepin,2026-07-22
投顾-AI产品经理【金桥金粤路职场，上市券商】,上海,25-35k·20薪,25000.0,35000.0,本科,5-10年,5,10,某大型基金/证券/期货公司,基金/证券/期货,5000-10000人,已上市,,,AI产品经理,,liepin,2026-07-22
AI产品经理(J12969),广州,20-30k·15薪,20000.0,30000.0,本科,5年以上,5,99,维达纸业,食品/饮料/酒水,5000-10000人,,,,AI产品经理,,liepin,2026-07-22
AI产品经理（深圳/北京/上海）,深圳,20-50k,20000.0,50000.0,本科,5-10年,5,10,字节跳动,互联网,10000人以上,,,,AI产品经理,,liepin,2026-07-22
AI产品经理 稳定国企 朝阳行业,上海,40-60k·15薪,40000.0,60000.0,不限,5-10年,5,10,某上海世界500强公司,保险,1000-2000人,已上市,,,AI产品经理,,liepin,2026-07-22
AI产品经理,北京,40-60k,40000.0,60000.0,本科,3-5年,3,5,某北京银行上市公司,银行,10000人以上,已上市,,,AI产品经理,,liepin,2026-07-22
医疗AI产品经理,上海,50-60k,50000.0,60000.0,本科,5-10年,5,10,某上海人工智能公司,人工智能,100-499人,,,,AI产品经理,,liepin,2026-07-22
AI产品经理/AI产品PMO,深圳,20-35k·18薪,20000.0,35000.0,本科,3-5年,3,5,某深圳保险上市公司,保险,10000人以上,已上市,,,AI产品经理,,liepin,2026-07-22
高级AI产品经理,上海,30-40k,30000.0,40000.0,本科,5-10年,5,10,上海奕供网络科技有限公司,互联网,1-49人,,,,AI产品经理,,liepin,2026-07-22
AI产品经理（互联网方向）,上海,25-40k·16薪,25000.0,40000.0,本科,5-10年,5,10,某上海大型保险公司,保险,1000-2000人,,,,AI产品经理,,liepin,2026-07-22
AI产品经理,上海,28-55k·15薪,28000.0,55000.0,本科,1-3年,1,3,某知名公司,科技推广服务,,天使轮,,,AI产品经理,,liepin,2026-07-22
AI产品经理（情绪价值场景方向）,上海,25-40k·15薪,25000.0,40000.0,本科,3-5年,3,5,某杭州大型整车制造公司,整车制造,10000人以上,已上市,,,AI产品经理,,liepin,2026-07-22
AI 产品经理（⽣物科技AI解决⽅案⽅向）,南京,30-50k,30000.0,50000.0,硕士,3-5年,3,5,某知名上市公司,制药,5000-10000人,已上市,,,AI产品经理,,liepin,2026-07-22
数学竞赛AI产品经理,北京,20-35k,20000.0,35000.0,本科,2-6年,2,6,环纳教育科技(上海)有限公司,其他教育培训,50-99人,A轮,,,AI产品经理,,liepin,2026-07-22
信息化AI产品经理,上海,20-35k·16薪,20000.0,35000.0,本科,5-10年,5,10,某知名公司,计算机软件,100-499人,融资未公开,,,AI产品经理,,liepin,2026-07-22
AI产品销售经理,深圳,20-25k,20000.0,25000.0,本科,3年以上,3,99,某成都大型机械/设备公司,机械/设备,100-499人,融资未公开,,,AI产品经理,,liepin,2026-07-22
AI产品经理,北京,40-70k·15薪,40000.0,70000.0,本科,2年以上,2,99,栖息地,智能硬件/消费电子,500-999人,A轮,,,AI产品经理,,liepin,2026-07-22
座舱AI产品经理,北京,30-50k·17薪,30000.0,50000.0,本科,5-10年,5,10,某国内大型整车制造公司,整车制造,10000人以上,融资未公开,,,AI产品经理,,liepin,2026-07-22
AI产品经理-物流行业,上海,35-55k·14薪,35000.0,55000.0,本科,5-10年,5,10,某知名货运/物流/仓储上市公司,货运/物流/仓储,10000人以上,已上市,,,AI产品经理,,liepin,2026-07-22
AI产品经理（全局记忆/搜索推荐方向）,深圳,25-45k·14薪,25000.0,45000.0,本科,3年以上,3,99,绿联科技,智能硬件/消费电子,2000-5000人,,,,AI产品经理,,liepin,2026-07-22
AI产品经理专家,深圳,30-50k·24薪,30000.0,50000.0,不限,3-10年,3,10,某深圳大型基金/证券/期货公司,基金/证券/期货,500-999人,战略融资,,,AI产品经理,,liepin,2026-07-22
初级AI产品经理,深圳,15-25k,15000.0,25000.0,本科,2年以上,2,99,某北京互联网上市公司,计算机软件,10000人以上,已上市,,,AI产品经理,,liepin,2026-07-22
AI产品经理,合肥,20-30k·14薪,20000.0,30000.0,本科,3-5年,3,5,合肥讯飞数码科技有限公司,人工智能,500-999人,,,,AI产品经理,,liepin,2026-07-22
AI产品经理（政企北京）,北京,35-65k·15薪,35000.0,65000.0,硕士,3-5年,3,5,某北京大型通信设备公司,通信设备,500-999人,融资未公开,,,AI产品经理,,liepin,2026-07-22
AI产品经理（Agent）,北京,20-40k,20000.0,40000.0,本科,3-5年,3,5,西安腾为计算机系统有限责任公司,互联网,100-499人,,,,AI产品经理,,liepin,2026-07-22
AI产品经理,深圳,30-50k·13薪,30000.0,50000.0,本科,经验不限,0,20,某国内大型电子/半导体/集成电路公司,电子/半导体/集成电路,10000人以上,融资未公开,,,AI产品经理,,liepin,2026-07-22
Consultant-AI产品经理,上海,15-25k,15000.0,25000.0,本科,3-10年,3,10,德勤Deloitte,专业技术服务,10000人以上,,,,AI产品经理,,liepin,2026-07-22
AI产品经理（国企）,武汉,15-25k,15000.0,25000.0,本科,1-3年,1,3,某武汉大型通信设备公司,通信设备,5000-10000人,融资未公开,,,AI产品经理,,liepin,2026-07-22
AI产品经理（工业AI方向）,深圳,30-50k·14薪,30000.0,50000.0,本科,3年以上,3,99,计算机软件,50-99人,,,,,AI产品经理,,liepin,2026-07-22
ai产品经理,杭州,20-40k·16薪,20000.0,40000.0,本科,1-3年,1,3,阿里巴巴集团,互联网,10000人以上,,,,AI产品经理,,liepin,2026-07-22
AI产品经理,上海,25-35k·13薪,25000.0,35000.0,硕士,经验不限,0,20,普兰金融,基金/证券/期货,100-499人,,,,AI产品经理,,liepin,2026-07-22
智能客服AI产品经理,深圳,20-40k·15薪,20000.0,40000.0,本科,2-7年,2,7,荣耀终端股份有限公司,通信设备,10000人以上,,,,AI产品经理,,liepin,2026-07-22
AI产品经理（内部流程AI赋能方向）,武汉,20-40k,20000.0,40000.0,不限,3-5年,3,5,某知名公司,其他金融,100-499人,,,,AI产品经理,,liepin,2026-07-22
AI产品经理,杭州,20-40k,20000.0,40000.0,本科,2年以上,2,99,英灵殿科技(杭州)有限公司,AI/互联网/IT,1-49人,天使轮,,,AI产品经理,,liepin,2026-07-22
AI产品经理（AI营销/合规）,上海,30-60k,30000.0,60000.0,本科,3年以上,3,99,上海海能证券投资顾问有限公司,基金/证券/期货,500-999人,,,,AI产品经理,,liepin,2026-07-22
AI产品经理,成都,20-30k,20000.0,30000.0,本科,3年以上,3,99,中电金信,计算机软件,10000人以上,不需要融资,,,AI产品经理,,liepin,2026-07-22
AI产品经理(J11517),上海,薪资面议,,,本科,3-5年,3,5,上海君实生物医药科技股份有限公司,制药,2000-5000人,,,,AI产品经理,,liepin,2026-07-22
AI产品经理（专项负责人）,广州,25-35k,25000.0,35000.0,本科,3-5年,3,5,某广州农林牧渔上市公司,农/林/牧/渔,10000人以上,已上市,,,AI产品经理,,liepin,2026-07-22
AI产品经理（J10950）,厦门,10-20k·13薪,10000.0,20000.0,本科,1年以上,1,99,中达集团,电子商务,100-499人,,,,AI产品经理,,liepin,2026-07-22
AI产品经理（研究应用）,上海,15-40k·14薪,15000.0,40000.0,本科,1-3年,1,3,上海洛维星商务咨询有限公司,专业技术服务,1-49人,,,,AI产品经理,,liepin,2026-07-22
AI软件产品经理,深圳,40-70k,40000.0,70000.0,本科,5-10年,5,10,某知名互联网公司,互联网,100-499人,,,,AI产品经理,,liepin,2026-07-22
人工智能产品经理,北京,25-35k,25000.0,35000.0,本科,5-10年,5,10,某北京广播/影视/录音公司,广播/影视/录音,100-499人,融资未公开,,,AI产品经理,,liepin,2026-07-22
AI产品经理（HR向）,重庆,18-28k·14薪,18000.0,28000.0,本科,3年以上,3,99,重庆信盟科技发展有限公司,科技金融,5000-10000人,,,,AI产品经理,,liepin,2026-07-22
AI产品经理,广州,40-55k·15薪,40000.0,55000.0,硕士,1-3年,1,3,某国内大型基金/证券/期货公司,基金/证券/期货,500-999人,A轮,,,AI产品经理,,liepin,2026-07-22
AI产品经理-用户体验方向,深圳,30-60k·15薪,30000.0,60000.0,不限,5年以上,5,99,某深圳电子商务公司,电子商务,50-99人,,,,AI产品经理,,liepin,2026-07-22
AI产品经理(J26156),上海,15-25k,15000.0,25000.0,本科,1-3年,1,3,旺旺集团,食品/饮料/酒水,10000人以上,,,,AI产品经理,,liepin,2026-07-22
AI产品经理（行业智能体）,杭州,30-50k,30000.0,50000.0,不限,经验不限,0,20,某杭州云计算/大数据公司,云计算/大数据,50-99人,,,,AI产品经理,,liepin,2026-07-22
AI产品经理（央企）,石家庄,15-25k,15000.0,25000.0,本科,5年以上,5,99,知名央企产业互联网公司,互联网/电商,100-499人,,,,AI产品经理,,liepin,2026-07-22
AI产品经理（金融业务Agent方向）,北京,30-60k,30000.0,60000.0,本科,2年以上,2,99,美团,生活服务,10000人以上,,,,AI产品经理,,liepin,2026-07-22
管理咨询经理 （AI产品经理方向）,上海,薪资面议,,,本科,8年以上,8,99,凯捷咨询(中国)有限公司,IT服务,5000-10000人,,,,AI产品经理,,liepin,2026-07-22
AI产品经理/解决方案类/应用开发(国企6险2金),北京,30-60k,30000.0,60000.0,本科,7年以上,7,99,某北京大型计算机软件公司,计算机软件,2000-5000人,融资未公开,,,AI产品经理,,liepin,2026-07-22
患者端AI产品经理,上海,50-80k,50000.0,80000.0,本科,5-10年,5,10,某上海知名医疗器械公司,医疗器械,50-99人,,,,AI产品经理,,liepin,2026-07-22
AI产品经理,贵阳,20-35k,20000.0,35000.0,本科,3-5年,3,5,贵州一树药业股份有限公司,批发/零售,5000-10000人,,,,AI产品经理,,liepin,2026-07-22
Ai产品经理  GEO建设方向,上海,45-70k·13薪,45000.0,70000.0,硕士,3-5年,3,5,某上海基金/证券/期货上市公司,基金/证券/期货,10000人以上,已上市,,,AI产品经理,,liepin,2026-07-22
AI产品经理-AI应用体验方向,深圳,30-60k·14薪,30000.0,60000.0,本科,3-5年,3,5,某大型知名互联网公司,互联网,10000人以上,已上市,,,AI产品经理,,liepin,2026-07-22
资深AI产品经理,上海,50-60k·15薪,50000.0,60000.0,本科,7年以上,7,99,某知名公司,科技推广服务,,,,,AI产品经理,,liepin,2026-07-22
AI产品经理 总监,成都,15-30k·14薪,15000.0,30000.0,本科,3年以上,3,99,某成都知名公司,计算机软件,100-499人,战略融资,,,AI产品经理,,liepin,2026-07-22
AI产品经理,杭州,45-65k·15薪,45000.0,65000.0,本科,5-10年,5,10,某杭州知名计算机软件公司,计算机软件,10000人以上,,,,AI产品经理,,liepin,2026-07-22
P8 信贷 AI产品经理团队负责人,上海,60-90k·16薪,60000.0,90000.0,本科,5-7年,5,7,某杭州互联网/电商上市公司,科技金融,10000人以上,已上市,,,AI产品经理,,liepin,2026-07-22
AI软件产品经理AI产品需求设计经历RAG数据库分析,上海,15-20k·13薪,15000.0,20000.0,本科,3-5年,3,5,某上海计算机软件公司,计算机软件,50-99人,融资未公开,,RAG,AI产品经理,,liepin,2026-07-22
AI产品经理（3-5年，银行经验）,深圳,15-25k·15薪,15000.0,25000.0,本科,3-5年,3,5,金融壹账通,科技金融,2000-5000人,,,,AI产品经理,,liepin,2026-07-22
公司直属-AI产品经理,上海,25-35k·20薪,25000.0,35000.0,本科,3-10年,3,10,国金证券,基金/证券/期货,5000-10000人,,,,AI产品经理,,liepin,2026-07-22
AI产品经理 （market方向，英文好）,上海,35-45k·14薪,35000.0,45000.0,不限,5-7年,5,7,某上海大型日化公司,日化,10000人以上,融资未公开,,,AI产品经理,,liepin,2026-07-22
AI产品经理（情绪智能/陪伴机器人）,深圳,30-45k·15薪,30000.0,45000.0,本科,3-5年,3,5,某北京专业技术服务公司,专业技术服务,1-49人,,,,AI产品经理,,liepin,2026-07-22
AI产品经理（AI研究、原型与应用）,北京,薪资面议,,,本科,7年以上,7,99,碧艾吉,计算机软件,陈女士·人事,融资未公开,,,AI产品经理,,liepin,2026-07-22
AI产品经理(J14889),北京,20-40k,20000.0,40000.0,本科,3年以上,3,99,北京万联智链科技有限公司,互联网,5000-10000人,,,,AI产品经理,,liepin,2026-07-22
base全国ai产品销售经理,重庆,20-25k,20000.0,25000.0,大专,经验不限,0,20,某知名上市公司,电子商务,500-999人,已上市,,,AI产品经理,,liepin,2026-07-22
AI产品经理,合肥,25-45k·14薪,25000.0,45000.0,本科,5-10年,5,10,上市家居公司,家具/家电,5000-10000人,已上市,,,AI产品经理,,liepin,2026-07-22
AI 产品经理,北京,40-70k·15薪,40000.0,70000.0,本科,5-10年,5,10,某北京计算机软件公司,计算机软件,100-499人,B轮,,,AI产品经理,,liepin,2026-07-22
AI产品经理（C端）,广州,45-65k·15薪,45000.0,65000.0,本科,5-10年,5,10,某深圳互联网上市公司,互联网,10000人以上,已上市,,,AI产品经理,,liepin,2026-07-22
AI软件产品经理（智慧工地、公路养护、政务数据）,银川,13-17k,13000.0,17000.0,本科,3-5年,3,5,某国内计算机软件公司,计算机软件,50-99人,,,,AI产品经理,,liepin,2026-07-22
（大厂）AI产品经理-ASR方向,深圳,60-80k,60000.0,80000.0,不限,5-10年,5,10,某大型知名互联网公司,互联网,10000人以上,已上市,,,AI产品经理,,liepin,2026-07-22
AI软件产品经理,北京,35-40k·14薪,35000.0,40000.0,本科,5-10年,5,10,某合肥互联网上市公司,计算机软件,10000人以上,已上市,,,AI产品经理,,liepin,2026-07-22
AI产品经理,深圳,40-60k·14薪,40000.0,60000.0,本科,5-10年,5,10,某深圳知名公司,电子/半导体/集成电路,2000-5000人,融资未公开,,,AI产品经理,,liepin,2026-07-22
AI 产品经理（Agent开发应用方向）,北京,35-50k,35000.0,50000.0,本科,3-5年,3,5,某知名公司,IT服务,50-99人,,,,AI产品经理,,liepin,2026-07-22
